fips,name,state,counties,google_place_id
00065,Adak,AK,02016,
00650,Akhiok,AK,02150,
00760,Akiachak,AK,02050,
00870,Akiak,AK,02050,
01090,Akutan,AK,02013,
01200,Alakanuk,AK,02158,
01305,Alatna,AK,02290,
01390,Alcan Border,AK,02240,
01420,Aleknagik,AK,02070,
01560,Aleneva,AK,02150,
01860,Allakaket,AK,02290,
01970,Ambler,AK,02188,
02080,Anaktuvuk Pass,AK,02185,
03000,Anchorage,AK,02020,
03110,Anchor Point,AK,02122,
03220,Anderson,AK,02068,
03440,Angoon,AK,02105,
03550,Aniak,AK,02050,
03880,Anvik,AK,02290,
03990,Arctic Village,AK,02290,
04210,Atka,AK,02016,
04430,Atmautluak,AK,02050,
04500,Atqasuk,AK,02185,
04670,Attu Station,AK,02016,
05000,Badger,AK,02090,
05585,Bear Creek,AK,02122,
05750,Beaver,AK,02290,
06245,Beluga,AK,02122,
06520,Bethel,AK,02050,
06630,Bettles,AK,02290,
06850,Big Delta,AK,02240,
07070,Big Lake,AK,02170,
07620,Birch Creek,AK,02290,
08740,Brevig Mission,AK,02180,
09600,Buckland,AK,02188,
09657,Buffalo Soapstone,AK,02170,
09710,Butte,AK,02170,
10150,Cantwell,AK,02068,
11690,Central,AK,02290,
11800,Chalkyitsik,AK,02290,
12350,Chase,AK,02170,
12680,Chefornak,AK,02050,
12920,Chena Ridge,AK,02090,
12970,Chenega,AK,02063,
13230,Chevak,AK,02158,
13340,Chickaloon,AK,02170,
13450,Chicken,AK,02240,
13550,Chignik,AK,02164,
13670,Chignik Lagoon,AK,02164,
13780,Chignik Lake,AK,02164,
13860,Chiniak,AK,02150,
13890,Chisana,AK,02066,
14000,Chistochina,AK,02066,
14110,Chitina,AK,02066,
14330,Chuathbaluk,AK,02050,
14880,Circle,AK,02290,
15320,Clam Gulch,AK,02122,
15430,Clark's Point,AK,02070,
16360,Coffman Cove,AK,02198,
16420,Cohoe,AK,02122,
16530,Cold Bay,AK,02013,
16630,Coldfoot,AK,02290,
16750,College,AK,02090,
17190,Cooper Landing,AK,02122,
17300,Copper Center,AK,02066,
17410,Cordova,AK,02063,
17670,Covenant Life,AK,02100,
17740,Craig,AK,02198,
17850,Crooked Creek,AK,02050,
17960,Crown Point,AK,02122,
18510,Deering,AK,02188,
18620,Delta Junction,AK,02240,
18675,Deltana,AK,02240,
18805,Denali Park,AK,02068,
18925,Diamond Ridge,AK,02122,
18950,Dillingham,AK,02070,
19060,Diomede,AK,02180,
19720,Dot Lake,AK,02240,
19750,Dot Lake Village,AK,02240,
20020,Dry Creek,AK,02240,
20380,Eagle,AK,02240,
20600,Eagle Village,AK,02240,
20716,Eareckson Station,AK,02016,
20970,Edna Bay,AK,02198,
21040,Eek,AK,02050,
21150,Egegik,AK,02164,
21370,Eielson AFB,AK,02090,
21810,Ekwok,AK,02070,
22140,Elfin Cove,AK,02105,
22250,Elim,AK,02180,
22910,Emmonak,AK,02158,
23460,Ester,AK,02090,
23720,Eureka Roadhouse,AK,02170,
23790,Evansville,AK,02290,
23900,Excursion Inlet,AK,02100,
24230,Fairbanks,AK,02090,
24660,False Pass,AK,02013,
24980,Farmers Loop,AK,02090,
25000,Farm Loop,AK,02170,
25220,Ferry,AK,02068,
25550,Fishhook,AK,02170,
25880,Flat,AK,02290,
26100,Fort Greely,AK,02240,
26760,Fort Yukon,AK,02290,
26835,Four Mile Road,AK,02290,
26870,Fox,AK,02090,
26910,Fox River,AK,02122,
27090,Fritz Creek,AK,02122,
27145,Funny River,AK,02122,
27420,Gakona,AK,02066,
27530,Galena,AK,02290,
27640,Gambell,AK,02180,
27700,Game Creek,AK,02105,
28200,Gateway,AK,02170,
28590,Glacier View,AK,02170,
28740,Glennallen,AK,02066,
29130,Goldstream,AK,02090,
29180,Golovin,AK,02180,
29290,Goodnews Bay,AK,02050,
30060,Grayling,AK,02290,
30500,Gulkana,AK,02066,
30940,Gustavus,AK,02105,
31050,Haines,AK,02100,
31270,Halibut Cove,AK,02122,
31710,Happy Valley,AK,02122,
31765,Harding-Birch Lakes,AK,02090,
32150,Healy,AK,02068,
32310,Healy Lake,AK,02240,
32550,Hobart Bay,AK,02195,
32810,Hollis,AK,02198,
33030,Holy Cross,AK,02290,
33140,Homer,AK,02122,
33360,Hoonah,AK,02105,
33470,Hooper Bay,AK,02158,
33580,Hope,AK,02122,
33800,Houston,AK,02170,
33910,Hughes,AK,02290,
34350,Huslia,AK,02290,
34460,Hydaburg,AK,02198,
34570,Hyder,AK,02198,
34790,Igiugig,AK,02164,
35120,Iliamna,AK,02164,
35890,Ivanof Bay,AK,02164,
36400,Juneau,AK,02110,
36540,Kachemak,AK,02122,
36770,Kake,AK,02198,
36990,Kaktovik,AK,02185,
37250,Kalifornsky,AK,02122,
37430,Kaltag,AK,02290,
37540,Karluk,AK,02150,
37650,Kasaan,AK,02198,
37975,Kasigluk,AK,02050,
38090,Kasilof,AK,02122,
38420,Kenai,AK,02122,
38910,Kenny Lake,AK,02066,
38970,Ketchikan,AK,02130,
39300,Kiana,AK,02188,
39410,King Cove,AK,02013,
39630,King Salmon,AK,02060,
39740,Kipnuk,AK,02050,
39960,Kivalina,AK,02188,
40400,Klawock,AK,02198,
40510,Klukwan,AK,02105,
40645,Knik-Fairview,AK,02170,
40670,Knik River,AK,02170,
40840,Kobuk,AK,02188,
40950,Kodiak,AK,02150,
41210,Kodiak Station,AK,02150,
41280,Kokhanok,AK,02164,
41500,Koliganek,AK,02070,
41610,Kongiganak,AK,02050,
41720,Kotlik,AK,02158,
41830,Kotzebue,AK,02188,
41940,Koyuk,AK,02180,
42050,Koyukuk,AK,02290,
42160,Kupreanof,AK,02195,
42380,Kwethluk,AK,02050,
42490,Kwigillingok,AK,02050,
42805,Lake Louise,AK,02170,
42820,Lake Minchumina,AK,02290,
43040,Larsen Bay,AK,02150,
43260,Lazy Mountain,AK,02170,
43810,Levelock,AK,02164,
44030,Lime Village,AK,02050,
44580,Livengood,AK,02290,
45020,Loring,AK,02130,
45295,Lowell Point,AK,02122,
45460,Lower Kalskag,AK,02050,
45700,Lutak,AK,02100,
45790,McCarthy,AK,02066,
46010,McGrath,AK,02290,
46780,Manley Hot Springs,AK,02290,
46890,Manokotak,AK,02070,
47000,Marshall,AK,02158,
47735,Meadow Lakes,AK,02170,
47990,Mekoryuk,AK,02050,
48200,Mendeltna,AK,02066,
48540,Mentasta Lake,AK,02066,
48590,Mertarvik,AK,02050,
48870,Metlakatla,AK,02198,
49200,Mill Bay,AK,02150,
49530,Minto,AK,02290,
50080,Moose Creek,AK,02090,
50190,Moose Pass,AK,02122,
50800,Mosquito Lake,AK,02100,
51180,Mountain Village,AK,02158,
51455,Mud Bay,AK,02100,
51960,Nabesna,AK,02066,
52060,Naknek,AK,02060,
52210,Nanwalek,AK,02122,
52390,Napakiak,AK,02050,
52720,Napaskiak,AK,02050,
52845,Naukati Bay,AK,02198,
52915,Nelchina,AK,02066,
52940,Nelson Lagoon,AK,02013,
53050,Nenana,AK,02290,
53270,Newhalen,AK,02164,
53710,New Stuyahok,AK,02070,
53820,Newtok,AK,02050,
53930,Nightmute,AK,02050,
54050,Nikiski,AK,02122,
54085,Nikolaevsk,AK,02122,
54150,Nikolai,AK,02290,
54260,Nikolski,AK,02016,
54480,Ninilchik,AK,02122,
54700,Noatak,AK,02188,
54920,Nome,AK,02180,
55030,Nondalton,AK,02164,
55140,Noorvik,AK,02188,
55745,North Lakes,AK,02170,
55910,North Pole,AK,02090,
56220,Northway,AK,02240,
56320,Nuiqsut,AK,02185,
56350,Nulato,AK,02290,
56600,Nunam Iqua,AK,02158,
56680,Nunapitchuk,AK,02050,
57340,Old Harbor,AK,02150,
58330,Oscarville,AK,02050,
58550,Ouzinkie,AK,02150,
58660,Palmer,AK,02170,
59320,Paxson,AK,02066,
59540,Pedro Bay,AK,02164,
59650,Pelican,AK,02105,
60200,Perryville,AK,02164,
60310,Petersburg,AK,02195,
60460,Petersville,AK,02170,
60640,Pilot Point,AK,02164,
60750,Pilot Station,AK,02158,
60860,Pitkas Point,AK,02158,
61080,Platinum,AK,02050,
61120,Pleasant Valley,AK,02090,
61190,Point Baker,AK,02198,
61630,Point Hope,AK,02185,
61700,Point Lay,AK,02185,
61788,Point MacKenzie,AK,02170,
61825,Point Possession,AK,02122,
62125,Pope-Vannoy Landing,AK,02164,
62285,Portage Creek,AK,02070,
62510,Port Alexander,AK,02198,
62620,Port Alsworth,AK,02164,
63170,Port Clarence,AK,02180,
63280,Port Graham,AK,02122,
63390,Port Heiden,AK,02164,
63610,Port Lions,AK,02150,
63870,Port Protection,AK,02198,
64240,Primrose,AK,02122,
64380,Prudhoe Bay,AK,02185,
64600,Quinhagak,AK,02050,
64820,Rampart,AK,02290,
64930,Red Devil,AK,02050,
64980,Red Dog Mine,AK,02188,
65345,Ridgeway,AK,02122,
65590,Ruby,AK,02290,
65700,Russian Mission,AK,02158,
65800,St. George,AK,02016,
66140,St. Mary's,AK,02158,
66360,St. Michael,AK,02180,
66470,St. Paul,AK,02016,
66510,Salamatof,AK,02122,
66550,Salcha,AK,02090,
67020,Sand Point,AK,02013,
67460,Savoonga,AK,02180,
67570,Saxman,AK,02130,
67680,Scammon Bay,AK,02158,
68230,Selawik,AK,02188,
68340,Seldovia,AK,02122,
68370,Seldovia Village,AK,02122,
68560,Seward,AK,02122,
68670,Shageluk,AK,02290,
68890,Shaktoolik,AK,02180,
69770,Shishmaref,AK,02180,
70100,Shungnak,AK,02188,
70320,Silver Springs,AK,02066,
70540,Sitka,AK,02220,
70760,Skagway,AK,02230,
70870,Skwentna,AK,02170,
70930,Slana,AK,02066,
71090,Sleetmute,AK,02050,
71640,Soldotna,AK,02122,
72135,South Lakes,AK,02170,
72190,South Naknek,AK,02060,
72230,South Van Horn,AK,02090,
72960,Stebbins,AK,02180,
72985,Steele Creek,AK,02090,
73070,Sterling,AK,02122,
73290,Stevens Village,AK,02290,
73400,Stony River,AK,02050,
73950,Sunrise,AK,02122,
74340,Susitna,AK,02170,
74350,Susitna North,AK,02170,
74525,Sutton-Alpine,AK,02170,
74610,Takotna,AK,02290,
74830,Talkeetna,AK,02170,
75050,Tanacross,AK,02240,
75077,Tanaina,AK,02170,
75160,Tanana,AK,02290,
75380,Tatitlek,AK,02063,
75480,Tazlina,AK,02066,
75930,Teller,AK,02180,
76260,Tenakee Springs,AK,02105,
76590,Tetlin,AK,02240,
77140,Thorne Bay,AK,02198,
77690,Togiak,AK,02070,
77800,Tok,AK,02240,
78240,Toksook Bay,AK,02050,
78297,Tolsona,AK,02066,
78350,Tonsina,AK,02066,
78680,Trapper Creek,AK,02170,
78790,Tuluksak,AK,02050,
79120,Tuntutuliak,AK,02050,
79230,Tununak,AK,02050,
79780,Twin Hills,AK,02070,
79830,Two Rivers,AK,02090,
79890,Tyonek,AK,02122,
80100,Ugashik,AK,02164,
80660,Unalakleet,AK,02180,
80770,Unalaska,AK,02016,
81320,Upper Kalskag,AK,02050,
81920,Utqiaġvik,AK,02185,
82200,Valdez,AK,02063,
82420,Venetie,AK,02290,
82750,Wainwright,AK,02185,
82860,Wales,AK,02180,
83080,Wasilla,AK,02170,
84000,Whale Pass,AK,02198,
84070,White Mountain,AK,02180,
84120,Whitestone,AK,02240,
84200,Whitestone Logging Camp,AK,02105,
84510,Whittier,AK,02063,
85280,Willow,AK,02170,
85290,Willow Creek,AK,02066,
85610,Wiseman,AK,02290,
85680,Womens Bay,AK,02150,
86380,Wrangell,AK,02275,
86490,Yakutat,AK,02282,
00100,Abanda,AL,01017,
00124,Abbeville,AL,01067,
00460,Adamsville,AL,01073,
00484,Addison,AL,01133,
00676,Akron,AL,01065,
00820,Alabaster,AL,01117,
00988,Albertville,AL,01095,
01132,Alexander City,AL,01123,
01180,Alexandria,AL,01015,
01228,Aliceville,AL,01107,
01396,Allgood,AL,01009,
01660,Altoona,AL,01009 01055,
01708,Andalusia,AL,01039,
01756,Anderson,AL,01077,
01852,Anniston,AL,01015,
02116,Arab,AL,01043 01095,
02260,Ardmore,AL,01083,
02320,Argo,AL,01073 01115,
02428,Ariton,AL,01045,
02500,Arley,AL,01133,
02836,Ashford,AL,01069,
02860,Ashland,AL,01027,
02908,Ashville,AL,01115,
02956,Athens,AL,01083,
03004,Atmore,AL,01053,
03028,Attalla,AL,01055,
03076,Auburn,AL,01081,
03220,Autaugaville,AL,01001,
03364,Avon,AL,01069,
03508,Axis,AL,01097,
03556,Babbie,AL,01039,
03676,Baileyton,AL,01043,
03724,Bakerhill,AL,01005,
03820,Ballplay,AL,01055,
03940,Banks,AL,01109,
04660,Bay Minette,AL,01003,
04684,Bayou La Batre,AL,01097,
04852,Bear Creek,AL,01093,
04900,Beatrice,AL,01099,
04948,Beaverton,AL,01075,
05140,Belgreen,AL,01059,
05164,Belk,AL,01057,
05188,Bellamy,AL,01119,
05212,Belle Fontaine,AL,01097,
05692,Benton,AL,01085,
05812,Berlin,AL,01043,
05932,Berry,AL,01057,
05980,Bessemer,AL,01073,
06460,Billingsley,AL,01001,
07000,Birmingham,AL,01073 01117,
07120,Black,AL,01061,
07456,Blountsville,AL,01009,
07588,Blue Ridge,AL,01051,
07672,Blue Springs,AL,01005,
07912,Boaz,AL,01055 01095,
08104,Boligee,AL,01063,
08248,Bon Air,AL,01121,
08272,Bon Secour,AL,01003,
08680,Boykin,AL,01131,
09016,Brantley,AL,01041,
09064,Brantleyville,AL,01117,
09136,Brent,AL,01007,
09208,Brewton,AL,01053,
09328,Bridgeport,AL,01071,
09400,Brighton,AL,01073,
09424,Brilliant,AL,01093,
09457,Bristow Cove,AL,01055,
09500,Brook Highland,AL,01117,
09736,Brookside,AL,01073,
09808,Brookwood,AL,01125,
09880,Broomtown,AL,01019,
10240,Brundidge,AL,01109,
10456,Bucks,AL,01097,
11032,Butler,AL,01023,
11416,Calera,AL,01021 01117,
11488,Calvert,AL,01097 01129,
11512,Camden,AL,01131,
11680,Camp Hill,AL,01123,
12016,Carbon Hill,AL,01127,
12040,Cardiff,AL,01073,
12070,Carlisle-Rockledge,AL,01055,
12112,Carlton,AL,01025,
12160,Carolina,AL,01039,
12304,Carrollton,AL,01107,
12496,Castleberry,AL,01035,
12544,Catherine,AL,01131,
12760,Cedar Bluff,AL,01019,
13264,Center Point,AL,01073,
13648,Centre,AL,01019,
13672,Centreville,AL,01007,
14008,Chatom,AL,01129,
14104,Chelsea,AL,01117,
14152,Cherokee,AL,01033,
14202,Cherokee Ridge,AL,01095,
14392,Chickasaw,AL,01097,
14464,Childersburg,AL,01121,
14728,Choccolocco,AL,01015,
14968,Chunchula,AL,01097,
15064,Citronelle,AL,01097,
15136,Clanton,AL,01021,
15256,Clay,AL,01073,
15304,Clayhatchee,AL,01045,
15376,Clayton,AL,01005,
15472,Cleveland,AL,01009,
15640,Clio,AL,01005,
16000,Coaling,AL,01125,
16080,Coats Bend,AL,01055,
16240,Coffee Springs,AL,01061,
16264,Coffeeville,AL,01025,
16312,Coker,AL,01125,
16600,Collinsville,AL,01019 01049,
16684,Colony,AL,01043,
16744,Columbia,AL,01069,
16768,Columbiana,AL,01117,
16936,Concord,AL,01073,
17176,Coosada,AL,01051,
17368,Cordova,AL,01127,
17704,Cottondale,AL,01125,
17824,Cottonwood,AL,01069,
17968,County Line,AL,01009 01073,
18040,Courtland,AL,01079,
18088,Cowarts,AL,01069,
18304,Creola,AL,01097,
18856,Crossville,AL,01049,
18952,Cuba,AL,01119,
18976,Cullman,AL,01043,
19024,Cullomburg,AL,01023 01129,
19216,Cusseta,AL,01017,
19336,Dadeville,AL,01123,
19360,Daleville,AL,01045,
19648,Daphne,AL,01003,
19744,Dauphin Island,AL,01097,
19816,Daviston,AL,01123,
19912,Dayton,AL,01091,
20008,Deatsville,AL,01051,
20104,Decatur,AL,01083 01103,
20152,Deer Park,AL,01129,
20272,Delta,AL,01027,
20296,Demopolis,AL,01091,
20392,Detroit,AL,01075,
20955,Dodge City,AL,01043,
21136,Dora,AL,01127,
21184,Dothan,AL,01045 01067 01069,
21280,Double Springs,AL,01133,
21328,Douglas,AL,01095,
21448,Dozier,AL,01041,
21890,Dunnavant,AL,01117,
21952,Dutton,AL,01071,
22088,Eagle Point,AL,01117,
22216,East Brewton,AL,01053,
22504,East Point,AL,01043,
22816,Eclectic,AL,01051,
23032,Edgewater,AL,01073,
23176,Edwardsville,AL,01029,
23224,Egypt,AL,01055,
23296,Elba,AL,01031,
23320,Elberta,AL,01003,
23344,Eldridge,AL,01127,
23488,Elkmont,AL,01083,
23656,Elmore,AL,01051,
23872,Emelle,AL,01119,
23880,Emerald Mountain,AL,01051,
24184,Enterprise,AL,01031 01045,
24256,Epes,AL,01119,
24280,Equality,AL,01037,
24472,Ethelsville,AL,01107,
24568,Eufaula,AL,01005,
24616,Eunola,AL,01061,
24664,Eutaw,AL,01063,
24688,Eva,AL,01103,
24808,Evergreen,AL,01035,
24880,Excel,AL,01099,
25120,Fairfield,AL,01073,
25216,Fairford,AL,01129,
25240,Fairhope,AL,01003,
25384,Fairview,AL,01043,
25648,Falkville,AL,01103,
25816,Faunsdale,AL,01091,
25840,Fayette,AL,01057,
25864,Fayetteville,AL,01121,
26152,Fitzpatrick,AL,01011,
26200,Five Points,AL,01017,
26824,Flomaton,AL,01053,
26848,Florala,AL,01039,
26896,Florence,AL,01077,
26992,Foley,AL,01003,
27088,Forestdale,AL,01073,
27376,Forkland,AL,01063,
27520,Fort Deposit,AL,01085,
27604,Fort Novosel,AL,01045,
27616,Fort Payne,AL,01049,
28024,Franklin,AL,01087,
28120,Fredonia,AL,01017,
28312,Frisco City,AL,01099,
28408,Fruitdale,AL,01129,
28432,Fruithurst,AL,01029,
28504,Fulton,AL,01025,
28552,Fultondale,AL,01073,
28672,Fyffe,AL,01049,
28696,Gadsden,AL,01055,
28768,Gainesville,AL,01119,
28816,Gallant,AL,01055,
28936,Gantt,AL,01039,
29032,Garden City,AL,01009 01043,
29056,Gardendale,AL,01073,
29296,Gaylesville,AL,01019,
29392,Geiger,AL,01119,
29464,Geneva,AL,01061,
29560,Georgiana,AL,01013,
29608,Geraldine,AL,01049,
29704,Gilbertown,AL,01023,
29944,Glen Allen,AL,01057 01093,
29992,Glencoe,AL,01015 01055,
30160,Glenwood,AL,01041,
30448,Goldville,AL,01123,
30496,Good Hope,AL,01043,
30640,Goodwater,AL,01037,
30736,Gordo,AL,01107,
30760,Gordon,AL,01069,
30808,Gordonville,AL,01085,
30880,Goshen,AL,01109,
31000,Graham,AL,01111,
31024,Grand Bay,AL,01097,
31096,Grant,AL,01095,
31348,Grayson Valley,AL,01073,
31384,Graysville,AL,01073,
31720,Greensboro,AL,01065,
31912,Greenville,AL,01013,
32056,Grimes,AL,01045,
32080,Grove Hill,AL,01025,
32224,Guin,AL,01093,
32248,Gulfcrest,AL,01097,
32272,Gulf Shores,AL,01003,
32416,Guntersville,AL,01095,
32440,Gurley,AL,01089,
32536,Gu-Win,AL,01057 01093,
32560,Hackleburg,AL,01093,
32584,Hackneyville,AL,01123,
32656,Haleburg,AL,01067,
32704,Haleyville,AL,01093 01133,
32848,Hamilton,AL,01093,
32896,Hammondville,AL,01049,
32968,Hanceville,AL,01043,
33064,Hanover,AL,01037,
33256,Harpersville,AL,01117,
33424,Hartford,AL,01061,
33448,Hartselle,AL,01103,
33472,Harvest,AL,01089,
33544,Hatton,AL,01079,
33640,Hayden,AL,01009,
33712,Hayneville,AL,01085,
33808,Hazel Green,AL,01089,
33856,Headland,AL,01067,
33904,Heath,AL,01039,
33976,Heflin,AL,01029,
34024,Helena,AL,01073 01117,
34096,Henagar,AL,01049,
34480,Highland Lake,AL,01009,
34490,Highland Lakes,AL,01117,
34816,Hillsboro,AL,01079,
34984,Hissop,AL,01037,
35130,Hobson,AL,01129,
35152,Hobson City,AL,01015,
35200,Hodges,AL,01059,
35392,Hokes Bluff,AL,01055,
35512,Hollins,AL,01027,
35536,Hollis Crossroads,AL,01029,
35560,Holly Pond,AL,01043,
35632,Hollywood,AL,01071,
35704,Holt,AL,01125,
35752,Holtville,AL,01051,
35800,Homewood,AL,01073,
35896,Hoover,AL,01073 01117,
36088,Horn Hill,AL,01039,
36448,Hueytown,AL,01073,
36592,Huguley,AL,01017,
37000,Huntsville,AL,01083 01089 01103,
37096,Hurtsboro,AL,01113,
37264,Hytop,AL,01071,
37312,Ider,AL,01049,
37465,Indian Springs Village,AL,01117,
37864,Irondale,AL,01073,
38032,Ivalee,AL,01055,
38152,Jackson,AL,01025,
38248,Jacksons' Gap,AL,01123,
38272,Jacksonville,AL,01015,
38416,Jasper,AL,01127,
38608,Jemison,AL,01021,
39064,Joppa,AL,01043 01095,
39280,Kansas,AL,01127,
39472,Kellyton,AL,01037,
39520,Kennedy,AL,01075,
39784,Killen,AL,01077,
39856,Kimberly,AL,01073,
40072,Kinsey,AL,01069,
40096,Kinston,AL,01031,
40648,Ladonia,AL,01113,
40672,La Fayette,AL,01017,
40888,Lakeview,AL,01049,
40928,Lake View,AL,01073 01125,
41296,Lanett,AL,01017,
41368,Langston,AL,01071,
41968,Leeds,AL,01073 01115 01117,
42016,Leesburg,AL,01019,
42160,Leighton,AL,01033,
42304,Leroy,AL,01129,
42352,Lester,AL,01083,
42472,Level Plains,AL,01045,
42640,Lexington,AL,01077,
42808,Libertyville,AL,01039,
42928,Lillian,AL,01003,
43120,Lincoln,AL,01121,
43240,Linden,AL,01091,
43264,Lineville,AL,01027,
43336,Lipscomb,AL,01073,
43384,Lisman,AL,01023,
43648,Littleville,AL,01033,
43720,Livingston,AL,01119,
43744,Loachapoka,AL,01081,
43816,Lockhart,AL,01039,
43888,Locust Fork,AL,01009,
44160,Lookout Mountain,AL,01055,
44344,Louisville,AL,01005,
44536,Lowndesboro,AL,01085,
44608,Loxley,AL,01003,
44728,Luverne,AL,01041,
44800,Lynn,AL,01133,
45040,McCalla,AL,01073,
45208,McDonald Chapel,AL,01073,
45316,Macedonia,AL,01107,
45472,McIntosh,AL,01129,
45496,McKenzie,AL,01013 01035,
45640,McMullen,AL,01107,
45784,Madison,AL,01083 01089,
45904,Madrid,AL,01069,
46072,Magnolia Springs,AL,01003,
46192,Malcolm,AL,01129,
46264,Malvern,AL,01061,
46504,Maplesville,AL,01021,
46600,Marbury,AL,01001,
46696,Margaret,AL,01115,
46768,Marion,AL,01105,
47728,Maytown,AL,01073,
47740,Meadowbrook,AL,01117,
47848,Megargel,AL,01099,
48052,Memphis,AL,01107,
48064,Mentone,AL,01049,
48112,Meridianville,AL,01089,
48376,Midfield,AL,01073,
48400,Midland City,AL,01045,
48424,Midway,AL,01011,
48616,Mignon,AL,01121,
48712,Millbrook,AL,01001 01051,
48784,Millerville,AL,01027,
48808,Millport,AL,01075,
48832,Millry,AL,01129,
49072,Minor,AL,01073,
50000,Mobile,AL,01097,
50192,Monroeville,AL,01099,
50312,Montevallo,AL,01117,
51000,Montgomery,AL,01101,
51096,Moody,AL,01115,
51216,Moores Mill,AL,01089,
51264,Mooresville,AL,01083,
51456,Morris,AL,01073,
51469,Morrison Crossroads,AL,01111,
51520,Mosses,AL,01085,
51600,Moulton,AL,01079,
51648,Moundville,AL,01065 01125,
51696,Mountain Brook,AL,01073,
52320,Mount Olive,AL,01037,
52344,Mount Olive,AL,01073,
52608,Mount Vernon,AL,01097,
52680,Movico,AL,01097,
52776,Mulga,AL,01073,
52848,Munford,AL,01121,
53016,Muscle Shoals,AL,01033,
53112,Myrtlewood,AL,01091,
53208,Nanafalia,AL,01091,
53232,Nances Creek,AL,01015,
53256,Napier Field,AL,01045,
53376,Natural Bridge,AL,01133,
53400,Nauvoo,AL,01127 01133,
53448,Nectar,AL,01009,
53472,Needham,AL,01023,
53784,Newbern,AL,01065,
53856,New Brockton,AL,01031,
54168,New Hope,AL,01089,
54312,New Market,AL,01089,
54432,New Site,AL,01123,
54480,Newton,AL,01045,
54582,New Union,AL,01055,
54600,Newville,AL,01067,
54696,Nixburg,AL,01037,
55044,North Courtland,AL,01079,
55152,North Johns,AL,01073,
55200,Northport,AL,01125,
55440,Notasulga,AL,01081 01087,
55752,Oak Grove,AL,01121,
55848,Oak Hill,AL,01131,
55992,Oakman,AL,01127,
56400,Odenville,AL,01115,
56472,Ohatchee,AL,01015,
57000,Oneonta,AL,01009,
57024,Onycha,AL,01039,
57048,Opelika,AL,01081,
57120,Opp,AL,01039,
57144,Orange Beach,AL,01003,
57240,Orrville,AL,01047,
57384,Our Town,AL,01123,
57504,Owens Cross Roads,AL,01089,
57576,Oxford,AL,01015 01121,
57648,Ozark,AL,01045,
57696,Paint Rock,AL,01071,
57912,Panola,AL,01119,
58272,Parrish,AL,01127,
58680,Pea Ridge,AL,01117,
58848,Pelham,AL,01117,
58896,Pell City,AL,01115,
58968,Pennington,AL,01023,
59016,Penton,AL,01017,
59064,Perdido,AL,01003,
59088,Perdido Beach,AL,01003,
59232,Peterman,AL,01099,
59328,Petrey,AL,01041,
59472,Phenix City,AL,01081 01113,
59496,Phil Campbell,AL,01059,
59592,Pickensville,AL,01107,
59640,Piedmont,AL,01015 01019,
59760,Pike Road,AL,01101,
59832,Pinckard,AL,01045,
59880,Pine Apple,AL,01131,
60240,Pine Hill,AL,01131,
60264,Pine Level,AL,01001,
60372,Pine Ridge,AL,01049,
60648,Pinson,AL,01073,
60720,Pisgah,AL,01071,
61008,Pleasant Grove,AL,01073,
61038,Pleasant Groves,AL,01071,
61488,Point Clear,AL,01003,
61536,Pollard,AL,01053,
62075,Powell,AL,01049,
62328,Prattville,AL,01001 01051,
62472,Priceville,AL,01103,
62496,Prichard,AL,01097,
62688,Providence,AL,01091,
62952,Putnam,AL,01091,
63216,Ragland,AL,01115,
63288,Rainbow City,AL,01055,
63336,Rainsville,AL,01049,
63408,Ranburne,AL,01029,
63495,Ray,AL,01037,
63576,Red Bay,AL,01059,
63730,Redland,AL,01051,
63768,Red Level,AL,01039,
63912,Redstone Arsenal,AL,01089,
63984,Reece City,AL,01055,
64040,Reeltown,AL,01123,
64104,Reform,AL,01107,
64152,Rehobeth,AL,01069,
64248,Remlap,AL,01009,
64368,Repton,AL,01035,
64656,Ridgeville,AL,01055,
64776,River Falls,AL,01039,
64920,Riverside,AL,01115,
65016,Riverview,AL,01053,
65040,Roanoke,AL,01111,
65208,Robertsdale,AL,01003,
65412,Rock Creek,AL,01073,
65472,Rockford,AL,01037,
65592,Rock Mills,AL,01111,
65784,Rockville,AL,01025,
66216,Rogersville,AL,01077,
66408,Rosa,AL,01009,
67056,Russellville,AL,01059,
67176,Rutledge,AL,01041,
67536,St. Florian,AL,01077,
67584,St. Stephens,AL,01129,
67608,Saks,AL,01015,
67800,Samson,AL,01061,
67920,Sand Rock,AL,01019 01049,
68016,Sanford,AL,01039,
68160,Saraland,AL,01097,
68280,Sardis City,AL,01055 01095,
68352,Satsuma,AL,01097,
68736,Scottsboro,AL,01071,
69000,Section,AL,01071,
69120,Selma,AL,01047,
69180,Selmont-West Selmont,AL,01047,
69240,Semmes,AL,01097,
69648,Sheffield,AL,01033,
69672,Shelby,AL,01117,
69840,Shiloh,AL,01049,
69978,Shoal Creek,AL,01117,
70128,Shorter,AL,01087,
70416,Silas,AL,01023,
70536,Silverhill,AL,01003,
70632,Sims Chapel,AL,01129,
70704,Sipsey,AL,01127,
70896,Skyline,AL,01071,
71040,Slocomb,AL,01061,
71190,Smiths Station,AL,01081,
71201,Smoke Rise,AL,01009,
71280,Snead,AL,01009,
71496,Somerville,AL,01103,
71832,Southside,AL,01015 01055,
71900,South Vinemont,AL,01043,
71976,Spanish Fort,AL,01003,
72408,Spring Garden,AL,01019,
72600,Springville,AL,01115,
72672,Spruce Pine,AL,01059,
72720,Standing Rock,AL,01017,
72816,Stapleton,AL,01003,
72888,Steele,AL,01115,
73056,Sterrett,AL,01117,
73080,Stevenson,AL,01071,
73152,Stewartville,AL,01037,
73272,Stockton,AL,01003,
73728,Sulligent,AL,01075,
73848,Sumiton,AL,01073 01127,
73872,Summerdale,AL,01003,
74160,Susan Moore,AL,01009,
74304,Sweet Water,AL,01091,
74352,Sylacauga,AL,01121,
74400,Sylvania,AL,01049,
74424,Sylvan Springs,AL,01073,
74592,Talladega,AL,01121,
74616,Talladega Springs,AL,01121,
74688,Tallassee,AL,01051 01123,
74976,Tarrant,AL,01073,
75096,Taylor,AL,01061 01069,
75768,Theodore,AL,01097,
75936,Thomaston,AL,01091,
75960,Thomasville,AL,01025,
76080,Thorsby,AL,01021,
76200,Tibbie,AL,01129,
76208,Tidmore Bend,AL,01055,
76320,Tillmans Corner,AL,01097,
76584,Town Creek,AL,01079,
76632,Toxey,AL,01023,
76680,Trafford,AL,01009 01073,
76824,Triana,AL,01089,
76872,Trinity,AL,01079 01103,
76920,Troy,AL,01109,
76944,Trussville,AL,01073 01115,
77256,Tuscaloosa,AL,01125,
77280,Tuscumbia,AL,01033,
77304,Tuskegee,AL,01087,
77352,Twin,AL,01093,
77580,Underwood-Petersville,AL,01077,
77616,Union,AL,01063,
77784,Union Grove,AL,01095,
77880,Union Springs,AL,01011,
77904,Uniontown,AL,01105,
78120,Uriah,AL,01099,
78204,Valley,AL,01017,
78232,Valley Grande,AL,01047,
78240,Valley Head,AL,01049,
78264,Vance,AL,01007 01125,
78312,Vandiver,AL,01117,
78480,Vernon,AL,01075,
78552,Vestavia Hills,AL,01073 01117,
78984,Vina,AL,01059,
79008,Vincent,AL,01115 01117 01121,
79032,Vinegar Bend,AL,01129,
79272,Vredenburgh,AL,01099,
79344,Wadley,AL,01111,
79488,Waldo,AL,01121,
79728,Walnut Grove,AL,01055,
79944,Warrior,AL,01073,
80064,Waterloo,AL,01077,
80256,Waverly,AL,01017 01081 01123,
80352,Weaver,AL,01015,
80376,Webb,AL,01069,
80496,Wedowee,AL,01111,
80736,Weogufka,AL,01037,
80928,West Blocton,AL,01007,
81084,West End-Cobb Town,AL,01015,
81336,West Jefferson,AL,01073,
81504,Westover,AL,01117,
81528,West Point,AL,01043,
81720,Wetumpka,AL,01051,
81744,Whatley,AL,01025,
81912,White Hall,AL,01085,
82104,White Plains,AL,01015,
82176,Whitesboro,AL,01055,
82848,Wilsonville,AL,01117,
82872,Wilton,AL,01117,
82992,Winfield,AL,01057 01093,
83400,Woodland,AL,01111,
83640,Woodstock,AL,01007 01125,
83664,Woodville,AL,01071,
83976,Yellow Bluff,AL,01131,
84096,York,AL,01119,
00190,Acorn,AR,05113,
00250,Adona,AR,05105,
00580,Alexander,AR,05119 05125,
00700,Alicia,AR,05075,
00730,Alix,AR,05047,
00820,Alleene,AR,05081,
00940,Allport,AR,05085,
00970,Alma,AR,05033,
01030,Almyra,AR,05001,
01060,Alpena,AR,05009 05015,
01090,Alpine,AR,05019,
01150,Altheimer,AR,05069,
01210,Altus,AR,05047,
01270,Amagon,AR,05067,
01360,Amity,AR,05019,
01457,Anthonyville,AR,05035,
01540,Antoine,AR,05109,
01630,Aplin,AR,05105,
01660,Appleton,AR,05115,
01870,Arkadelphia,AR,05019,
01990,Arkansas City,AR,05041,
02230,Armorel,AR,05093,
02380,Ashdown,AR,05081,
02470,Ash Flat,AR,05049 05135,
02590,Atkins,AR,05115,
02680,Aubrey,AR,05077,
02740,Augusta,AR,05147,
02860,Austin,AR,05085,
03010,Avilla,AR,05125,
03040,Avoca,AR,05007,
03280,Bald Knob,AR,05145,
03430,Banks,AR,05011,
03640,Barling,AR,05131,
03940,Bassett,AR,05093,
03970,Batavia,AR,05009,
04030,Batesville,AR,05063,
04090,Bauxite,AR,05125,
04180,Bay,AR,05031,
04420,Bearden,AR,05103,
04540,Beaver,AR,05015,
04600,Beebe,AR,05145,
04630,Bee Branch,AR,05141,
04720,Beedeville,AR,05067,
04750,Beirne,AR,05019,
04840,Bella Vista,AR,05007,
04900,Bellefonte,AR,05009,
04960,Belleville,AR,05149,
05260,Ben Lomond,AR,05133,
05290,Benton,AR,05125,
05320,Bentonville,AR,05007,
05440,Bergman,AR,05009,
05560,Berryville,AR,05015,
05770,Bethesda,AR,05063,
05920,Bigelow,AR,05105,
05980,Big Flat,AR,05005 05129,
06040,Biggers,AR,05121,
06340,Birdsong,AR,05093,
06460,Bismarck,AR,05059,
06610,Black Oak,AR,05031,
06700,Black Rock,AR,05075,
06730,Black Springs,AR,05097,
07030,Blevins,AR,05057,
07150,Blue Eye,AR,05015,
07210,Blue Mountain,AR,05083,
07270,Bluff City,AR,05099,
07330,Blytheville,AR,05093,
07420,Board Camp,AR,05113,
07450,Bodcaw,AR,05099,
07510,Boles,AR,05127,
07540,Bonanza,AR,05131,
07630,Bono,AR,05031,
07720,Booneville,AR,05083,
08020,Bowman,AR,05031,
08260,Bradford,AR,05145,
08290,Bradley,AR,05073,
08440,Branch,AR,05047,
08665,Briarcliff,AR,05005,
08950,Brinkley,AR,05095,
09100,Brookland,AR,05031,
09460,Bryant,AR,05125,
09550,Buckner,AR,05073,
09700,Buffalo City,AR,05005,
09790,Bull Shoals,AR,05089,
09880,Burdette,AR,05093,
10300,Cabot,AR,05085,
10330,Caddo Gap,AR,05097,
10360,Caddo Valley,AR,05019,
10450,Caldwell,AR,05123,
10480,Cale,AR,05099,
10570,Calico Rock,AR,05065,
10600,Calion,AR,05139,
10720,Camden,AR,05103,
10780,Cammack Village,AR,05119,
10900,Campbell Station,AR,05067,
11080,Canehill,AR,05143,
11410,Caraway,AR,05031,
11500,Carlisle,AR,05085,
11830,Carthage,AR,05039,
11890,Casa,AR,05105,
11920,Cash,AR,05031,
12190,Caulksville,AR,05083,
12280,Cave City,AR,05063 05135,
12340,Cave Springs,AR,05007,
12520,Cedarville,AR,05033,
12700,Center Point,AR,05061,
12790,Center Ridge,AR,05029,
12820,Centerton,AR,05007,
12940,Centerville,AR,05149,
13120,Central City,AR,05131,
13300,Charleston,AR,05047,
13420,Cherokee City,AR,05007,
13450,Cherokee Village,AR,05049 05135,
13540,Cherry Valley,AR,05037,
13570,Chester,AR,05033,
13750,Chidester,AR,05103,
13960,Cincinnati,AR,05143,
13990,Clarendon,AR,05095,
14050,Clarkedale,AR,05035,
14140,Clarksville,AR,05071,
14260,Clinton,AR,05141,
14500,Coal Hill,AR,05071,
14860,College Station,AR,05119,
14920,Collins,AR,05043,
14950,Colt,AR,05123,
15100,Concord,AR,05023,
15190,Conway,AR,05045,
15310,Corinth,AR,05149,
15460,Corning,AR,05021,
15490,Cotter,AR,05005,
15550,Cotton Plant,AR,05147,
15700,Cove,AR,05113,
15790,Coy,AR,05085,
15940,Crawfordsville,AR,05035,
16240,Crossett,AR,05003,
16690,Crystal Springs,AR,05051,
16930,Cushman,AR,05063,
17140,Daisy,AR,05109,
17290,Damascus,AR,05045 05141,
17320,Danville,AR,05149,
17380,Dardanelle,AR,05149,
17410,Datto,AR,05021,
17740,Decatur,AR,05007,
17860,Deer,AR,05101,
18010,Delaplaine,AR,05055,
18100,Delight,AR,05109,
18160,Dell,AR,05093,
18340,Dennard,AR,05141,
18370,Denning,AR,05047,
18490,De Queen,AR,05133,
18520,Dermott,AR,05017,
18550,Des Arc,AR,05117,
18580,Desha,AR,05063,
18640,De Valls Bluff,AR,05117,
18790,DeWitt,AR,05001,
18850,Diamond City,AR,05009,
18880,Diamondhead,AR,05051,
18940,Diaz,AR,05067,
18970,Dierks,AR,05061,
19450,Donaldson,AR,05059,
19540,Dora,AR,05033,
19600,Dover,AR,05115,
19720,Drasco,AR,05023,
19990,Dumas,AR,05041,
20200,Dyer,AR,05033,
20230,Dyess,AR,05093,
20320,Earle,AR,05035,
20440,East Camden,AR,05103,
20470,East End,AR,05125,
20800,Edgemont,AR,05023,
20830,Edmondson,AR,05035,
20920,Egypt,AR,05031,
20950,Elaine,AR,05107,
21070,El Dorado,AR,05139,
21190,Elkins,AR,05143,
21430,Elm Springs,AR,05007 05143,
21520,El Paso,AR,05145,
21580,Emerson,AR,05027,
21610,Emmet,AR,05057 05099,
21730,England,AR,05085,
21820,Enola,AR,05045,
22120,Etowah,AR,05093,
22180,Eudora,AR,05017,
22240,Eureka Springs,AR,05015,
22300,Evansville,AR,05143,
22360,Evening Shade,AR,05135,
22450,Everton,AR,05009,
22660,Fairfield Bay,AR,05023 05141,
22720,Fair Oaks,AR,05037,
23140,Fargo,AR,05095,
23170,Farmington,AR,05143,
23290,Fayetteville,AR,05143,
23320,Felsenthal,AR,05139,
23680,Fifty-Six,AR,05137,
23800,Fisher,AR,05111,
24010,Flippin,AR,05089,
24070,Floral,AR,05063,
24130,Floyd,AR,05145,
24220,Fordyce,AR,05039,
24250,Foreman,AR,05081,
24430,Forrest City,AR,05123,
24550,Fort Smith,AR,05131,
24640,Fouke,AR,05091,
24670,Fountain Hill,AR,05003,
24700,Fountain Lake,AR,05051,
24760,Fourche,AR,05105,
24910,Fox,AR,05137,
25030,Franklin,AR,05065,
25060,Fredonia (Biscoe),AR,05117,
25180,Friendship,AR,05059,
25360,Fulton,AR,05057,
25630,Gamaliel,AR,05005,
25750,Garfield,AR,05007,
25780,Garland,AR,05091,
25900,Garner,AR,05145,
26050,Gassville,AR,05005,
26110,Gateway,AR,05007,
26260,Genoa,AR,05091,
26290,Gentry,AR,05007,
26440,Georgetown,AR,05145,
26710,Gibson,AR,05119,
26800,Gilbert,AR,05129,
26980,Gillett,AR,05001,
27010,Gillham,AR,05133,
27040,Gilmore,AR,05035,
27310,Glenwood,AR,05097 05109,
27610,Goodwin,AR,05123,
27670,Goshen,AR,05143,
27700,Gosnell,AR,05093,
27730,Gould,AR,05079,
27790,Grady,AR,05079,
27970,Grannis,AR,05113,
28360,Gravette,AR,05007,
28510,Greenbrier,AR,05045,
28600,Green Forest,AR,05015,
28660,Greenland,AR,05143,
28720,Greenway,AR,05021,
28780,Greenwood,AR,05131,
28810,Greers Ferry,AR,05023,
28840,Gregory,AR,05147,
28990,Griffithville,AR,05145,
29020,Grubbs,AR,05067,
29080,Guion,AR,05065,
29140,Gum Springs,AR,05019,
29200,Gurdon,AR,05019,
29230,Guy,AR,05045,
29290,Hackett,AR,05131,
29320,Hagarville,AR,05071,
29380,Halley,AR,05041,
29500,Hamburg,AR,05003,
29650,Hampton,AR,05013,
29920,Hardy,AR,05049 05135,
30310,Harrell,AR,05013,
30400,Harrisburg,AR,05111,
30460,Harrison,AR,05009,
30490,Hartford,AR,05131,
30520,Hartman,AR,05071,
30640,Haskell,AR,05125,
30700,Hatfield,AR,05113,
30730,Hattieville,AR,05029,
30790,Havana,AR,05149,
30880,Haynes,AR,05077,
30940,Hazen,AR,05117,
31090,Heber Springs,AR,05023,
31150,Hector,AR,05115,
31190,Helena-West Helena,AR,05107,
31270,Henderson,AR,05005,
31390,Hensley,AR,05119,
31540,Hermitage,AR,05011,
31900,Hickory Ridge,AR,05037,
32080,Higden,AR,05023,
32140,Higginson,AR,05145,
32200,Highfill,AR,05007,
32257,Highland,AR,05135,
32470,Hindsville,AR,05087,
32650,Holiday Island,AR,05015,
32710,Holland,AR,05045,
32800,Holly Grove,AR,05095,
33190,Hope,AR,05057,
33310,Horatio,AR,05133,
33370,Horseshoe Bend,AR,05049 05065 05135,
33375,Horseshoe Lake,AR,05035,
33400,Hot Springs,AR,05051,
33482,Hot Springs Village,AR,05051 05125,
33490,Houston,AR,05105,
33580,Hoxie,AR,05075,
33760,Hughes,AR,05123,
33820,Humnoke,AR,05085,
33850,Humphrey,AR,05001 05069,
33910,Hunter,AR,05147,
33940,Huntington,AR,05131,
33970,Huntsville,AR,05087,
34090,Huttig,AR,05139,
34150,Imboden,AR,05075,
34220,Indian Bay,AR,05095,
34540,Ivan,AR,05039,
34720,Jacksonport,AR,05067,
34750,Jacksonville,AR,05119,
34900,Jasper,AR,05101,
35040,Jennette,AR,05035 05123,
35140,Jericho,AR,05035,
35170,Jerome,AR,05043,
35260,Jerusalem,AR,05029,
35500,Johnson,AR,05143,
35650,Joiner,AR,05093,
35710,Jonesboro,AR,05031,
35770,Jones Mills,AR,05059,
36040,Judsonia,AR,05145,
36130,Junction City,AR,05139,
36310,Keiser,AR,05093,
36430,Kensett,AR,05145,
36550,Keo,AR,05085,
36670,Kibler,AR,05033,
36880,Kingsland,AR,05025,
36910,Kingston,AR,05087,
37060,Kirby,AR,05109,
37240,Knobel,AR,05021,
37300,Knoxville,AR,05071,
37450,Lacey,AR,05043,
37660,Lafe,AR,05055,
37720,LaGrange,AR,05077,
37780,Lake City,AR,05031,
37930,Lake Hamilton,AR,05051,
38050,Lakeview,AR,05005,
38110,Lake View,AR,05107,
38170,Lake Village,AR,05017,
38290,Lamar,AR,05071,
38540,Landmark,AR,05119,
38890,Lavaca,AR,05131,
38950,Lawson,AR,05139,
39010,Leachville,AR,05093,
39040,Lead Hill,AR,05009,
39310,Leola,AR,05053,
39370,Lepanto,AR,05111,
39460,Leslie,AR,05129,
39520,Letona,AR,05145,
39640,Lewisville,AR,05073,
39670,Lexa,AR,05107,
39970,Lincoln,AR,05143,
40120,Little Flock,AR,05007,
41000,Little Rock,AR,05119,
41090,Lockesburg,AR,05133,
41270,London,AR,05115,
41420,Lonoke,AR,05085,
41450,Lonsdale,AR,05051,
41555,Lost Bridge Village,AR,05007,
41630,Louann,AR,05103,
41720,Lowell,AR,05007,
42170,Luxora,AR,05093,
42260,Lynn,AR,05075,
42350,McAlmont,AR,05119,
42410,McCaskill,AR,05057,
42500,McCrory,AR,05147,
42560,McDougal,AR,05021,
42770,McGehee,AR,05041,
43070,McNab,AR,05057,
43100,McNeil,AR,05027,
43220,McRae,AR,05145,
43280,Madison,AR,05123,
43310,Magazine,AR,05083,
43370,Magness,AR,05063,
43430,Magnet Cove,AR,05059,
43460,Magnolia,AR,05027,
43610,Malvern,AR,05059,
43670,Mammoth Spring,AR,05049,
43820,Manila,AR,05093,
43880,Mansfield,AR,05127 05131,
44120,Marianna,AR,05077,
44150,Marie,AR,05093,
44180,Marion,AR,05035,
44210,Marked Tree,AR,05111,
44240,Marmaduke,AR,05055,
44300,Marshall,AR,05129,
44420,Marvell,AR,05107,
44600,Maumelle,AR,05119,
44750,Mayflower,AR,05045,
44780,Maynard,AR,05121,
44810,Maysville,AR,05007,
45080,Melbourne,AR,05065,
45110,Mellwood,AR,05107,
45170,Mena,AR,05113,
45200,Menifee,AR,05029,
45500,Midland,AR,05131,
45530,Midway,AR,05005,
45560,Midway,AR,05059,
46040,Mineral Springs,AR,05061,
46100,Minturn,AR,05075,
46190,Mitchellville,AR,05041,
46400,Monette,AR,05031,
46460,Monroe,AR,05095,
46580,Monticello,AR,05043,
46670,Montrose,AR,05003,
46730,Moorefield,AR,05063,
46910,Moro,AR,05077,
46970,Morrilton,AR,05029,
47030,Morrison Bluff,AR,05083,
47090,Morrow,AR,05143,
47300,Mountainburg,AR,05033,
47390,Mountain Home,AR,05005,
47450,Mountain Pine,AR,05051,
47540,Mountain View,AR,05137,
47660,Mount Holly,AR,05139,
47690,Mount Ida,AR,05097,
47720,Mount Judea,AR,05101,
47810,Mount Olive,AR,05065,
47900,Mount Pleasant,AR,05065,
48020,Mount Vernon,AR,05045,
48200,Mulberry,AR,05033,
48290,Murfreesboro,AR,05109,
48560,Nashville,AR,05061,
48680,Natural Steps,AR,05119,
49010,Newark,AR,05063,
49070,New Blaine,AR,05083,
49220,New Edinburg,AR,05025,
49370,Newhope,AR,05109,
49580,Newport,AR,05067,
49820,Nimmons,AR,05021,
50000,Norfork,AR,05005,
50030,Norman,AR,05097,
50060,Norphlet,AR,05139,
50240,North Crossett,AR,05003,
50450,North Little Rock,AR,05119,
50810,Oak Grove,AR,05015,
50990,Oak Grove,AR,05115,
51060,Oak Grove Heights,AR,05055,
51080,Oakhaven,AR,05057,
51110,Oakland,AR,05089,
51230,Oark,AR,05071,
51290,Oden,AR,05097,
51350,Ogden,AR,05081,
51410,Oil Trough,AR,05063,
51500,O'Kean,AR,05121,
51530,Okolona,AR,05019,
51560,Ola,AR,05149,
52160,Omaha,AR,05009,
52280,Oneida,AR,05107,
52430,Oppelo,AR,05029,
52580,Osceola,AR,05093,
52880,Oxford,AR,05065,
52940,Ozan,AR,05057,
52970,Ozark,AR,05047,
53000,Ozark Acres,AR,05135,
53060,Ozone,AR,05071,
53150,Palestine,AR,05123,
53240,Pangburn,AR,05145,
53390,Paragould,AR,05055,
53480,Paris,AR,05083,
53510,Parkdale,AR,05003,
53600,Parkin,AR,05037,
53900,Patmos,AR,05057,
53990,Patterson,AR,05147,
54110,Payneway,AR,05111,
54140,Peach Orchard,AR,05021,
54170,Pearcy,AR,05051,
54200,Pea Ridge,AR,05007,
54410,Pencil Bluff,AR,05097,
54620,Perla,AR,05059,
54650,Perry,AR,05105,
54680,Perrytown,AR,05057,
54710,Perryville,AR,05105,
55130,Piggott,AR,05021,
55280,Pindall,AR,05129,
55310,Pine Bluff,AR,05069,
55580,Pineville,AR,05065,
55610,Piney,AR,05051,
55970,Plainview,AR,05149,
56060,Pleasant Grove,AR,05137,
56270,Pleasant Plains,AR,05063,
56480,Plumerville,AR,05029,
56540,Pocahontas,AR,05121,
56600,Pollard,AR,05021,
56630,Ponca,AR,05101,
56690,Poplar Grove,AR,05107,
56720,Portia,AR,05075,
56750,Portland,AR,05003,
56990,Pottsville,AR,05115,
57050,Powhatan,AR,05075,
57080,Poyen,AR,05053,
57125,Prairie Creek,AR,05007,
57170,Prairie Grove,AR,05143,
57230,Prattsville,AR,05053,
57260,Prescott,AR,05099,
57530,Princeton,AR,05039,
57890,Pyatt,AR,05089,
57950,Quitman,AR,05023 05045,
58160,Ratcliff,AR,05083,
58250,Ravenden,AR,05075,
58280,Ravenden Springs,AR,05121,
58400,Reader,AR,05099 05103,
58490,Rector,AR,05021,
58580,Redfield,AR,05069,
58880,Reed,AR,05041,
59180,Reyno,AR,05121,
59480,Rison,AR,05025,
59630,Rivervale,AR,05111,
60020,Rockport,AR,05059,
60110,Rockwell,AR,05051,
60380,Roe,AR,05095,
60410,Rogers,AR,05007,
60470,Roland,AR,05119,
60590,Rondo,AR,05077,
60770,Rose Bud,AR,05145,
61040,Rosston,AR,05099,
61190,Rover,AR,05149,
61460,Rudy,AR,05033,
61640,Russell,AR,05145,
61670,Russellville,AR,05115,
61730,Rye,AR,05025,
61940,St. Charles,AR,05001,
61970,St. Francis,AR,05021,
62030,St. Joe,AR,05129,
62060,St. Paul,AR,05087,
62120,Salado,AR,05063,
62150,Salem,AR,05049,
62210,Salem,AR,05125,
62240,Salesville,AR,05005,
62630,Saratoga,AR,05057 05061,
62660,Sardis,AR,05125,
62900,Scott,AR,05085 05119,
62960,Scranton,AR,05083,
63020,Searcy,AR,05145,
63110,Sedgwick,AR,05075,
63470,Shannon Hills,AR,05125,
63710,Sheridan,AR,05053,
63740,Sherrill,AR,05069,
63800,Sherwood,AR,05119,
63980,Shirley,AR,05141,
64280,Sidney,AR,05135,
64370,Siloam Springs,AR,05007,
64730,Smackover,AR,05139,
64910,Smithville,AR,05075,
65480,South Lead Hill,AR,05009,
65630,Southside,AR,05063,
65900,Sparkman,AR,05039,
66080,Springdale,AR,05007 05143,
66110,Springfield,AR,05029,
66200,Springtown,AR,05007,
66320,Stamps,AR,05073,
66440,Star City,AR,05079,
66800,Staves,AR,05025,
66860,Stephens,AR,05103,
67250,Strawberry,AR,05075,
67370,Strong,AR,05139,
67490,Stuttgart,AR,05001,
67520,Subiaco,AR,05083,
67550,Success,AR,05021,
67730,Sulphur Rock,AR,05063,
67760,Sulphur Springs,AR,05007,
67790,Sulphur Springs,AR,05069,
67880,Summers,AR,05143,
67940,Summit,AR,05089,
68060,Sunset,AR,05035,
68330,Sweet Home,AR,05119,
68360,Swifton,AR,05067,
68660,Taylor,AR,05027,
68810,Texarkana,AR,05091,
69050,Thornton,AR,05013,
69230,Tillar,AR,05041 05043,
69350,Tinsman,AR,05013,
69500,Tollette,AR,05061,
69740,Tontitown,AR,05143,
69830,Traskwood,AR,05125,
70010,Trumann,AR,05111,
70070,Tucker,AR,05069,
70100,Tuckerman,AR,05067,
70220,Tull,AR,05053,
70310,Tumbling Shoals,AR,05023,
70340,Tupelo,AR,05067,
70430,Turrell,AR,05035,
70540,Twin Groves,AR,05045,
70700,Tyronza,AR,05111,
70760,Ulm,AR,05117,
71060,Uniontown,AR,05033,
71180,Urbana,AR,05139,
71390,Valley Springs,AR,05009,
71480,Van Buren,AR,05033,
71510,Vandervoort,AR,05113,
71570,Vanndale,AR,05037,
71900,Victoria,AR,05093,
71960,Vilonia,AR,05045,
72140,Viola,AR,05049,
72170,Violet Hill,AR,05065,
72230,Wabbaseka,AR,05069,
72290,Walcott,AR,05055,
72320,Waldenburg,AR,05111,
72350,Waldo,AR,05027,
72380,Waldron,AR,05127,
72890,Walnut Ridge,AR,05075,
73130,Ward,AR,05085,
73250,Warm Springs,AR,05121,
73310,Warren,AR,05011,
73370,Washington,AR,05057,
73550,Watson,AR,05041,
73730,Wayton,AR,05101,
73940,Weiner,AR,05111,
74000,Weldon,AR,05067,
74090,Wesley,AR,05087,
74270,West Crossett,AR,05003,
74330,Western Grove,AR,05101,
74360,West Fork,AR,05143,
74540,West Memphis,AR,05035,
74660,West Point,AR,05145,
74840,Wheatley,AR,05123,
74930,Whelen Springs,AR,05019,
75170,White Hall,AR,05069,
75500,Wickes,AR,05113,
75560,Widener,AR,05123,
75570,Wiederkehr Village,AR,05047,
75590,Wilburn,AR,05023,
75740,Williford,AR,05135,
75770,Willisville,AR,05099,
75860,Wilmar,AR,05043,
75890,Wilmot,AR,05003,
75920,Wilson,AR,05093,
75980,Wilton,AR,05081,
76010,Winchester,AR,05043,
76190,Winslow,AR,05143,
76250,Winthrop,AR,05081,
76460,Witts Springs,AR,05129,
76690,Woodlawn,AR,05025,
76730,Woodson,AR,05119,
76820,Wooster,AR,05045,
76970,Wrightsville,AR,05119,
77090,Wynne,AR,05037,
77203,Yarborough Landing,AR,05081,
77330,Yellville,AR,05089,
77600,Zinc,AR,05009,
00730,Aguila,AZ,04013,
00870,Ajo,AZ,04019,
00940,Ak Chin,AZ,04019,
01090,Ak-Chin Village,AZ,04021,
01170,Alamo Lake,AZ,04012,
01560,Ali Chuk,AZ,04019,
01570,Ali Chukson,AZ,04019,
01620,Ali Molina,AZ,04019,
01920,Alpine,AZ,04001,
01990,Amado,AZ,04023,
02270,Anegam,AZ,04019,
02410,Antares,AZ,04015,
02430,Anthem,AZ,04013,
02830,Apache Junction,AZ,04013 04021,
03320,Arivaca,AZ,04019,
03380,Arivaca Junction,AZ,04019,
03530,Arizona City,AZ,04021,
03915,Arizona Village,AZ,04015,
04020,Arlington,AZ,04013,
04440,Ash Fork,AZ,04025,
04710,Avenue B and C,AZ,04027,
04720,Avondale,AZ,04013,
04880,Avra Valley,AZ,04019,
04930,Aztec,AZ,04027,
05140,Bagdad,AZ,04025,
05450,Bear Flat,AZ,04007,
05490,Beaver Dam,AZ,04015,
05495,Beaver Valley,AZ,04007,
05700,Bellemont,AZ,04005,
05770,Benson,AZ,04003,
05970,Beyerville,AZ,04023,
06260,Bisbee,AZ,04003,
06470,Bitter Springs,AZ,04005,
06610,Black Canyon City,AZ,04025,
06820,Blackwater,AZ,04021,
06997,Blue Ridge,AZ,04005,
07025,Bluewater,AZ,04012,
07310,Bouse,AZ,04012,
07380,Bowie,AZ,04003,
07590,Brenda,AZ,04012,
07915,Bryce,AZ,04009,
07940,Buckeye,AZ,04013,
08020,Buckshot,AZ,04027,
08220,Bullhead City,AZ,04015,
08535,Burnside,AZ,04001,
08710,Bylas,AZ,04009,
08920,Cactus Flats,AZ,04009,
08990,Cactus Forest,AZ,04021,
09340,Cameron,AZ,04005,
09580,Campo Bonito,AZ,04021,
09690,Camp Verde,AZ,04025,
09900,Cane Beds,AZ,04015,
10040,Canyon Day,AZ,04007,
10180,Carefree,AZ,04013,
10320,Carrizo,AZ,04007,
10460,Casa Blanca,AZ,04021,
10530,Casa Grande,AZ,04021,
10670,Casas Adobes,AZ,04019,
11160,Catalina,AZ,04019,
11230,Catalina Foothills,AZ,04019,
11300,Cave Creek,AZ,04013,
11370,Cedar Creek,AZ,04007,
11500,Centennial Park,AZ,04015,
11580,Central,AZ,04009,
11720,Central Heights-Midland City,AZ,04007,
12000,Chandler,AZ,04013,
12150,Charco,AZ,04019,
12560,Chiawuli Tak,AZ,04019,
12630,Chilchinbito,AZ,04017,
12770,Chinle,AZ,04001,
12840,Chino Valley,AZ,04025,
12910,Chloride,AZ,04015,
13140,Christopher Creek,AZ,04007,
13190,Chuichu,AZ,04021,
13400,Cibecue,AZ,04017,
13470,Cibola,AZ,04012,
13540,Cienega Springs,AZ,04012,
13610,Circle City,AZ,04013,
13820,Citrus Park,AZ,04013,
13850,Clacks Canyon,AZ,04015,
13890,Clarkdale,AZ,04025,
13960,Claypool,AZ,04007,
14030,Clay Springs,AZ,04017,
14380,Clifton,AZ,04011,
14870,Colorado City,AZ,04015,
15080,Comobabi,AZ,04019,
15150,Concho,AZ,04001,
15220,Congress,AZ,04025,
15500,Coolidge,AZ,04021,
15600,Copper Hill,AZ,04007,
15765,Cordes Lakes,AZ,04025,
15850,Cornfields,AZ,04001,
15920,Cornville,AZ,04025,
16030,Corona de Tucson,AZ,04019,
16360,Cottonwood,AZ,04001,
16410,Cottonwood,AZ,04025,
16830,Cowlic,AZ,04019,
17460,Crozier,AZ,04015,
17500,Crystal Beach,AZ,04015,
17810,Cutter,AZ,04007,
18160,Dateland,AZ,04027,
18448,Deer Creek,AZ,04007,
18490,Del Muerto,AZ,04001,
18580,Dennehotso,AZ,04001,
18740,Desert Hills,AZ,04015,
19145,Dewey-Humboldt,AZ,04025,
19280,Dilkon,AZ,04017,
19630,Dolan Springs,AZ,04015,
19740,Doney Park,AZ,04005,
19790,Donovan Estates,AZ,04027,
20050,Douglas,AZ,04003,
20330,Dragoon,AZ,04003,
20540,Drexel Heights,AZ,04019,
20560,Dripping Springs,AZ,04007,
20570,Drysdale,AZ,04027,
20680,Dudleyville,AZ,04021,
20750,Duncan,AZ,04011,
20960,Eagar,AZ,04001,
21310,East Fork,AZ,04017,
21410,East Globe,AZ,04007,
21545,East Verde Estates,AZ,04007,
21800,Ehrenberg,AZ,04012,
21900,El Capitan,AZ,04007,
21980,Elephant Head,AZ,04019,
22080,Elfrida,AZ,04003,
22150,Elgin,AZ,04023,
22220,El Mirage,AZ,04013,
22360,Eloy,AZ,04021,
22400,El Prado Estates,AZ,04027,
23512,First Mesa,AZ,04017,
23620,Flagstaff,AZ,04005,
23760,Florence,AZ,04021,
23955,Flowing Springs,AZ,04007,
23960,Flowing Wells,AZ,04019,
24100,Forest Lakes,AZ,04005,
24250,Fort Apache,AZ,04017,
24460,Fort Defiance,AZ,04001,
24895,Fort Mohave,AZ,04015,
24950,Fort Thomas,AZ,04009,
25030,Fortuna Foothills,AZ,04027,
25045,Fort Valley,AZ,04005,
25300,Fountain Hills,AZ,04013,
25650,Franklin,AZ,04011,
25720,Fredonia,AZ,04005,
25735,Freedom Acres,AZ,04007,
26070,Gadsden,AZ,04027,
26210,Ganado,AZ,04001,
26780,Geronimo Estates,AZ,04007,
27050,Gila Bend,AZ,04013,
27260,Gila Crossing,AZ,04013,
27400,Gilbert,AZ,04013,
27540,Gisela,AZ,04007,
27820,Glendale,AZ,04013,
28030,Globe,AZ,04007,
28140,Gold Canyon,AZ,04021,
28190,Golden Shores,AZ,04015,
28195,Golden Valley,AZ,04015,
28380,Goodyear,AZ,04013,
28465,Goodyear Village,AZ,04021,
28981,Grand Canyon Village,AZ,04005,
28985,Grand Canyon West,AZ,04015,
29430,Greasewood,AZ,04017,
29603,Greenehaven,AZ,04005,
29710,Green Valley,AZ,04019,
29850,Greer,AZ,04001,
30270,Guadalupe,AZ,04013,
30550,Gu Oidak,AZ,04019,
30830,Hackberry,AZ,04015,
30840,Haigler Creek,AZ,04007,
30850,Haivana Nakya,AZ,04019,
31182,Hard Rock,AZ,04017,
32020,Hayden,AZ,04007 04021,
32310,Heber-Overgaard,AZ,04017,
33280,Holbrook,AZ,04017,
33440,Hondah,AZ,04017,
33945,Hotevilla-Bacavi,AZ,04017,
33980,Houck,AZ,04001,
34120,Huachuca City,AZ,04003,
34700,Hunter Creek,AZ,04007,
34980,Icehouse Canyon,AZ,04007,
35310,Indian Wells,AZ,04017,
36010,Jakes Corner,AZ,04007,
36150,Jeddito,AZ,04017,
36290,Jerome,AZ,04025,
36430,Joseph City,AZ,04017,
36440,J-Six Ranchettes,AZ,04019,
36475,Kachina Village,AZ,04005,
36500,Kaibab,AZ,04015,
36535,Kaibab Estates West,AZ,04005,
36640,Kaibito,AZ,04005,
36780,Kaka,AZ,04013,
36920,Katherine,AZ,04015,
36990,Kayenta,AZ,04017,
37130,Keams Canyon,AZ,04017,
37200,Kearny,AZ,04021,
37620,Kingman,AZ,04015,
37935,Kino Springs,AZ,04023,
38250,Klagetoh,AZ,04001,
38290,Kleindale,AZ,04019,
38530,Kohatk,AZ,04021,
38600,Kohls Ranch,AZ,04007,
38655,Komatke,AZ,04013,
38950,Ko Vaya,AZ,04019,
39100,Kykotsmovi Village,AZ,04017,
39370,Lake Havasu City,AZ,04015,
39720,Lake Montezuma,AZ,04025,
39790,Lake of the Woods,AZ,04017,
40160,La Paz Valley,AZ,04012,
40400,Lazy Y U,AZ,04015,
40415,LeChee,AZ,04005,
40630,Leupp,AZ,04005,
41085,Linden,AZ,04017,
41330,Litchfield Park,AZ,04013,
41470,Littlefield,AZ,04015,
42460,Lower Santan Village,AZ,04021,
42590,Low Mountain,AZ,04017,
42660,Lukachukai,AZ,04001,
42940,Lupton,AZ,04001,
43150,McConnico,AZ,04015,
43430,McNary,AZ,04001 04017,
43570,McNeal,AZ,04003,
43920,Maish Vaya,AZ,04019,
43990,Mammoth,AZ,04021,
44200,Many Farms,AZ,04001,
44270,Marana,AZ,04019 04021,
44410,Maricopa,AZ,04021,
44450,Maricopa Colony,AZ,04013,
44830,Martinez Lake,AZ,04027,
45180,Mayer,AZ,04025,
45275,Mead Ranch,AZ,04007,
45285,Meadview,AZ,04015,
46000,Mesa,AZ,04013,
46005,Mesa del Caballo,AZ,04007,
46070,Mescal,AZ,04003,
46087,Mesquite Creek,AZ,04015,
46350,Miami,AZ,04007,
46840,Miracle Valley,AZ,04003,
47190,Moccasin,AZ,04015,
47330,Moenkopi,AZ,04005,
47400,Mohave Valley,AZ,04015,
47495,Mojave Ranch Estates,AZ,04015,
47610,Morenci,AZ,04011,
47680,Mormon Lake,AZ,04005,
47750,Morristown,AZ,04013,
47820,Mountainaire,AZ,04005,
47925,Mountain View Ranches,AZ,04005,
48170,Munds Park,AZ,04005,
48310,Naco,AZ,04003,
49010,Nazlini,AZ,04001,
49100,Nelson,AZ,04019,
49270,New Kingman-Butler,AZ,04015,
49360,New River,AZ,04013,
49640,Nogales,AZ,04023,
49710,Nolic,AZ,04019,
50000,North Fork,AZ,04017,
50340,Nutrioso,AZ,04001,
50362,Oak Creek Canyon,AZ,04005,
50480,Oak Springs,AZ,04001,
50620,Oatman,AZ,04015,
51142,Oljato-Monument Valley,AZ,04017,
51180,Oracle,AZ,04021,
51465,Orange Grove Mobile Manor,AZ,04027,
51600,Oro Valley,AZ,04019,
51775,Oxbow Estates,AZ,04007,
51800,Padre Ranchitos,AZ,04027,
51810,Page,AZ,04005,
52230,Palominas,AZ,04003,
52930,Paradise Valley,AZ,04013,
53070,Parker,AZ,04012,
53210,Parker Strip,AZ,04012,
53350,Parks,AZ,04005,
53490,Patagonia,AZ,04023,
53560,Paulden,AZ,04025,
53700,Payson,AZ,04007,
53770,Peach Springs,AZ,04015,
53910,Peeples Valley,AZ,04025,
54050,Peoria,AZ,04013 04025,
54190,Peridot,AZ,04007 04009,
55000,Phoenix,AZ,04013,
55210,Picacho,AZ,04021,
55300,Picture Rocks,AZ,04019,
55560,Pima,AZ,04009,
55630,Pinal,AZ,04007,
55700,Pine,AZ,04007,
55840,Pinedale,AZ,04017,
55845,Pine Lake,AZ,04015,
55880,Pinetop Country Club,AZ,04017,
55980,Pinetop-Lakeside,AZ,04017,
55983,Pinion Pines,AZ,04015,
56120,Pinon,AZ,04017,
56400,Pirtleville,AZ,04003,
56470,Pisinemo,AZ,04019,
57170,Poston,AZ,04012,
57380,Prescott,AZ,04025,
57450,Prescott Valley,AZ,04025,
58010,Quartzsite,AZ,04012,
58150,Queen Creek,AZ,04013 04021,
58290,Queen Valley,AZ,04021,
58620,Rainbow City,AZ,04017,
58870,Rancho Mesa Verde,AZ,04027,
59372,Red Lake,AZ,04005,
59550,Red Mesa,AZ,04001,
59690,Red Rock,AZ,04001,
59760,Red Rock,AZ,04021,
59900,Rillito,AZ,04019,
60120,Rincon Valley,AZ,04019,
60180,Rio Rico,AZ,04023,
60250,Rio Verde,AZ,04013,
60770,Rock House,AZ,04007,
60880,Rock Point,AZ,04001,
61300,Roosevelt,AZ,04007,
61302,Roosevelt Estates,AZ,04007,
61370,Rough Rock,AZ,04001,
61440,Round Rock,AZ,04001,
61448,Round Valley,AZ,04007,
61690,Rye,AZ,04007,
61715,Sacate Village,AZ,04021,
61720,Sacaton,AZ,04021,
61800,Sacaton Flats Village,AZ,04021,
61940,Saddlebrooke,AZ,04021,
62000,Safford,AZ,04009,
62140,Sahuarita,AZ,04019,
62280,St. David,AZ,04003,
62350,St. Johns,AZ,04001,
62362,St. Johns,AZ,04013,
62420,St. Michaels,AZ,04001,
62700,Salome,AZ,04012,
62910,San Carlos,AZ,04007,
63050,Sanders,AZ,04001,
63260,San Jose,AZ,04009,
63470,San Luis,AZ,04027,
63540,San Manuel,AZ,04021,
63610,San Miguel,AZ,04019,
63820,San Simon,AZ,04003,
63960,Santa Cruz,AZ,04021,
64210,San Tan Valley,AZ,04021,
64310,Santa Rosa,AZ,04019,
64590,Sawmill,AZ,04001,
64650,Scenic,AZ,04015,
65000,Scottsdale,AZ,04013,
65167,Seba Dalkai,AZ,04017,
65280,Second Mesa,AZ,04017,
65350,Sedona,AZ,04005 04025,
65400,Sehili,AZ,04001,
65420,Seligman,AZ,04025,
65490,Sells,AZ,04019,
65780,Seven Mile,AZ,04017,
66190,Shongopovi,AZ,04017,
66260,Shonto,AZ,04017,
66470,Show Low,AZ,04017,
66540,Shumway,AZ,04017,
66820,Sierra Vista,AZ,04003,
66845,Sierra Vista Southeast,AZ,04003,
67295,Six Shooter Canyon,AZ,04007,
67800,Snowflake,AZ,04017,
67920,So-Hi,AZ,04015,
68010,Solomon,AZ,04009,
68080,Somerton,AZ,04027,
68220,Sonoita,AZ,04023,
68670,South Komelik,AZ,04019,
68850,South Tucson,AZ,04019,
68990,Springerville,AZ,04001,
69060,Spring Valley,AZ,04025,
69130,Stanfield,AZ,04021,
69480,Star Valley,AZ,04007,
69585,Steamboat,AZ,04001,
69872,Stotonic Village,AZ,04021,
70040,Strawberry,AZ,04007,
70175,Summerhaven,AZ,04019,
70240,Summit,AZ,04019,
70320,Sun City,AZ,04013,
70355,Sun City West,AZ,04013,
70460,Sunizona,AZ,04003,
70530,Sun Lakes,AZ,04013,
71020,Sunsites,AZ,04003,
71160,Sun Valley,AZ,04017,
71220,Sunwest,AZ,04012,
71230,Supai,AZ,04005,
71300,Superior,AZ,04021,
71510,Surprise,AZ,04013,
71642,Sweet Water Village,AZ,04021,
71650,Swift Trail Junction,AZ,04009,
71790,Tacna,AZ,04027,
72000,Tanque Verde,AZ,04019,
72280,Tat Momoli,AZ,04021,
72420,Taylor,AZ,04017,
72560,Teec Nos Pos,AZ,04001,
72630,Tees Toh,AZ,04017,
73000,Tempe,AZ,04013,
73420,Thatcher,AZ,04009,
73490,Theba,AZ,04013,
73700,Three Points,AZ,04019,
73890,Timberline-Fernwood,AZ,04005,
74120,Tolani Lake,AZ,04005,
74190,Tolleson,AZ,04013,
74400,Tombstone,AZ,04003,
74470,Tonalea,AZ,04005,
74540,Tonopah,AZ,04013,
74610,Tonto Basin,AZ,04007,
74665,Tonto Village,AZ,04007,
74680,Topawa,AZ,04019,
74750,Topock,AZ,04015,
74820,Top-of-the-World,AZ,04007 04021,
75310,Toyei,AZ,04001,
75590,Truxton,AZ,04015,
75660,Tsaile,AZ,04001,
75940,Tubac,AZ,04023,
76010,Tuba City,AZ,04005,
77000,Tucson,AZ,04019,
77035,Tucson Estates,AZ,04019,
77179,Tucson Mountains,AZ,04019,
77367,Tumacacori-Carmen,AZ,04023,
77415,Turkey Creek,AZ,04017,
77490,Tusayan,AZ,04005,
78300,Upper Santan Village,AZ,04021,
78400,Utting,AZ,04012,
78540,Vail,AZ,04019,
78680,Vaiva Vo,AZ,04021,
78760,Valencia West,AZ,04019,
78820,Valentine,AZ,04015,
78855,Valle,AZ,04005,
78865,Valle Vista,AZ,04015,
79590,Ventana,AZ,04019,
79830,Verde Village,AZ,04025,
79870,Vernon,AZ,04001,
79940,Vicksburg,AZ,04012,
80095,Village of Oak Creek (Big Park),AZ,04025,
80380,Wagon Wheel,AZ,04017,
80430,Wahak Hotrontk,AZ,04019,
80790,Wall Lane,AZ,04027,
80825,Walnut Creek,AZ,04015,
81175,Washington Park,AZ,04007,
81480,Wellton,AZ,04027,
81490,Wellton Hills,AZ,04027,
81550,Wenden,AZ,04012,
82060,Wet Camp Village,AZ,04021,
82120,Wheatfields,AZ,04007,
82156,Whetstone,AZ,04003,
82270,Whispering Pines,AZ,04007,
82390,Whitecone,AZ,04017,
82425,White Hills,AZ,04015,
82450,White Mountain Lake,AZ,04017,
82530,Whiteriver,AZ,04017,
82670,Why,AZ,04019,
82740,Wickenburg,AZ,04013 04025,
82810,Wide Ruins,AZ,04001,
82880,Wikieup,AZ,04015,
82950,Wilhoit,AZ,04025,
83090,Willcox,AZ,04003,
83160,Williams,AZ,04005,
83388,Williamson,AZ,04025,
83475,Willow Canyon,AZ,04019,
83570,Willow Valley,AZ,04015,
83720,Window Rock,AZ,04001,
83790,Winkelman,AZ,04007 04021,
83930,Winslow,AZ,04017,
83960,Winslow West,AZ,04005 04017,
84000,Wintersburg,AZ,04013,
84140,Wittmann,AZ,04013,
84350,Woodruff,AZ,04017,
84980,Yarnell,AZ,04025,
85260,York,AZ,04011,
85330,Young,AZ,04007,
85400,Youngtown,AZ,04013,
85470,Yucca,AZ,04015,
85540,Yuma,AZ,04027,
85680,Yuma Proving Ground,AZ,04027,
00135,Acalanes Ridge,CA,06013,
00156,Acampo,CA,06077,
00212,Acton,CA,06037,
00296,Adelanto,CA,06071,
00310,Adin,CA,06049,
00394,Agoura Hills,CA,06037,
00450,Agua Dulce,CA,06037,
00464,Aguanga,CA,06065,
00478,Ahwahnee,CA,06039,
00535,Airport,CA,06099,
00562,Alameda,CA,06001,
00618,Alamo,CA,06013,
00674,Albany,CA,06001,
00716,Albion,CA,06045,
00786,Alderpoint,CA,06023,
00884,Alhambra,CA,06037,
00898,Alhambra Valley,CA,06013,
00947,Aliso Viejo,CA,06059,
00982,Alleghany,CA,06091,
00996,Allendale,CA,06095,
01010,Allensworth,CA,06107,
01094,Almanor,CA,06063,
01150,Alondra Park,CA,06037,
01164,Alpaugh,CA,06107,
01192,Alpine,CA,06073,
01228,Alpine Village,CA,06003,
01276,Alta,CA,06061,
01290,Altadena,CA,06037,
01358,Alta Sierra,CA,06029,
01360,Alta Sierra,CA,06057,
01416,Alto,CA,06041,
01444,Alturas,CA,06049,
01458,Alum Rock,CA,06085,
01514,Amador City,CA,06005,
01518,Amador Pines,CA,06005,
01640,American Canyon,CA,06055,
01651,Amesti,CA,06087,
02000,Anaheim,CA,06059,
02028,Anchor Bay,CA,06045,
02042,Anderson,CA,06089,
02112,Angels,CA,06009,
02168,Angwin,CA,06055,
02210,Antelope,CA,06067,
02252,Antioch,CA,06013,
02294,Anza,CA,06065,
02364,Apple Valley,CA,06071,
02378,Aptos,CA,06087,
02382,Aptos Hills-Larkin Valley,CA,06087,
02420,Arbuckle,CA,06011,
02462,Arcadia,CA,06037,
02476,Arcata,CA,06023,
02553,Arden-Arcade,CA,06067,
02700,Armona,CA,06031,
02770,Arnold,CA,06009,
02812,Aromas,CA,06053 06069,
02868,Arroyo Grande,CA,06079,
02896,Artesia,CA,06037,
02910,Artois,CA,06021,
02924,Arvin,CA,06029,
02980,Ashland,CA,06001,
03026,Aspen Springs,CA,06051,
03064,Atascadero,CA,06079,
03092,Atherton,CA,06081,
03162,Atwater,CA,06047,
03190,Auberry,CA,06019,
03204,Auburn,CA,06061,
03205,Auburn Lake Trails,CA,06017,
03209,August,CA,06077,
03274,Avalon,CA,06037,
03302,Avenal,CA,06031,
03316,Avery,CA,06009,
03330,Avila Beach,CA,06079,
03344,Avocado Heights,CA,06037,
03386,Azusa,CA,06037,
03512,Baker,CA,06071,
03526,Bakersfield,CA,06029,
03546,Bakersfield Country Club,CA,06029,
03666,Baldwin Park,CA,06037,
03694,Ballard,CA,06083,
03708,Ballico,CA,06047,
03792,Bangor,CA,06007,
03820,Banning,CA,06065,
04030,Barstow,CA,06071,
04198,Bass Lake,CA,06039,
04415,Bay Point,CA,06013,
04470,Bayview,CA,06013,
04478,Bayview,CA,06023,
04549,Baywood Park,CA,06081,
04576,Beale AFB,CA,06115,
04632,Bear Creek,CA,06047,
04716,Bear Valley,CA,06003,
04730,Bear Valley,CA,06043,
04734,Bear Valley Springs,CA,06029,
04758,Beaumont,CA,06065,
04772,Beckwourth,CA,06063,
04856,Belden,CA,06063,
04870,Bell,CA,06037,
04926,Bella Vista,CA,06089,
04938,Bell Canyon,CA,06111,
04982,Bellflower,CA,06037,
04996,Bell Gardens,CA,06037,
05108,Belmont,CA,06081,
05164,Belvedere,CA,06041,
05262,Benbow,CA,06023,
05276,Bend,CA,06103,
05290,Benicia,CA,06095,
05332,Ben Lomond,CA,06087,
05346,Benton,CA,06051,
05356,Benton Park,CA,06029,
06000,Berkeley,CA,06001,
06028,Bermuda Dunes,CA,06065,
06070,Berry Creek,CA,06007,
06150,Bertsch-Oceanview,CA,06015,
06210,Bethel Island,CA,06013,
06308,Beverly Hills,CA,06037,
06336,Bieber,CA,06035,
06406,Big Bear City,CA,06071,
06434,Big Bear Lake,CA,06071,
06475,Big Bend,CA,06089,
06518,Big Creek,CA,06019,
06560,Biggs,CA,06007,
06567,Big Lagoon,CA,06023,
06616,Big Pine,CA,06027,
06635,Big River,CA,06071,
06728,Biola,CA,06019,
06798,Bishop,CA,06027,
06928,Blackhawk,CA,06013,
06935,Blacklake,CA,06079,
06982,Black Point-Green Point,CA,06041,
06994,Blairsden,CA,06063,
07036,Bloomfield,CA,06097,
07064,Bloomington,CA,06071,
07162,Blue Lake,CA,06023,
07172,Bluewater,CA,06071,
07218,Blythe,CA,06065,
07246,Bodega,CA,06097,
07260,Bodega Bay,CA,06097,
07274,Bodfish,CA,06029,
07316,Bolinas,CA,06041,
07372,Bombay Beach,CA,06025,
07378,Bonadelle Ranchos,CA,06039,
07414,Bonita,CA,06073,
07470,Bonny Doon,CA,06087,
07498,Bonsall,CA,06073,
07512,Boonville,CA,06045,
07525,Bootjack,CA,06043,
07568,Boron,CA,06029,
07578,Boronda,CA,06053,
07596,Borrego Springs,CA,06073,
07624,Bostonia,CA,06073,
07652,Boulder Creek,CA,06087,
07694,Boulevard,CA,06073,
07750,Bowles,CA,06019,
07848,Boyes Hot Springs,CA,06097,
07946,Bradbury,CA,06037,
07974,Bradley,CA,06053,
08058,Brawley,CA,06025,
08100,Brea,CA,06059,
08142,Brentwood,CA,06013,
08172,Bret Harte,CA,06099,
08240,Bridgeport,CA,06051,
08310,Brisbane,CA,06081,
08338,Broadmoor,CA,06081,
08478,Brookdale,CA,06087,
08506,Brooks,CA,06113,
08530,Brooktrails,CA,06045,
08680,Buckhorn,CA,06005,
08716,Buck Meadows,CA,06043,
08744,Bucks Lake,CA,06063,
08758,Buellton,CA,06083,
08786,Buena Park,CA,06059,
08828,Buena Vista,CA,06005,
08954,Burbank,CA,06037,
08968,Burbank,CA,06085,
09066,Burlingame,CA,06081,
09122,Burney,CA,06089,
09150,Burnt Ranch,CA,06105,
09310,Butte Creek Canyon,CA,06007,
09318,Butte Meadows,CA,06007,
09324,Butte Valley,CA,06007,
09332,Buttonwillow,CA,06029,
09346,Byron,CA,06013,
09353,Bystrom,CA,06099,
09360,Cabazon,CA,06065,
09598,Calabasas,CA,06037,
09710,Calexico,CA,06025,
09780,California City,CA,06029,
09822,California Hot Springs,CA,06107,
09834,California Pines,CA,06049,
09835,California Polytechnic State University,CA,06079,
09864,Calimesa,CA,06065,
09878,Calipatria,CA,06025,
09892,Calistoga,CA,06055,
09948,Callender,CA,06079,
09990,Calpella,CA,06045,
10004,Calpine,CA,06091,
10032,Calwa,CA,06019,
10042,Camanche North Shore,CA,06005,
10044,Camanche Village,CA,06005,
10046,Camarillo,CA,06111,
10074,Cambria,CA,06079,
10088,Cambrian Park,CA,06085,
10256,Cameron Park,CA,06017,
10270,Camino,CA,06017,
10301,Camino Tassajara,CA,06013,
10345,Campbell,CA,06085,
10494,Camp Nelson,CA,06107,
10508,Campo,CA,06073,
10536,Campo Seco,CA,06009,
10554,Camp Pendleton Mainside,CA,06073,
10561,Camp Pendleton South,CA,06073,
10676,Camptonville,CA,06115,
10732,Canby,CA,06049,
10816,Cantua Creek,CA,06019,
10914,Canyondam,CA,06063,
10928,Canyon Lake,CA,06065,
11040,Capitola,CA,06087,
11166,Caribou,CA,06063,
11194,Carlsbad,CA,06073,
11250,Carmel-by-the-Sea,CA,06053,
11324,Carmel Valley Village,CA,06053,
11376,Carmet,CA,06097,
11390,Carmichael,CA,06067,
11418,Carnelian Bay,CA,06061,
11446,Carpinteria,CA,06083,
11481,Carrick,CA,06093,
11530,Carson,CA,06037,
11600,Cartago,CA,06027,
11614,Caruthers,CA,06019,
11656,Casa Conejo,CA,06111,
11691,Casa de Oro-Mount Helix,CA,06073,
11696,Casa Loma,CA,06029,
11754,Casmalia,CA,06083,
11768,Caspar,CA,06045,
11782,Cassel,CA,06089,
11796,Castaic,CA,06037,
11824,Castella,CA,06089,
11915,Castle Hill,CA,06013,
11964,Castro Valley,CA,06001,
11978,Castroville,CA,06053,
12048,Cathedral City,CA,06065,
12062,Catheys Valley,CA,06043,
12132,Cayucos,CA,06079,
12146,Cazadero,CA,06097,
12216,Cedar Flat,CA,06061,
12300,Cedar Ridge,CA,06109,
12314,Cedar Slope,CA,06107,
12328,Cedarville,CA,06049,
12412,Centerville,CA,06019,
12415,Centerville,CA,06089,
12524,Ceres,CA,06099,
12552,Cerritos,CA,06037,
12594,Chalfant,CA,06051,
12612,Challenge-Brownsville,CA,06115,
12669,Channel Islands Beach,CA,06111,
12730,Charleston View,CA,06027,
12734,Charter Oak,CA,06037,
12818,Cherokee,CA,06007,
12860,Cherokee Strip,CA,06029,
12902,Cherryland,CA,06001,
12916,Cherry Valley,CA,06065,
12930,Chester,CA,06063,
13014,Chico,CA,06007,
13077,Chilcoot-Vinton,CA,06063,
13157,China Lake Acres,CA,06029,
13182,Chinese Camp,CA,06109,
13210,Chino,CA,06071,
13214,Chino Hills,CA,06071,
13278,Choctaw Valley,CA,06029,
13294,Chowchilla,CA,06039,
13364,Chualar,CA,06053,
13392,Chula Vista,CA,06073,
13560,Citrus,CA,06037,
13588,Citrus Heights,CA,06067,
13756,Claremont,CA,06037,
13784,Clarksburg,CA,06113,
13854,Clay,CA,06067,
13882,Clayton,CA,06013,
13910,Clear Creek,CA,06035,
13945,Clearlake,CA,06033,
13966,Clearlake Oaks,CA,06033,
13985,Clearlake Riviera,CA,06033,
14008,Cleone,CA,06045,
14106,Clio,CA,06063,
14148,Clipper Mills,CA,06007,
14190,Cloverdale,CA,06097,
14218,Clovis,CA,06019,
14232,Clyde,CA,06013,
14260,Coachella,CA,06065,
14274,Coalinga,CA,06019,
14288,Coarsegold,CA,06039,
14302,Cobb,CA,06033,
14406,Coffee Creek,CA,06105,
14442,Cohasset,CA,06007,
14450,Cold Springs,CA,06017,
14454,Cold Springs,CA,06109,
14484,Coleville,CA,06051,
14498,Colfax,CA,06061,
14554,College City,CA,06011,
14708,Collierville,CA,06077,
14736,Colma,CA,06081,
14764,Coloma,CA,06017,
14890,Colton,CA,06071,
14904,Columbia,CA,06109,
14946,Colusa,CA,06011,
14974,Commerce,CA,06037,
15030,Comptche,CA,06045,
15044,Compton,CA,06037,
16000,Concord,CA,06013,
16035,Concow,CA,06007,
16090,Contra Costa Centre,CA,06013,
16210,Copperopolis,CA,06009,
16224,Corcoran,CA,06031,
16322,Corning,CA,06103,
16350,Corona,CA,06065,
16378,Coronado,CA,06073,
16420,Coronita,CA,06065,
16434,Corralitos,CA,06087,
16462,Corte Madera,CA,06041,
16532,Costa Mesa,CA,06059,
16560,Cotati,CA,06097,
16580,Coto de Caza,CA,06059,
16623,Cottonwood,CA,06029,
16630,Cottonwood,CA,06089,
16644,Coulterville,CA,06043,
16651,Country Club,CA,06077,
16714,Courtland,CA,06067,
16728,Covelo,CA,06045,
16742,Covina,CA,06037,
16762,Cowan,CA,06099,
17022,Crescent City,CA,06015,
17050,Crescent Mills,CA,06063,
17078,Cressey,CA,06047,
17106,Crest,CA,06073,
17162,Crestline,CA,06071,
17232,Creston,CA,06079,
17267,C-Road,CA,06063,
17274,Crockett,CA,06013,
17288,Cromberg,CA,06063,
17372,Crowley Lake,CA,06051,
17428,Crows Landing,CA,06099,
17498,Cudahy,CA,06037,
17568,Culver City,CA,06037,
17610,Cupertino,CA,06085,
17708,Cutler,CA,06107,
17722,Cutten,CA,06023,
17727,Cuyama,CA,06083,
17750,Cypress,CA,06059,
17876,Dales,CA,06103,
17918,Daly City,CA,06081,
17946,Dana Point,CA,06059,
17988,Danville,CA,06013,
17995,Daphnedale Park,CA,06049,
18030,Darwin,CA,06027,
18086,Davenport,CA,06087,
18100,Davis,CA,06113,
18153,Day Valley,CA,06087,
18324,Deer Park,CA,06055,
18352,Del Aire,CA,06037,
18394,Delano,CA,06029,
18422,Del Dios,CA,06073,
18450,Delft Colony,CA,06107,
18464,Delhi,CA,06047,
18485,Delleker,CA,06063,
18506,Del Mar,CA,06073,
18590,Del Monte Forest,CA,06053,
18674,Del Rey,CA,06019,
18688,Del Rey Oaks,CA,06053,
18695,Del Rio,CA,06099,
18856,Denair,CA,06099,
18926,Derby Acres,CA,06029,
18940,Descanso,CA,06073,
18982,Desert Center,CA,06065,
18986,Desert Edge,CA,06065,
18996,Desert Hot Springs,CA,06065,
19022,Desert Palms,CA,06065,
19024,Desert Shores,CA,06025,
19052,Desert View Highlands,CA,06037,
19150,Diablo,CA,06013,
19155,Diablo Grande,CA,06099,
19192,Diamond Bar,CA,06037,
19220,Diamond Springs,CA,06017,
19248,Di Giorgio,CA,06029,
19262,Dillon Beach,CA,06041,
19318,Dinuba,CA,06107,
19339,Discovery Bay,CA,06013,
19402,Dixon,CA,06095,
19406,Dixon Lane-MeadowCreek,CA,06027,
19416,Dobbins,CA,06115,
19440,Dogtown,CA,06077,
19455,Dollar Point,CA,06061,
19570,Dorrington,CA,06009,
19584,Dorris,CA,06093,
19612,Dos Palos,CA,06047,
19654,Dos Palos Y,CA,06047,
19724,Douglas City,CA,06105,
19738,Douglas Flat,CA,06009,
19766,Downey,CA,06037,
19794,Downieville,CA,06091,
19878,Doyle,CA,06035,
19976,Drytown,CA,06005,
19990,Duarte,CA,06037,
20018,Dublin,CA,06001,
20032,Ducor,CA,06107,
20228,Dunnigan,CA,06113,
20242,Dunsmuir,CA,06093,
20270,Durham,CA,06007,
20284,Dustin Acres,CA,06029,
20298,Dutch Flat,CA,06061,
20424,Eagleville,CA,06049,
20438,Earlimart,CA,06107,
20515,East Bakersfield,CA,06029,
20574,Eastern Goleta Valley,CA,06083,
20598,East Foothills,CA,06085,
20697,East Hemet,CA,06065,
20802,East Los Angeles,CA,06037,
20900,East Nicolaus,CA,06101,
20903,East Niles,CA,06029,
20907,East Oakdale,CA,06099,
20928,Easton,CA,06019,
20942,East Orosi,CA,06107,
20956,East Palo Alto,CA,06081,
20984,East Pasadena,CA,06037,
21012,East Porterville,CA,06107,
21026,East Quincy,CA,06063,
21034,East Rancho Dominguez,CA,06037,
21061,East Richmond Heights,CA,06013,
21096,East San Gabriel,CA,06037,
21138,East Shore,CA,06063,
21188,East Sonora,CA,06109,
21210,East Tulare Villa,CA,06107,
21230,Eastvale,CA,06065,
21292,East Whittier,CA,06037,
21530,Edgewood,CA,06093,
21544,Edison,CA,06029,
21558,Edmundson Acres,CA,06029,
21565,Edna,CA,06079,
21600,Edwards AFB,CA,06029,
21691,El Adobe,CA,06029,
21712,El Cajon,CA,06073,
21782,El Centro,CA,06025,
21788,El Centro Naval Air Facility,CA,06025,
21796,El Cerrito,CA,06013,
21810,El Cerrito,CA,06065,
21880,El Dorado Hills,CA,06017,
21894,Eldridge,CA,06097,
21916,Elfin Forest,CA,06073,
21936,El Granada,CA,06081,
21964,Elizabeth Lake,CA,06037,
22006,Elk Creek,CA,06021,
22020,Elk Grove,CA,06067,
22034,Elkhorn,CA,06053,
22104,El Macero,CA,06113,
22146,Elmira,CA,06095,
22188,El Modena,CA,06059,
22230,El Monte,CA,06037,
22235,El Monte Mobile Village,CA,06107,
22286,El Nido,CA,06047,
22300,El Paso de Robles (Paso Robles),CA,06079,
22328,El Portal,CA,06043,
22360,El Rancho,CA,06107,
22370,El Rio,CA,06111,
22412,El Segundo,CA,06037,
22454,El Sobrante,CA,06013,
22457,El Sobrante,CA,06065,
22510,El Verano,CA,06097,
22524,Elverta,CA,06067,
22587,Emerald Lake Hills,CA,06081,
22594,Emeryville,CA,06001,
22622,Empire,CA,06099,
22678,Encinitas,CA,06073,
22790,Escalon,CA,06077,
22804,Escondido,CA,06073,
22846,Esparto,CA,06113,
22972,Etna,CA,06093,
23000,Eucalyptus Hills,CA,06073,
23042,Eureka,CA,06023,
23126,Exeter,CA,06107,
23150,Fairbanks Ranch,CA,06073,
23158,Fairfax,CA,06029,
23168,Fairfax,CA,06041,
23182,Fairfield,CA,06095,
23196,Fairhaven,CA,06023,
23210,Fairmead,CA,06039,
23294,Fair Oaks,CA,06067,
23350,Fairview,CA,06001,
23462,Fallbrook,CA,06073,
23532,Fall River Mills,CA,06089,
23616,Farmersville,CA,06107,
23630,Farmington,CA,06077,
23812,Fellows,CA,06029,
23826,Felton,CA,06087,
23910,Ferndale,CA,06023,
23973,Fetters Hot Springs-Agua Caliente,CA,06097,
23980,Fiddletown,CA,06005,
24008,Fieldbrook,CA,06023,
24022,Fields Landing,CA,06023,
24092,Fillmore,CA,06111,
24134,Firebaugh,CA,06019,
24218,Fish Camp,CA,06043,
24477,Florence-Graham,CA,06037,
24498,Florin,CA,06067,
24526,Floriston,CA,06057,
24568,Flournoy,CA,06103,
24638,Folsom,CA,06067,
24680,Fontana,CA,06071,
24722,Foothill Farms,CA,06067,
24750,Forbestown,CA,06007,
24764,Ford City,CA,06029,
24792,Foresta,CA,06043,
24834,Foresthill,CA,06061,
24897,Forest Meadows,CA,06009,
24918,Forest Ranch,CA,06007,
24960,Forestville,CA,06097,
25030,Fort Bidwell,CA,06049,
25058,Fort Bragg,CA,06045,
25086,Fort Dick,CA,06015,
25093,Fort Hunter Liggett,CA,06053,
25114,Fort Irwin,CA,06071,
25128,Fort Jones,CA,06093,
25296,Fortuna,CA,06023,
25300,Fort Washington,CA,06019,
25338,Foster City,CA,06081,
25380,Fountain Valley,CA,06059,
25436,Fowler,CA,06019,
25488,Franklin,CA,06047,
25506,Franklin,CA,06067,
25534,Frazier Park,CA,06029,
25576,Freedom,CA,06087,
25590,Freeport,CA,06067,
26000,Fremont,CA,06001,
26028,French Camp,CA,06077,
26056,French Gulch,CA,06089,
26067,French Valley,CA,06065,
27000,Fresno,CA,06019,
27014,Friant,CA,06019,
27080,Fruitdale,CA,06085,
27130,Fruitridge Pocket,CA,06067,
27190,Fuller Acres,CA,06029,
28000,Fullerton,CA,06059,
28014,Fulton,CA,06097,
28021,Furnace Creek,CA,06027,
28112,Galt,CA,06067,
28154,Garberville,CA,06023,
28168,Gardena,CA,06037,
28182,Garden Acres,CA,06077,
28210,Garden Farms,CA,06079,
29000,Garden Grove,CA,06059,
29070,Garey,CA,06083,
29112,Garnet,CA,06065,
29154,Gasquet,CA,06015,
29252,Gazelle,CA,06093,
29350,Georgetown,CA,06017,
29392,Gerber,CA,06103,
29420,Geyserville,CA,06097,
29504,Gilroy,CA,06085,
29714,Glencoe,CA,06009,
30000,Glendale,CA,06037,
30014,Glendora,CA,06037,
30028,Glen Ellen,CA,06097,
30126,Glennville,CA,06029,
30282,Golden Hills,CA,06029,
30339,Gold Mountain,CA,06063,
30345,Gold River,CA,06067,
30378,Goleta,CA,06083,
30392,Gonzales,CA,06053,
30410,Good Hope,CA,06065,
30412,Goodmanville,CA,06029,
30420,Goodyears Bar,CA,06091,
30476,Goshen,CA,06107,
30560,Graeagle,CA,06063,
30658,Grand Terrace,CA,06071,
30686,Grangeville,CA,06031,
30693,Granite Bay,CA,06061,
30703,Granite Hills,CA,06073,
30714,Graniteville,CA,06057,
30798,Grass Valley,CA,06057,
30812,Graton,CA,06097,
30882,Grayson,CA,06099,
30900,Greeley Hill,CA,06043,
30938,Greenacres,CA,06029,
30944,Green Acres,CA,06065,
30987,Greenfield,CA,06029,
30994,Greenfield,CA,06053,
31029,Greenhorn,CA,06063,
31092,Green Valley,CA,06037,
31099,Green Valley,CA,06095,
31134,Greenview,CA,06093,
31162,Greenville,CA,06063,
31246,Grenada,CA,06093,
31260,Gridley,CA,06007,
31288,Grimes,CA,06011,
31302,Grizzly Flats,CA,06017,
31372,Groveland,CA,06109,
31393,Grover Beach,CA,06079,
31414,Guadalupe,CA,06083,
31470,Guerneville,CA,06097,
31540,Guinda,CA,06113,
31568,Gustine,CA,06047,
31596,Hacienda Heights,CA,06037,
31708,Half Moon Bay,CA,06081,
31883,Hamilton Branch,CA,06063,
31890,Hamilton City,CA,06021,
31960,Hanford,CA,06031,
32030,Happy Camp,CA,06093,
32036,Happy Valley,CA,06089,
32044,Harbison Canyon,CA,06073,
32156,Hardwick,CA,06031,
32212,Harmony Grove,CA,06073,
32324,Hartland,CA,06107,
32340,Hartley,CA,06095,
32385,Hasley Canyon,CA,06037,
32408,Hat Creek,CA,06089,
32436,Hathaway Pines,CA,06009,
32506,Hawaiian Gardens,CA,06037,
32548,Hawthorne,CA,06037,
32562,Hayfork,CA,06105,
33000,Hayward,CA,06001,
33056,Healdsburg,CA,06097,
33084,Heber,CA,06025,
33182,Hemet,CA,06065,
33294,Herald,CA,06067,
33308,Hercules,CA,06013,
33336,Herlong,CA,06035,
33364,Hermosa Beach,CA,06037,
33434,Hesperia,CA,06071,
33504,Hickman,CA,06099,
33518,Hidden Hills,CA,06037,
33532,Hidden Meadows,CA,06073,
33549,Hidden Valley Lake,CA,06033,
33574,Highgrove,CA,06065,
33588,Highland,CA,06071,
33632,Highlands,CA,06081,
33689,Hillcrest,CA,06029,
33798,Hillsborough,CA,06081,
33861,Hilmar-Irwin,CA,06047,
33935,Hiouchi,CA,06015,
34120,Hollister,CA,06069,
34246,Holtville,CA,06025,
34281,Home Garden,CA,06031,
34302,Home Gardens,CA,06065,
34316,Homeland,CA,06065,
34392,Homestead Valley,CA,06071,
34405,Homewood Canyon,CA,06027,
34428,Honcut,CA,06007,
34484,Hood,CA,06067,
34540,Hoopa,CA,06023,
34652,Hopland,CA,06045,
34694,Hornbrook,CA,06093,
34708,Hornitos,CA,06043,
34904,Hughson,CA,06099,
34928,Humboldt Hill,CA,06023,
36000,Huntington Beach,CA,06059,
36056,Huntington Park,CA,06037,
36084,Huron,CA,06019,
36098,Hyampom,CA,06105,
36126,Hydesville,CA,06023,
36135,Hypericum,CA,06107,
36168,Idlewild,CA,06107,
36203,Idyllwild-Pine Cove,CA,06065,
36252,Igo,CA,06089,
36280,Imperial,CA,06025,
36294,Imperial Beach,CA,06073,
36350,Independence,CA,06027,
36364,Indian Falls,CA,06063,
36420,Indianola,CA,06023,
36434,Indian Wells,CA,06065,
36448,Indio,CA,06065,
36452,Indio Hills,CA,06065,
36490,Industry,CA,06037,
36546,Inglewood,CA,06037,
36613,Interlaken,CA,06087,
36616,Inverness,CA,06041,
36658,Inyokern,CA,06029,
36672,Ione,CA,06005,
36735,Iron Horse,CA,06063,
36770,Irvine,CA,06059,
36826,Irwindale,CA,06037,
36868,Isla Vista,CA,06083,
36882,Isleton,CA,06067,
36910,Ivanhoe,CA,06107,
36980,Jackson,CA,06005,
37022,Jacumba,CA,06073,
37106,Jamestown,CA,06109,
37120,Jamul,CA,06073,
37134,Janesville,CA,06035,
37274,Jenner,CA,06097,
37400,Johannesburg,CA,06029,
37442,Johnson Park,CA,06089,
37484,Johnstonville,CA,06035,
37512,Johnsville,CA,06063,
37533,Jones Valley,CA,06089,
37554,Joshua Tree,CA,06071,
37568,Jovista,CA,06107,
37582,Julian,CA,06073,
37596,Junction City,CA,06105,
37624,June Lake,CA,06051,
37692,Jurupa Valley,CA,06065,
37904,Keddie,CA,06063,
37918,Keeler,CA,06027,
37946,Keene,CA,06029,
38024,Kelly Ridge,CA,06007,
38044,Kelseyville,CA,06033,
38065,Kennedy,CA,06077,
38076,Kennedy Meadows,CA,06107,
38086,Kensington,CA,06013,
38114,Kentfield,CA,06041,
38156,Kenwood,CA,06097,
38177,Kep'el,CA,06023,
38226,Kerman,CA,06019,
38310,Kernville,CA,06029,
38352,Keswick,CA,06089,
38394,Kettleman City,CA,06031,
38422,Keyes,CA,06099,
38520,King City,CA,06053,
38548,Kings Beach,CA,06061,
38562,Kingsburg,CA,06019,
38604,Kingvale,CA,06057 06061,
38646,Kirkwood,CA,06003 06005,
38702,Klamath,CA,06015,
38772,Knightsen,CA,06013,
38786,Knights Ferry,CA,06099,
38800,Knights Landing,CA,06113,
39003,La Cañada Flintridge,CA,06037,
39045,La Crescenta-Montrose,CA,06037,
39052,La Cresta,CA,06029,
39094,Ladera,CA,06081,
39108,Ladera Heights,CA,06037,
39114,Ladera Ranch,CA,06059,
39122,Lafayette,CA,06013,
39164,La Grange,CA,06099,
39178,Laguna Beach,CA,06059,
39220,Laguna Hills,CA,06059,
39248,Laguna Niguel,CA,06059,
39259,Laguna Woods,CA,06059,
39283,Lagunitas-Forest Knolls,CA,06041,
39290,La Habra,CA,06059,
39304,La Habra Heights,CA,06037,
39318,La Honda,CA,06081,
39411,Lake Almanor Country Club,CA,06063,
39420,Lake Almanor Peninsula,CA,06063,
39425,Lake Almanor West,CA,06063,
39444,Lake Arrowhead,CA,06071,
39460,Lake California,CA,06103,
39472,Lake City,CA,06049,
39483,Lake Davis,CA,06063,
39484,Lake Don Pedro,CA,06043,
39486,Lake Elsinore,CA,06065,
39496,Lake Forest,CA,06059,
39514,Lakehead,CA,06089,
39556,Lake Hughes,CA,06037,
39570,Lake Isabella,CA,06029,
39598,Lakeland Village,CA,06065,
39612,Lake Los Angeles,CA,06037,
39645,Lake Mathews,CA,06065,
39670,Lake Nacimiento,CA,06079,
39690,Lake of the Pines,CA,06057,
39696,Lake of the Woods,CA,06029,
39710,Lakeport,CA,06033,
39715,Lake Riverside,CA,06065,
39724,Lake San Marcos,CA,06073,
39728,Lake Shastina,CA,06093,
39735,Lake Sherwood,CA,06111,
39759,Lakeside,CA,06029,
39766,Lakeside,CA,06073,
39836,Lakeview,CA,06065,
39885,Lake Wildwood,CA,06057,
39892,Lakewood,CA,06037,
40004,La Mesa,CA,06073,
40032,La Mirada,CA,06037,
40088,Lamont,CA,06029,
40116,Lanare,CA,06019,
40130,Lancaster,CA,06037,
40256,La Palma,CA,06059,
40312,La Porte,CA,06063,
40326,La Presa,CA,06073,
40340,La Puente,CA,06037,
40354,La Quinta,CA,06065,
40410,La Riviera,CA,06067,
40426,Larkfield-Wikiup,CA,06097,
40438,Larkspur,CA,06041,
40508,La Selva Beach,CA,06087,
40526,Las Flores,CA,06059,
40536,Las Flores,CA,06103,
40592,Las Lomas,CA,06053,
40704,Lathrop,CA,06077,
40746,Laton,CA,06019,
40830,La Verne,CA,06037,
40872,La Vina,CA,06039,
40886,Lawndale,CA,06037,
40928,Laytonville,CA,06045,
40956,Lebec,CA,06029,
40998,Lee Vining,CA,06051,
41026,Leggett,CA,06045,
41040,Le Grand,CA,06047,
41110,Lemon Cove,CA,06107,
41124,Lemon Grove,CA,06073,
41142,Lemon Hill,CA,06067,
41152,Lemoore,CA,06031,
41166,Lemoore Station,CA,06031,
41180,Lennox,CA,06037,
41194,Lenwood,CA,06071,
41208,Leona Valley,CA,06037,
41278,Lewiston,CA,06105,
41282,Lexington Hills,CA,06085,
41390,Likely,CA,06049,
41474,Lincoln,CA,06061,
41558,Lincoln Village,CA,06077,
41572,Linda,CA,06115,
41656,Lindcove,CA,06107,
41670,Linden,CA,06077,
41712,Lindsay,CA,06107,
41740,Linnell Camp,CA,06107,
41782,Litchfield,CA,06035,
41789,Little Grass Valley,CA,06063,
41866,Little River,CA,06045,
41880,Littlerock,CA,06037,
41908,Little Valley,CA,06035,
41922,Live Oak,CA,06087,
41936,Live Oak,CA,06101,
41992,Livermore,CA,06001,
42006,Livingston,CA,06047,
42104,Lockeford,CA,06077,
42142,Lockwood,CA,06005,
42146,Lockwood,CA,06053,
42202,Lodi,CA,06077,
42230,Lodoga,CA,06011,
42328,Loleta,CA,06023,
42370,Loma Linda,CA,06071,
42384,Loma Mar,CA,06081,
42412,Loma Rica,CA,06115,
42468,Lomita,CA,06037,
42510,Lompico,CA,06087,
42524,Lompoc,CA,06083,
42566,London,CA,06107,
42580,Lone Pine,CA,06027,
42622,Long Barn,CA,06109,
43000,Long Beach,CA,06037,
43126,Lookout,CA,06049,
43140,Loomis,CA,06061,
43224,Los Alamitos,CA,06059,
43252,Los Alamos,CA,06083,
43280,Los Altos,CA,06085,
43294,Los Altos Hills,CA,06085,
44000,Los Angeles,CA,06037,
44028,Los Banos,CA,06047,
44042,Los Berros,CA,06079,
44112,Los Gatos,CA,06085,
44140,Los Molinos,CA,06103,
44168,Los Olivos,CA,06083,
44182,Los Osos,CA,06079,
44242,Los Ranchos,CA,06079,
44280,Lost Hills,CA,06029,
44350,Lower Lake,CA,06033,
44364,Loyalton,CA,06091,
44378,Loyola,CA,06085,
44399,Lucas Valley-Marinwood,CA,06041,
44406,Lucerne,CA,06033,
44420,Lucerne Valley,CA,06071,
44574,Lynwood,CA,06037,
44644,Lytle Creek,CA,06071,
44672,Mabie,CA,06063,
44700,McArthur,CA,06089,
44760,McClellan Park,CA,06067,
44770,McClenney Tract,CA,06107,
44784,McCloud,CA,06093,
44812,Macdoel,CA,06093,
44826,McFarland,CA,06029,
44830,McGee Creek,CA,06051,
44910,McKinleyville,CA,06023,
44924,McKittrick,CA,06029,
45006,McSwain,CA,06047,
45008,Madeline,CA,06035,
45022,Madera,CA,06039,
45050,Madera Acres,CA,06039,
45054,Madera Ranchos,CA,06039,
45064,Madison,CA,06113,
45092,Mad River,CA,06105,
45120,Magalia,CA,06007,
45232,Malaga,CA,06019,
45246,Malibu,CA,06037,
45358,Mammoth Lakes,CA,06051,
45386,Manchester,CA,06045,
45400,Manhattan Beach,CA,06037,
45414,Manila,CA,06023,
45484,Manteca,CA,06077,
45512,Manton,CA,06103,
45680,March ARB,CA,06065,
45736,Maricopa,CA,06029,
45778,Marina,CA,06053,
45806,Marina del Rey,CA,06037,
45820,Marin City,CA,06041,
45932,Mariposa,CA,06043,
45988,Markleeville,CA,06003,
46100,Martell,CA,06005,
46114,Martinez,CA,06013,
46170,Marysville,CA,06115,
46223,Matheny,CA,06107,
46226,Mather,CA,06067,
46338,Maxwell,CA,06011,
46400,Mayfair,CA,06019,
46436,Mayflower Village,CA,06037,
46492,Maywood,CA,06037,
46520,Meadowbrook,CA,06065,
46618,Meadow Valley,CA,06063,
46632,Meadow Vista,CA,06061,
46646,Mead Valley,CA,06065,
46660,Mecca,CA,06065,
46702,Meiners Oaks,CA,06111,
46814,Mendocino,CA,06045,
46828,Mendota,CA,06019,
46842,Menifee,CA,06065,
46870,Menlo Park,CA,06081,
46884,Mentone,CA,06071,
46898,Merced,CA,06047,
46926,Meridian,CA,06101,
47013,Mesa,CA,06027,
47066,Mesa Verde,CA,06065,
47086,Mesa Vista,CA,06003,
47164,Mettler,CA,06029,
47192,Mexican Colony,CA,06029,
47206,Meyers,CA,06017,
47332,Middletown,CA,06033,
47374,Midpines,CA,06043,
47430,Midway City,CA,06059,
47472,Milford,CA,06035,
47486,Millbrae,CA,06081,
47592,Millerton,CA,06019,
47710,Mill Valley,CA,06041,
47724,Millville,CA,06089,
47766,Milpitas,CA,06085,
47794,Mineral,CA,06103,
47822,Minkler,CA,06019,
48046,Mira Monte,CA,06111,
48060,Miranda,CA,06023,
48147,Mission Canyon,CA,06083,
48186,Mission Hills,CA,06083,
48256,Mission Viejo,CA,06059,
48298,Mi-Wuk Village,CA,06109,
48354,Modesto,CA,06099,
48410,Modjeska,CA,06059,
48448,Mohawk Vista,CA,06063,
48452,Mojave,CA,06029,
48480,Mokelumne Hill,CA,06009,
48592,Monmouth,CA,06019,
48602,Mono City,CA,06051,
48641,Mono Vista,CA,06109,
48648,Monrovia,CA,06037,
48676,Monson,CA,06107,
48690,Montague,CA,06093,
48718,Montalvin Manor,CA,06013,
48760,Montara,CA,06081,
48788,Montclair,CA,06071,
48816,Montebello,CA,06037,
48844,Montecito,CA,06083,
48872,Monterey,CA,06053,
48914,Monterey Park,CA,06037,
48916,Monterey Park Tract,CA,06099,
48928,Monte Rio,CA,06097,
48956,Monte Sereno,CA,06085,
48998,Montgomery Creek,CA,06089,
49045,Monument Hills,CA,06113,
49138,Moorpark,CA,06111,
49180,Morada,CA,06077,
49187,Moraga,CA,06013,
49270,Moreno Valley,CA,06065,
49278,Morgan Hill,CA,06085,
49348,Morongo Valley,CA,06071,
49362,Morro Bay,CA,06079,
49432,Moskowite Corner,CA,06055,
49446,Moss Beach,CA,06081,
49488,Moss Landing,CA,06053,
49544,Mountain Center,CA,06065,
49558,Mountain Gate,CA,06089,
49582,Mountain House,CA,06077,
49592,Mountain Meadows,CA,06029,
49600,Mountain Mesa,CA,06029,
49628,Mountain Ranch,CA,06009,
49651,Mountain View,CA,06013,
49670,Mountain View,CA,06085,
49684,Mountain View Acres,CA,06071,
49726,Mt. Bullion,CA,06043,
49768,Mount Hebron,CA,06093,
49796,Mount Hermon,CA,06087,
49810,Mount Laguna,CA,06073,
49852,Mount Shasta,CA,06093,
49950,Muir Beach,CA,06041,
50034,Murphys,CA,06009,
50076,Murrieta,CA,06065,
50132,Muscoy,CA,06071,
50146,Myers Flat,CA,06023,
50188,Myrtletown,CA,06023,
50258,Napa,CA,06055,
50398,National City,CA,06073,
50734,Needles,CA,06071,
50874,Nevada City,CA,06057,
50916,Newark,CA,06001,
51000,Newcastle,CA,06061,
51028,New Cuyama,CA,06083,
51042,Newell,CA,06049,
51140,Newman,CA,06099,
51168,New Pine Creek,CA,06049,
51182,Newport Beach,CA,06059,
51280,Nicasio,CA,06041,
51294,Nice,CA,06033,
51336,Nicolaus,CA,06101,
51392,Niland,CA,06025,
51470,Nipinnawasee,CA,06039,
51476,Nipomo,CA,06079,
51560,Norco,CA,06065,
51574,Nord,CA,06007,
51622,Norris Canyon,CA,06013,
51637,North Auburn,CA,06061,
51812,North Edwards,CA,06029,
51820,North El Monte,CA,06037,
51840,North Fair Oaks,CA,06081,
51868,North Fork,CA,06039,
51890,North Gate,CA,06013,
51924,North Highlands,CA,06067,
51990,North Lakeport,CA,06033,
52162,North Richmond,CA,06013,
52246,North San Juan,CA,06057,
52302,North Shore,CA,06065,
52379,North Tustin,CA,06059,
52526,Norwalk,CA,06037,
52582,Novato,CA,06041,
52610,Nubieber,CA,06035,
52624,Nuevo,CA,06065,
52694,Oakdale,CA,06099,
52715,Oak Glen,CA,06071,
52760,Oak Hills,CA,06071,
52764,Oakhurst,CA,06039,
53000,Oakland,CA,06001,
53070,Oakley,CA,06013,
53116,Oak Park,CA,06111,
53140,Oak Run,CA,06089,
53160,Oak Shores,CA,06079,
53182,Oak View,CA,06111,
53196,Oakville,CA,06055,
53224,Oasis,CA,06065,
53266,Occidental,CA,06097,
53294,Oceano,CA,06079,
53322,Oceanside,CA,06073,
53378,Ocotillo,CA,06025,
53448,Oildale,CA,06029,
53476,Ojai,CA,06111,
53490,Olancha,CA,06027,
53503,Olde Stockdale,CA,06029,
53505,Old Fig Garden,CA,06019,
53574,Old River,CA,06029,
53602,Old Station,CA,06089,
53603,Old Stine,CA,06029,
53714,Olivehurst,CA,06115,
53882,Ono,CA,06089,
53896,Ontario,CA,06071,
53910,Onyx,CA,06029,
53980,Orange,CA,06059,
53987,Orange Blossom,CA,06099,
54008,Orange Cove,CA,06019,
54064,Orange Park Acres,CA,06059,
54092,Orangevale,CA,06067,
54120,Orcutt,CA,06083,
54218,Orick,CA,06023,
54232,Orinda,CA,06013,
54274,Orland,CA,06021,
54372,Orosi,CA,06107,
54386,Oroville,CA,06007,
54388,Oroville East,CA,06007,
54652,Oxnard,CA,06111,
54764,Pacheco,CA,06013,
54806,Pacifica,CA,06081,
54848,Pacific Grove,CA,06053,
55044,Pajaro,CA,06053,
55048,Pajaro Dunes,CA,06087,
55058,Pala,CA,06073,
55086,Palermo,CA,06007,
55156,Palmdale,CA,06037,
55184,Palm Desert,CA,06065,
55254,Palm Springs,CA,06065,
55282,Palo Alto,CA,06085,
55296,Palo Cedro,CA,06089,
55310,Paloma,CA,06009,
55380,Palos Verdes Estates,CA,06037,
55422,Palo Verde,CA,06025,
55506,Panorama Heights,CA,06107,
55520,Paradise,CA,06007,
55528,Paradise,CA,06051,
55604,Paradise Park,CA,06087,
55618,Paramount,CA,06037,
55728,Parklawn,CA,06099,
55751,Parksdale,CA,06039,
55800,Parkway,CA,06067,
55842,Parkwood,CA,06039,
55856,Parlier,CA,06019,
56000,Pasadena,CA,06037,
56028,Pasatiempo,CA,06087,
56042,Paskenta,CA,06103,
56112,Patterson,CA,06099,
56120,Patterson Tract,CA,06107,
56140,Patton Village,CA,06035,
56182,Paxton,CA,06063,
56196,Paynes Creek,CA,06103,
56294,Pearsonville,CA,06027,
56476,Penngrove,CA,06097,
56518,Penn Valley,CA,06057,
56546,Penryn,CA,06061,
56598,Pepperdine University,CA,06037,
56700,Perris,CA,06065,
56756,Pescadero,CA,06081,
56784,Petaluma,CA,06097,
56786,Petaluma Center,CA,06097,
56798,Peters,CA,06077,
56826,Phelan,CA,06071,
56854,Phillipsville,CA,06023,
56868,Philo,CA,06045,
56870,Phoenix Lake,CA,06109,
56924,Pico Rivera,CA,06037,
56938,Piedmont,CA,06001,
57011,Pierpoint,CA,06107,
57036,Pike,CA,06091,
57070,Pine Canyon,CA,06053,
57134,Pine Flat,CA,06107,
57148,Pine Grove,CA,06005,
57204,Pine Hills,CA,06023,
57240,Pine Mountain Club,CA,06029,
57244,Pine Mountain Lake,CA,06109,
57260,Pine Valley,CA,06073,
57288,Pinole,CA,06013,
57302,Piñon Hills,CA,06071,
57330,Pioneer,CA,06005,
57372,Piru,CA,06111,
57414,Pismo Beach,CA,06079,
57456,Pittsburg,CA,06013,
57512,Pixley,CA,06107,
57526,Placentia,CA,06059,
57540,Placerville,CA,06017,
57568,Plainview,CA,06107,
57582,Planada,CA,06047,
57666,Platina,CA,06089,
57764,Pleasant Hill,CA,06013,
57792,Pleasanton,CA,06001,
57825,Pleasure Point,CA,06087,
57828,Plumas Eureka,CA,06063,
57829,Plumas Lake,CA,06115,
57834,Plymouth,CA,06005,
57876,Point Arena,CA,06045,
57960,Point Reyes Station,CA,06041,
58030,Pollock Pines,CA,06017,
58072,Pomona,CA,06037,
58134,Ponderosa,CA,06107,
58191,Poplar-Cotton Center,CA,06107,
58226,Port Costa,CA,06013,
58240,Porterville,CA,06107,
58296,Port Hueneme,CA,06111,
58352,Portola,CA,06063,
58380,Portola Valley,CA,06081,
58422,Posey,CA,06107,
58436,Poso Park,CA,06107,
58456,Post Mountain,CA,06105,
58471,Potomac Park,CA,06029,
58478,Potrero,CA,06073,
58506,Potter Valley,CA,06045,
58520,Poway,CA,06073,
58618,Prattville,CA,06063,
58758,Princeton,CA,06011,
58814,Proberta,CA,06103,
58870,Prunedale,CA,06053,
58940,Pumpkin Center,CA,06029,
59052,Quartz Hill,CA,06037,
59080,Quincy,CA,06063,
59115,Rackerby,CA,06007,
59220,Rail Road Flat,CA,06009,
59248,Rainbow,CA,06073,
59290,Raisin City,CA,06019,
59346,Ramona,CA,06073,
59426,Rancho Calaveras,CA,06009,
59444,Rancho Cordova,CA,06067,
59451,Rancho Cucamonga,CA,06071,
59500,Rancho Mirage,CA,06065,
59503,Rancho Mission Viejo,CA,06059,
59506,Rancho Murieta,CA,06067,
59514,Rancho Palos Verdes,CA,06037,
59550,Rancho San Diego,CA,06073,
59584,Rancho Santa Fe,CA,06073,
59587,Rancho Santa Margarita,CA,06059,
59604,Rancho Tehama Reserve,CA,06103,
59668,Randsburg,CA,06029,
59892,Red Bluff,CA,06103,
59896,Red Corral,CA,06005,
59906,Redcrest,CA,06023,
59920,Redding,CA,06089,
59962,Redlands,CA,06071,
60018,Redondo Beach,CA,06037,
60088,Redway,CA,06023,
60102,Redwood City,CA,06081,
60214,Redwood Valley,CA,06045,
60242,Reedley,CA,06019,
60279,Reliez Valley,CA,06013,
60370,Rexland Acres,CA,06029,
60466,Rialto,CA,06071,
60592,Richfield,CA,06103,
60606,Richgrove,CA,06107,
60620,Richmond,CA,06013,
60662,Richvale,CA,06007,
60704,Ridgecrest,CA,06029,
60705,Ridgecrest Heights,CA,06029,
60706,Ridgemark,CA,06069,
60900,Rio Dell,CA,06023,
60928,Rio del Mar,CA,06087,
60942,Rio Linda,CA,06067,
60970,Rio Oso,CA,06101,
60984,Rio Vista,CA,06095,
61012,Ripley,CA,06065,
61026,Ripon,CA,06077,
61068,Riverbank,CA,06099,
61096,Riverdale,CA,06019,
61106,Riverdale Park,CA,06099,
61108,Rivergrove,CA,06029,
61124,River Pines,CA,06005,
62000,Riverside,CA,06065,
62168,Robbins,CA,06101,
62200,Robinson Mill,CA,06007,
62364,Rocklin,CA,06061,
62490,Rodeo,CA,06013,
62496,Rodriguez Camp,CA,06107,
62546,Rohnert Park,CA,06097,
62602,Rolling Hills,CA,06037,
62625,Rolling Hills,CA,06039,
62644,Rolling Hills Estates,CA,06037,
62700,Rollingwood,CA,06013,
62756,Romoland,CA,06065,
62826,Rosamond,CA,06029,
62854,Rosedale,CA,06029,
62860,Rose Hills,CA,06037,
62896,Rosemead,CA,06037,
62910,Rosemont,CA,06067,
62938,Roseville,CA,06061,
62980,Ross,CA,06041,
63050,Rossmoor,CA,06059,
63106,Rough and Ready,CA,06057,
63134,Round Mountain,CA,06089,
63148,Round Valley,CA,06027,
63168,Rouse,CA,06099,
63218,Rowland Heights,CA,06037,
63302,Rumsey,CA,06113,
63316,Running Springs,CA,06071,
63386,Ruth,CA,06105,
63400,Rutherford,CA,06055,
64000,Sacramento,CA,06067,
64056,Sage,CA,06065,
64140,St. Helena,CA,06055,
64210,Salida,CA,06099,
64224,Salinas,CA,06053,
64252,Salmon Creek,CA,06097,
64294,Salton City,CA,06025,
64308,Salton Sea Beach,CA,06025,
64378,Salyer,CA,06105,
64392,Samoa,CA,06023,
64420,San Andreas,CA,06009,
64434,San Anselmo,CA,06041,
64462,San Antonio Heights,CA,06071,
64476,San Ardo,CA,06053,
65000,San Bernardino,CA,06071,
65028,San Bruno,CA,06081,
65042,San Buenaventura (Ventura),CA,06111,
65070,San Carlos,CA,06081,
65084,San Clemente,CA,06059,
65112,Sand City,CA,06053,
66000,San Diego,CA,06073,
66004,San Diego Country Estates,CA,06073,
66070,San Dimas,CA,06037,
66140,San Fernando,CA,06037,
67000,San Francisco,CA,06075,
67042,San Gabriel,CA,06037,
67056,Sanger,CA,06019,
67070,San Geronimo,CA,06041,
67112,San Jacinto,CA,06065,
67126,San Joaquin,CA,06019,
68000,San Jose,CA,06085,
68014,San Juan Bautista,CA,06069,
68028,San Juan Capistrano,CA,06059,
68084,San Leandro,CA,06001,
68112,San Lorenzo,CA,06001,
68140,San Lucas,CA,06053,
68154,San Luis Obispo,CA,06079,
68196,San Marcos,CA,06073,
68224,San Marino,CA,06037,
68238,San Martin,CA,06085,
68252,San Mateo,CA,06081,
68263,San Miguel,CA,06013,
68266,San Miguel,CA,06079,
68294,San Pablo,CA,06013,
68308,San Pasqual,CA,06037,
68364,San Rafael,CA,06041,
68378,San Ramon,CA,06013,
68434,San Simeon,CA,06079,
69000,Santa Ana,CA,06059,
69070,Santa Barbara,CA,06083,
69084,Santa Clara,CA,06085,
69088,Santa Clarita,CA,06037,
69112,Santa Cruz,CA,06087,
69154,Santa Fe Springs,CA,06037,
69182,Santa Margarita,CA,06079,
69196,Santa Maria,CA,06083,
70000,Santa Monica,CA,06037,
70028,Santa Nella,CA,06047,
70042,Santa Paula,CA,06111,
70098,Santa Rosa,CA,06097,
70130,Santa Rosa Valley,CA,06111,
70140,Santa Susana,CA,06111,
70154,Santa Venetia,CA,06041,
70182,Santa Ynez,CA,06083,
70224,Santee,CA,06073,
70266,Saranap,CA,06013,
70280,Saratoga,CA,06085,
70322,Saticoy,CA,06111,
70336,Sattley,CA,06091,
70364,Sausalito,CA,06041,
70518,Scotia,CA,06023,
70588,Scotts Valley,CA,06087,
70644,Seacliff,CA,06087,
70686,Seal Beach,CA,06059,
70712,Sea Ranch,CA,06097,
70728,Searles Valley,CA,06071,
70742,Seaside,CA,06053,
70770,Sebastopol,CA,06097,
70798,Seeley,CA,06025,
70882,Selma,CA,06019,
70966,Sequoia Crest,CA,06107,
71000,Sereno del Mar,CA,06097,
71078,Seville,CA,06107,
71106,Shafter,CA,06029,
71134,Shandon,CA,06079,
71218,Shasta,CA,06089,
71225,Shasta Lake,CA,06089,
71246,Shaver Lake,CA,06019,
71302,Sheep Ranch,CA,06009,
71362,Shell Ridge,CA,06013,
71372,Shelter Cove,CA,06023,
71414,Sheridan,CA,06061,
71554,Shingle Springs,CA,06017,
71568,Shingletown,CA,06089,
71680,Shoshone,CA,06027,
71774,Sierra Brooks,CA,06091,
71778,Sierra City,CA,06091,
71806,Sierra Madre,CA,06037,
71834,Sierra Village,CA,06109,
71848,Sierraville,CA,06091,
71876,Signal Hill,CA,06037,
71918,Silverado,CA,06059,
71927,Silverado Resort,CA,06055,
71932,Silver City,CA,06107,
71964,Silver Lakes,CA,06071,
72016,Simi Valley,CA,06111,
72086,Sisquoc,CA,06083,
72156,Sky Valley,CA,06065,
72184,Sleepy Hollow,CA,06041,
72282,Smartsville,CA,06115,
72338,Smith Corner,CA,06029,
72380,Smith River,CA,06015,
72408,Snelling,CA,06047,
72478,Soda Bay,CA,06033,
72492,Soda Springs,CA,06057,
72506,Solana Beach,CA,06073,
72520,Soledad,CA,06053,
72576,Solvang,CA,06083,
72632,Somis,CA,06111,
72646,Sonoma,CA,06097,
72654,Sonoma State University,CA,06097,
72674,Sonora,CA,06109,
72688,Soquel,CA,06087,
72772,Soulsbyville,CA,06109,
72954,South Dos Palos,CA,06047,
72996,South El Monte,CA,06037,
73080,South Gate,CA,06037,
73108,South Lake Tahoe,CA,06017,
73167,South Monrovia Island,CA,06037,
73178,South Oroville,CA,06007,
73220,South Pasadena,CA,06037,
73262,South San Francisco,CA,06081,
73276,South San Gabriel,CA,06037,
73290,South San Jose Hills,CA,06037,
73388,South Taft,CA,06029,
73430,South Whittier,CA,06037,
73554,Spaulding,CA,06035,
73612,Spreckels,CA,06053,
73654,Spring Garden,CA,06063,
73690,Spring Valley,CA,06033,
73696,Spring Valley,CA,06073,
73700,Spring Valley Lake,CA,06071,
73710,Springville,CA,06107,
73794,Squaw Valley,CA,06019,
73815,Squirrel Mountain Valley,CA,06029,
73868,Stallion Springs,CA,06029,
73906,Stanford,CA,06085,
73962,Stanton,CA,06059,
74021,Stebbins,CA,06029,
74130,Stevenson Ranch,CA,06037,
74144,Stevinson,CA,06047,
74172,Stinson Beach,CA,06041,
74186,Stirling City,CA,06007,
75000,Stockton,CA,06077,
75122,Stones Landing,CA,06035,
75154,Stonyford,CA,06011,
75252,Stratford,CA,06031,
75280,Strathmore,CA,06107,
75315,Strawberry,CA,06041,
75322,Strawberry,CA,06109,
75592,Sugarloaf Saw Mill,CA,06107,
75596,Sugarloaf Village,CA,06107,
75630,Suisun City,CA,06095,
75672,Sultana,CA,06107,
75714,Summerland,CA,06083,
75994,Sunnyside,CA,06019,
76015,Sunnyside-Tahoe City,CA,06061,
76040,Sunny Slopes,CA,06051,
77000,Sunnyvale,CA,06085,
77042,Sunol,CA,06001,
77308,Sun Village,CA,06037,
77364,Susanville,CA,06035,
77378,Sutter,CA,06101,
77392,Sutter Creek,CA,06005,
77430,Swall Meadows,CA,06051,
77574,Taft,CA,06029,
77588,Taft Heights,CA,06029,
77595,Taft Mosswood,CA,06077,
77700,Tahoe Vista,CA,06061,
77728,Tahoma,CA,06017 06061,
77784,Talmage,CA,06045,
77805,Tamalpais-Homestead Valley,CA,06041,
77860,Tancred,CA,06113,
77924,Tara Hills,CA,06013,
77934,Tarina,CA,06029,
77960,Tarpey Village,CA,06019,
78008,Taylorsville,CA,06063,
78050,Tecopa,CA,06027,
78092,Tehachapi,CA,06029,
78106,Tehama,CA,06103,
78120,Temecula,CA,06065,
78126,Temelec,CA,06097,
78138,Temescal Valley,CA,06065,
78148,Temple City,CA,06037,
78162,Templeton,CA,06079,
78176,Tennant,CA,06093,
78232,Terminous,CA,06077,
78288,Terra Bella,CA,06107,
78336,Teviston,CA,06107,
78456,Thermal,CA,06065,
78470,Thermalito,CA,06007,
78568,Thornton,CA,06077,
78582,Thousand Oaks,CA,06111,
78596,Thousand Palms,CA,06065,
78638,Three Rivers,CA,06107,
78652,Three Rocks,CA,06019,
78666,Tiburon,CA,06041,
78715,Timber Cove,CA,06097,
78750,Tipton,CA,06107,
78792,Tobin,CA,06063,
78890,Tomales,CA,06041,
78932,Tonyville,CA,06107,
78949,Tooleville,CA,06107,
78960,Topanga,CA,06037,
79030,Topaz,CA,06051,
79529,Toro Canyon,CA,06083,
80000,Torrance,CA,06037,
80210,Trabuco Canyon,CA,06059,
80238,Tracy,CA,06077,
80266,Tranquillity,CA,06019,
80280,Traver,CA,06107,
80364,Tres Pinos,CA,06069,
80448,Trinidad,CA,06023,
80476,Trinity Center,CA,06105,
80483,Trinity Village,CA,06105,
80515,Trona,CA,06027,
80560,Trowbridge,CA,06101,
80588,Truckee,CA,06057,
80644,Tulare,CA,06107,
80686,Tulelake,CA,06093,
80763,Tuolumne City,CA,06109,
80784,Tupman,CA,06029,
80812,Turlock,CA,06099,
80854,Tustin,CA,06059,
80882,Tuttle,CA,06047,
80896,Tuttletown,CA,06109,
80952,Twain,CA,06063,
80966,Twain Harte,CA,06109,
80994,Twentynine Palms,CA,06071,
81048,Twin Lakes,CA,06051,
81050,Twin Lakes,CA,06087,
81134,Ukiah,CA,06045,
81204,Union City,CA,06001,
81302,University of California-Davis,CA,06113,
81316,University of California-Santa Barbara,CA,06083,
81344,Upland,CA,06071,
81358,Upper Lake,CA,06033,
81554,Vacaville,CA,06095,
81638,Valinda,CA,06037,
81652,Vallecito,CA,06009,
81666,Vallejo,CA,06095,
81708,Valle Vista,CA,06065,
81722,Valley Acres,CA,06029,
81736,Valley Center,CA,06073,
81778,Valley Ford,CA,06097,
81792,Valley Home,CA,06099,
81869,Valley Ranch,CA,06063,
81890,Valley Springs,CA,06009,
81925,Valley Wells,CA,06027,
81967,Val Verde,CA,06037,
82072,Vandenberg AFB,CA,06083,
82086,Vandenberg Village,CA,06083,
82334,Verdi,CA,06091,
82422,Vernon,CA,06037,
82562,Victor,CA,06077,
82590,Victorville,CA,06071,
82667,View Park-Windsor Hills,CA,06037,
82744,Villa Park,CA,06059,
82786,Vina,CA,06103,
82815,Vincent,CA,06037,
82842,Vine Hill,CA,06013,
82852,Vineyard,CA,06067,
82929,Virginia Lakes,CA,06051,
82954,Visalia,CA,06107,
82996,Vista,CA,06073,
83085,Vista Santa Rosa,CA,06065,
83094,Volcano,CA,06005,
83108,Volta,CA,06047,
83262,Walker,CA,06051,
83304,Wallace,CA,06009,
83332,Walnut,CA,06037,
83346,Walnut Creek,CA,06013,
83374,Walnut Grove,CA,06067,
83402,Walnut Park,CA,06037,
83460,Warm Springs,CA,06065,
83494,Warner Valley,CA,06063,
83542,Wasco,CA,06029,
83570,Washington,CA,06057,
83612,Waterford,CA,06099,
83626,Waterloo,CA,06077,
83668,Watsonville,CA,06087,
83724,Waukena,CA,06107,
83730,Wautec,CA,06023,
83766,Wawona,CA,06043,
83794,Weaverville,CA,06105,
83850,Weed,CA,06093,
83863,Weedpatch,CA,06029,
83906,Weitchpec,CA,06023,
83948,Weldon,CA,06029,
84004,Weott,CA,06023,
84116,West Athens,CA,06037,
84120,West Bishop,CA,06027,
84144,West Carson,CA,06037,
84200,West Covina,CA,06037,
84345,West Goshen,CA,06107,
84385,Westhaven-Moonstone,CA,06023,
84410,West Hollywood,CA,06037,
84438,Westlake Village,CA,06037,
84480,Westley,CA,06099,
84536,West Menlo Park,CA,06081,
84550,Westminster,CA,06059,
84578,West Modesto,CA,06099,
84592,Westmont,CA,06037,
84606,Westmorland,CA,06025,
84680,West Park,CA,06019,
84732,West Point,CA,06009,
84774,West Puente Valley,CA,06037,
84780,West Rancho Dominguez,CA,06037,
84816,West Sacramento,CA,06113,
84863,Westside,CA,06019,
84921,West Whittier-Los Nietos,CA,06037,
84928,Westwood,CA,06035,
85012,Wheatland,CA,06115,
85086,Whitehawk,CA,06063,
85208,Whitewater,CA,06065,
85222,Whitley Gardens,CA,06079,
85250,Whitmore,CA,06089,
85292,Whittier,CA,06037,
85446,Wildomar,CA,06065,
85551,Wilkerson,CA,06027,
85586,Williams,CA,06011,
85587,Williams Canyon,CA,06059,
85600,Willits,CA,06045,
85614,Willowbrook,CA,06037,
85642,Willow Creek,CA,06023,
85684,Willows,CA,06021,
85810,Wilseyville,CA,06009,
85866,Wilsonia,CA,06107,
85880,Wilton,CA,06067,
85894,Winchester,CA,06065,
85922,Windsor,CA,06097,
85992,Winter Gardens,CA,06073,
86020,Winterhaven,CA,06025,
86034,Winters,CA,06113,
86076,Winton,CA,06047,
86174,Wofford Heights,CA,06029,
86216,Woodacre,CA,06041,
86230,Woodbridge,CA,06077,
86244,Woodcrest,CA,06065,
86300,Woodlake,CA,06107,
86328,Woodland,CA,06113,
86380,Woodlands,CA,06079,
86440,Woodside,CA,06081,
86482,Woodville,CA,06107,
86489,Woodville Farm Labor Camp,CA,06107,
86496,Woody,CA,06029,
86594,Wrightwood,CA,06071,
86678,Yankee Hill,CA,06007,
86720,Yermo,CA,06071,
86734,Yettem,CA,06107,
86804,Yolo,CA,06113,
86832,Yorba Linda,CA,06059,
86878,Yosemite Lakes,CA,06039,
86912,Yosemite Valley,CA,06043,
86916,Yosemite West,CA,06043,
86930,Yountville,CA,06055,
86944,Yreka,CA,06093,
86972,Yuba City,CA,06101,
87042,Yucaipa,CA,06071,
87056,Yucca Valley,CA,06071,
87090,Zayante,CA,06087,
00320,Acres Green,CO,08035,
00620,Aetna Estates,CO,08005,
00760,Aguilar,CO,08071,
00870,Air Force Academy,CO,08041,
00925,Akron,CO,08121,
01090,Alamosa,CO,08003,
01145,Alamosa East,CO,08003,
01420,Allenspark,CO,08013,
01530,Alma,CO,08093,
01640,Alpine,CO,08105,
01740,Altona,CO,08013,
01915,Amherst,CO,08095,
02355,Antonito,CO,08021,
02575,Applewood,CO,08059,
02850,Arapahoe,CO,08017,
02905,Arboles,CO,08007,
03015,Aristocrat Ranchettes,CO,08123,
03235,Arriba,CO,08073,
03455,Arvada,CO,08001 08059,
03620,Aspen,CO,08097,
03730,Aspen Park,CO,08059,
03840,Atwood,CO,08075,
03950,Ault,CO,08123,
04000,Aurora,CO,08001 08005 08035,
04110,Avon,CO,08037,
04165,Avondale,CO,08101,
04620,Bark Ranch,CO,08013,
04935,Basalt,CO,08037 08097,
05120,Battlement Mesa,CO,08045,
05265,Bayfield,CO,08067,
06090,Bennett,CO,08001 08005,
06172,Berkley,CO,08001,
06255,Berthoud,CO,08069 08123,
06530,Bethune,CO,08063,
06602,Beulah Valley,CO,08101,
06970,Black Forest,CO,08041,
07025,Black Hawk,CO,08047,
07190,Blanca,CO,08023,
07245,Blende,CO,08101,
07410,Blue River,CO,08117,
07420,Blue Sky,CO,08087,
07455,Blue Valley,CO,08019,
07571,Bonanza,CO,08109,
07580,Bonanza Mountain Estates,CO,08013,
07795,Boone,CO,08101,
07850,Boulder,CO,08013,
08070,Bow Mar,CO,08005 08059,
08290,Brandon,CO,08061,
08345,Branson,CO,08071,
08400,Breckenridge,CO,08117,
08530,Brick Center,CO,08005,
08620,Briggsdale,CO,08123,
08675,Brighton,CO,08001 08123,
08950,Brook Forest,CO,08019 08059,
09115,Brookside,CO,08043,
09280,Broomfield,CO,08014,
09555,Brush,CO,08087,
10105,Buena Vista,CO,08015,
10600,Burlington,CO,08063,
10985,Byers,CO,08005,
11260,Calhan,CO,08041,
11645,Campo,CO,08009,
11810,Cañon City,CO,08043,
11975,Capulin,CO,08021,
12030,Carbonate,CO,08045,
12045,Carbondale,CO,08045,
12325,Cascade-Chipita Park,CO,08041,
12387,Castle Pines,CO,08035,
12393,Castle Pines Village,CO,08035,
12415,Castle Rock,CO,08035,
12450,Cathedral,CO,08053,
12460,Catherine,CO,08045,
12470,Cattle Creek,CO,08045,
12635,Cedaredge,CO,08029,
12815,Centennial,CO,08005,
12855,Center,CO,08105 08109,
12900,Central,CO,08047,
12945,Chacra,CO,08045,
13460,Cheraw,CO,08089,
13590,Cherry Creek,CO,08005,
13845,Cherry Hills Village,CO,08005,
14175,Cheyenne Wells,CO,08017,
14587,Cimarron Hills,CO,08041,
14765,City of Creede,CO,08079,
15165,Clifton,CO,08077,
15302,Coal Creek,CO,08013 08047 08059,
15330,Coal Creek,CO,08043,
15440,Coaldale,CO,08043,
15550,Cokedale,CO,08071,
15605,Collbran,CO,08077,
15825,Colona,CO,08091,
15935,Colorado City,CO,08101,
16000,Colorado Springs,CO,08041,
16110,Columbine,CO,08005 08059,
16385,Columbine Valley,CO,08005,
16465,Comanche Creek,CO,08005,
16495,Commerce City,CO,08001,
16715,Conejos,CO,08021,
17100,Cope,CO,08121,
17150,Copper Mountain,CO,08117,
17375,Cortez,CO,08083,
17485,Cotopaxi,CO,08043,
17760,Craig,CO,08081,
17925,Crawford,CO,08029,
18310,Crested Butte,CO,08051,
18420,Crestone,CO,08109,
18530,Cripple Creek,CO,08119,
18585,Crisman,CO,08013,
18640,Crook,CO,08075,
18750,Crowley,CO,08025,
19080,Dacono,CO,08123,
19150,Dakota Ridge,CO,08059,
19355,De Beque,CO,08077,
19630,Deer Trail,CO,08005,
19795,Del Norte,CO,08105,
19850,Delta,CO,08029,
20000,Denver,CO,08031,
20275,Derby,CO,08001,
20440,Dillon,CO,08117,
20495,Dinosaur,CO,08081,
20605,Divide,CO,08119,
20770,Dolores,CO,08083,
21155,Dotsero,CO,08037,
21265,Dove Creek,CO,08033,
21330,Dove Valley,CO,08005,
21390,Downieville-Lawson-Dumont,CO,08019,
22035,Durango,CO,08067,
22145,Eads,CO,08061,
22200,Eagle,CO,08037,
22575,East Pleasant View,CO,08059,
22860,Eaton,CO,08123,
22882,Echo Hills,CO,08019,
23025,Eckley,CO,08125,
23135,Edgewater,CO,08059,
23300,Edwards,CO,08037,
23520,Elbert,CO,08039,
23575,Eldora,CO,08013,
23630,Eldorado Springs,CO,08013,
23740,Elizabeth,CO,08039,
23795,El Jebel,CO,08037,
24235,Ellicott,CO,08041,
24290,El Moro,CO,08071,
24620,Empire,CO,08019,
24785,Englewood,CO,08005,
24950,Erie,CO,08013 08123,
25115,Estes Park,CO,08069,
25280,Evans,CO,08123,
25390,Evergreen,CO,08059,
25550,Fairmount,CO,08059,
25610,Fairplay,CO,08093,
26270,Federal Heights,CO,08001,
26600,Firestone,CO,08123,
26765,Flagler,CO,08063,
26875,Fleming,CO,08075,
27040,Florence,CO,08043,
27095,Florissant,CO,08119,
27175,Floyd Hill,CO,08019,
27370,Fort Carson,CO,08041,
27425,Fort Collins,CO,08069,
27535,Fort Garland,CO,08023,
27700,Fort Lupton,CO,08123,
27810,Fort Morgan,CO,08087,
27865,Fountain,CO,08041,
27950,Four Square Mile,CO,08005,
27975,Fowler,CO,08089,
28105,Foxfield,CO,08005,
28250,Franktown,CO,08035,
28305,Fraser,CO,08049,
28360,Frederick,CO,08123,
28690,Frisco,CO,08117,
28745,Fruita,CO,08077,
28800,Fruitvale,CO,08077,
28830,Fulford,CO,08037,
29185,Garden City,CO,08123,
29240,Gardner,CO,08055,
29295,Garfield,CO,08015,
29625,Genesee,CO,08059,
29680,Genoa,CO,08073,
29735,Georgetown,CO,08019,
29845,Gerrard,CO,08105,
29955,Gilcrest,CO,08123,
30340,Glendale,CO,08005,
30350,Glendale,CO,08013,
30420,Gleneagle,CO,08041,
30780,Glenwood Springs,CO,08045,
30835,Golden,CO,08059,
30890,Goldfield,CO,08119,
30945,Gold Hill,CO,08013,
31550,Granada,CO,08099,
31605,Granby,CO,08049,
31660,Grand Junction,CO,08077,
31715,Grand Lake,CO,08049,
31935,Grand View Estates,CO,08035,
32155,Greeley,CO,08123,
32650,Green Mountain Falls,CO,08041 08119,
33035,Greenwood Village,CO,08005,
33310,Grover,CO,08123,
33420,Guffey,CO,08093,
33502,Gunbarrel,CO,08013,
33640,Gunnison,CO,08051,
33695,Gypsum,CO,08037,
34520,Hartman,CO,08099,
34630,Hartsel,CO,08093,
34685,Hasty,CO,08011,
34740,Haswell,CO,08061,
34960,Haxtun,CO,08095,
35070,Hayden,CO,08107,
35400,Heeney,CO,08117,
35860,Hidden Lake,CO,08013,
36410,Highlands Ranch,CO,08035,
36610,Hillrose,CO,08087,
36940,Hoehne,CO,08071,
37215,Holly,CO,08099,
37220,Holly Hills,CO,08005,
37270,Holyoke,CO,08095,
37380,Hooper,CO,08003,
37545,Hotchkiss,CO,08029,
37600,Hot Sulphur Springs,CO,08049,
37655,Howard,CO,08043,
37820,Hudson,CO,08123,
37875,Hugo,CO,08073,
38370,Idaho Springs,CO,08019,
38425,Idalia,CO,08125,
38480,Idledale,CO,08059,
38535,Ignacio,CO,08067,
38590,Iliff,CO,08075,
38810,Indian Hills,CO,08059,
38910,Inverness,CO,08005,
39160,Jackson Lake,CO,08087,
39195,Jamestown,CO,08013,
39250,Jansen,CO,08071,
39745,Joes,CO,08125,
39800,Johnson Village,CO,08015,
39855,Johnstown,CO,08069 08123,
39965,Julesburg,CO,08115,
40185,Keenesburg,CO,08123,
40377,Ken Caryl,CO,08059,
40515,Kersey,CO,08123,
40550,Keystone,CO,08117,
40570,Kim,CO,08071,
40790,Kiowa,CO,08039,
40900,Kirk,CO,08125,
41010,Kit Carson,CO,08017,
41065,Kittredge,CO,08059,
41560,Kremmling,CO,08049,
41835,Lafayette,CO,08013,
42000,Laird,CO,08125,
42055,La Jara,CO,08021,
42110,La Junta,CO,08089,
42165,La Junta Gardens,CO,08089,
42330,Lake City,CO,08053,
42495,Lakeside,CO,08059,
43000,Lakewood,CO,08059,
43110,Lamar,CO,08099,
43220,Laporte,CO,08069,
43550,Larkspur,CO,08035,
43605,La Salle,CO,08123,
43660,Las Animas,CO,08011,
44100,La Veta,CO,08055,
44265,Lazear,CO,08029,
44270,Lazy Acres,CO,08013,
44320,Leadville,CO,08065,
44375,Leadville North,CO,08065,
44595,Lewis,CO,08083,
44695,Leyner,CO,08013,
44980,Limon,CO,08073,
45145,Lincoln Park,CO,08043,
45255,Littleton,CO,08005 08035 08059,
45530,Lochbuie,CO,08001 08123,
45680,Loghill Village,CO,08091,
45695,Log Lane Village,CO,08087,
45750,Loma,CO,08077,
45955,Lone Tree,CO,08035,
45970,Longmont,CO,08013 08123,
46355,Louisville,CO,08013,
46410,Louviers,CO,08035,
46465,Loveland,CO,08069,
47015,Lynn,CO,08071,
47070,Lyons,CO,08013,
47235,McClave,CO,08011,
47345,McCoy,CO,08037,
48060,Manassa,CO,08021,
48115,Mancos,CO,08083,
48445,Manitou Springs,CO,08041,
48500,Manzanola,CO,08089,
48555,Marble,CO,08051,
48940,Marvel,CO,08067,
49215,Matheson,CO,08039,
49325,Maybell,CO,08081,
49490,Maysville,CO,08015,
49600,Mead,CO,08123,
49875,Meeker,CO,08103,
50012,Meridian,CO,08035,
50026,Meridian Village,CO,08035,
50040,Merino,CO,08075,
50380,Midland,CO,08119,
50480,Milliken,CO,08123,
50920,Minturn,CO,08037,
51250,Moffat,CO,08109,
51635,Monte Vista,CO,08105,
51690,Montezuma,CO,08117,
51745,Montrose,CO,08085,
51800,Monument,CO,08041,
51975,Morgan Heights,CO,08087,
52075,Morrison,CO,08059,
52210,Mountain Meadows,CO,08013,
52350,Mountain View,CO,08059,
52550,Mountain Village,CO,08113,
52570,Mount Crested Butte,CO,08051,
52820,Mulford,CO,08045,
53010,Nathrop,CO,08015,
53120,Naturita,CO,08085,
53175,Nederland,CO,08013,
53395,New Castle,CO,08045,
53780,Niwot,CO,08013,
53875,No Name,CO,08045,
53945,Norrie,CO,08097,
54330,Northglenn,CO,08001 08123,
54495,North La Junta,CO,08089,
54750,North Washington,CO,08001,
54880,Norwood,CO,08113,
54935,Nucla,CO,08085,
55045,Nunn,CO,08123,
55155,Oak Creek,CO,08107,
55540,Olathe,CO,08085,
55705,Olney Springs,CO,08025,
55870,Ophir,CO,08113,
55925,Orchard,CO,08087,
55980,Orchard City,CO,08029,
56035,Orchard Mesa,CO,08077,
56145,Ordway,CO,08025,
56365,Otis,CO,08121,
56420,Ouray,CO,08091,
56475,Ovid,CO,08115,
56695,Padroni,CO,08075,
56860,Pagosa Springs,CO,08007,
56970,Palisade,CO,08077,
57025,Palmer Lake,CO,08041,
57245,Paoli,CO,08095,
57300,Paonia,CO,08029,
57400,Parachute,CO,08045,
57445,Paragon Estates,CO,08013,
57465,Park Center,CO,08043,
57630,Parker,CO,08035,
57850,Parshall,CO,08049,
58235,Peetz,CO,08075,
58400,Penrose,CO,08043,
58510,Peoria,CO,08005,
58592,Perry Park,CO,08035,
58675,Peyton,CO,08041,
58785,Phippsburg,CO,08107,
58960,Piedra,CO,08053,
59005,Pierce,CO,08123,
59240,Pine Brook Hill,CO,08013,
59520,Pine Valley,CO,08019,
59830,Pitkin,CO,08051,
59885,Placerville,CO,08113,
60160,Platteville,CO,08123,
60600,Poncha Springs,CO,08015,
60655,Ponderosa Park,CO,08039,
60765,Portland,CO,08091,
61315,Pritchett,CO,08009,
62000,Pueblo,CO,08101,
62220,Pueblo West,CO,08101,
62660,Ramah,CO,08041,
62880,Rangely,CO,08103,
63045,Raymer (New Raymer),CO,08123,
63265,Red Cliff,CO,08037,
63320,Red Feather Lakes,CO,08069,
63375,Redlands,CO,08077,
63650,Redstone,CO,08097,
63705,Redvale,CO,08085,
64090,Rico,CO,08033,
64200,Ridgway,CO,08091,
64255,Rifle,CO,08045,
64870,Rock Creek Park,CO,08041,
64970,Rockvale,CO,08043,
65190,Rocky Ford,CO,08089,
65685,Rollinsville,CO,08047,
65740,Romeo,CO,08021,
66197,Roxborough Park,CO,08035,
66895,Rye,CO,08101,
66995,Saddle Ridge,CO,08087,
67005,Saguache,CO,08109,
67040,St. Ann Highlands,CO,08013,
67142,St. Mary's,CO,08019,
67280,Salida,CO,08015,
67445,Salt Creek,CO,08101,
67500,San Acacio,CO,08023,
67830,Sanford,CO,08021,
68105,San Luis,CO,08023,
68655,Sawpit,CO,08113,
68847,Security-Widefield,CO,08041,
68875,Sedalia,CO,08035,
68930,Sedgwick,CO,08115,
68985,Segundo,CO,08071,
69040,Seibert,CO,08063,
69110,Seven Hills,CO,08013,
69150,Severance,CO,08123,
69480,Shaw Heights,CO,08001,
69645,Sheridan,CO,08005,
69700,Sheridan Lake,CO,08061,
69810,Sherrelwood,CO,08001,
70112,Sierra Ridge,CO,08035,
70195,Silt,CO,08045,
70250,Silver Cliff,CO,08027,
70360,Silver Plume,CO,08019,
70525,Silverthorne,CO,08117,
70580,Silverton,CO,08111,
70635,Simla,CO,08039,
71625,Smeltertown,CO,08015,
71755,Snowmass Village,CO,08097,
71790,Snyder,CO,08087,
71845,Somerset,CO,08051,
72320,Southern Ute,CO,08067,
72395,South Fork,CO,08105,
73330,Springfield,CO,08009,
73715,Starkville,CO,08071,
73825,Steamboat Springs,CO,08107,
73925,Stepping Stone,CO,08035,
73935,Sterling,CO,08075,
73943,Sterling Ranch,CO,08035,
74080,Stonegate,CO,08035,
74275,Stonewall Gap,CO,08071,
74375,Strasburg,CO,08001 08005,
74430,Stratmoor,CO,08041,
74485,Stratton,CO,08063,
74815,Sugar City,CO,08025,
74980,Sugarloaf,CO,08013,
75585,Sunshine,CO,08013,
75640,Superior,CO,08013 08059,
75970,Swink,CO,08089,
76190,Tabernash,CO,08049,
76325,Tall Timber,CO,08013,
76795,Telluride,CO,08113,
77235,The Pinery,CO,08035,
77290,Thornton,CO,08001 08123,
77510,Timnath,CO,08069 08123,
77757,Todd Creek,CO,08001,
78280,Towaoc,CO,08083,
78335,Towner,CO,08061,
78345,Trail Side,CO,08087,
78610,Trinidad,CO,08071,
79100,Twin Lakes,CO,08001,
79105,Twin Lakes,CO,08065,
79270,Two Buttes,CO,08009,
79785,Upper Bear Creek,CO,08019,
79800,Upper Witter Gulch,CO,08019,
80040,Vail,CO,08037,
80095,Valdez,CO,08071,
80370,Valmont,CO,08013,
80755,Vernon,CO,08125,
80865,Victor,CO,08119,
81030,Vilas,CO,08009,
81305,Vineland,CO,08101,
81690,Vona,CO,08063,
82130,Walden,CO,08057,
82350,Walsenburg,CO,08055,
82460,Walsh,CO,08009,
82735,Ward,CO,08013,
82900,Watkins,CO,08001 08005,
83120,Welby,CO,08001,
83175,Weldona,CO,08087,
83230,Wellington,CO,08069,
83450,Westcliffe,CO,08027,
83500,Westcreek,CO,08035,
83835,Westminster,CO,08001 08059,
84000,Weston,CO,08071,
84042,West Pleasant View,CO,08059,
84440,Wheat Ridge,CO,08059,
84770,Wiggins,CO,08087,
85045,Wiley,CO,08099,
85155,Williamsburg,CO,08043,
85485,Windsor,CO,08069 08123,
85705,Winter Park,CO,08049,
85760,Wolcott,CO,08037,
86090,Woodland Park,CO,08119,
86117,Woodmoor,CO,08041,
86200,Woody Creek,CO,08097,
86310,Wray,CO,08125,
86475,Yampa,CO,08107,
86750,Yuma,CO,08125,
01150,Ansonia,CT,09140,
02480,Ball Pond,CT,09190,
02550,Baltic,CT,09180,
02690,Bantam,CT,09160,
04790,Bethel,CT,09190,
04945,Bethlehem Village,CT,09140,
04965,Bigelow Corners,CT,09190,
06050,Blue Hills,CT,09110,
06155,Bogus Hill,CT,09190,
06680,Botsford,CT,09190,
07100,Branchville,CT,09190,
07345,Branford Center,CT,09170,
08000,Bridgeport,CT,09120,
08140,Bridgewater,CT,09190,
08420,Bristol,CT,09140,
08770,Broad Brook,CT,09110,
09050,Brookfield Center,CT,09190,
09120,Brooklyn,CT,09150,
10660,Byram,CT,09190,
10870,Canaan,CT,09160,
11360,Candlewood Isle,CT,09190,
11430,Candlewood Knolls,CT,09190,
11500,Candlewood Lake Club,CT,09190,
11640,Candlewood Orchards,CT,09190,
11780,Candlewood Shores,CT,09190,
11990,Cannondale,CT,09190,
12370,Canton Valley,CT,09110,
14200,Cheshire Village,CT,09140,
14370,Chester Center,CT,09130,
14615,Chimney Point,CT,09190,
15420,Clinton,CT,09130,
15840,Colchester,CT,09180,
16085,Coleytown,CT,09190,
16120,Collinsville,CT,09110,
16525,Compo,CT,09190,
16960,Conning Towers-Nautilus Park,CT,09180,
17170,Cornwall,CT,09160,
17310,Cornwall Bridge,CT,09160,
17520,Cos Cob,CT,09190,
17835,Coventry Lake,CT,09110,
18220,Crystal Lake,CT,09110,
18430,Danbury,CT,09190,
18675,Daniels Farm,CT,09120,
18780,Danielson,CT,09150,
18936,Darien Downtown,CT,09190,
18990,Dayville,CT,09150,
19200,Deep River Center,CT,09130,
19480,Derby,CT,09140,
20250,Dodgingtown,CT,09190,
20740,Durham,CT,09130,
21160,East Brooklyn,CT,09150,
22420,East Hampton,CT,09130,
22700,East Hartford,CT,09110,
22980,East Haven,CT,09170,
24520,East Village,CT,09120,
26370,Essex Village,CT,09130,
26698,Fairfield University,CT,09120,
27390,Falls Village,CT,09160,
27810,Fenwick,CT,09130,
30190,Gales Ferry,CT,09180,
30470,Gaylordsville,CT,09190,
30540,Georgetown,CT,09190,
31270,Glastonbury Center,CT,09110,
31520,Glenville,CT,09190,
33480,Greens Farms,CT,09190,
33690,Greenwich,CT,09190,
34180,Groton,CT,09180,
34460,Groton Long Point,CT,09180,
35020,Guilford Center,CT,09170,
37000,Hartford,CT,09110,
37490,Hawleyville,CT,09190,
37770,Hazardville,CT,09110,
37930,Heritage Village,CT,09140,
38050,Higganum,CT,09130,
39695,Indian Field,CT,09190,
39747,Inglenook,CT,09190,
39940,Jewett City,CT,09180,
40077,Kellogg Point,CT,09190,
40150,Kensington,CT,09110,
40920,Knollcrest,CT,09190,
41226,Lake Bungee,CT,09150,
41238,Lake Chaffee,CT,09150,
41410,Lake Pocotopaug,CT,09130,
41585,Lakes East,CT,09190,
41714,Lakeside Woods,CT,09190,
41736,Lakes West,CT,09190,
41830,Lakeville,CT,09160,
43300,Litchfield,CT,09160,
43580,Long Hill,CT,09120,
43790,Long Hill,CT,09180,
44000,Lordship,CT,09120,
44630,Madison Center,CT,09170,
44660,Mamanasco Lake,CT,09190,
44690,Manchester,CT,09110,
45120,Mansfield Center,CT,09110,
45995,Mashantucket,CT,09180,
46240,Mechanicsville,CT,09150,
46450,Meriden,CT,09170,
47290,Middletown,CT,09130,
47515,Milford city,CT,09170,
47990,Mill Plain,CT,09120,
49110,Moodus,CT,09130,
49180,Moosup,CT,09150,
49720,Murray,CT,09120,
49810,Mystic,CT,09180,
49880,Naugatuck,CT,09140,
50370,New Britain,CT,09110,
50576,New Canaan,CT,09190,
51420,New Hartford Center,CT,09160,
52000,New Haven,CT,09170,
52210,Newington,CT,09110,
52280,New London,CT,09180,
52560,New Milford,CT,09190,
52770,New Preston,CT,09160,
52910,Newtown,CT,09190,
53120,Niantic,CT,09180,
53260,Noank,CT,09180,
53400,Norfolk,CT,09160,
53540,Noroton,CT,09190,
53610,Noroton Heights,CT,09190,
54450,Northford,CT,09170,
54660,North Granby,CT,09110,
54730,North Grosvenor Dale,CT,09150,
54940,North Haven,CT,09170,
55725,Northwest Harwinton,CT,09160,
55990,Norwalk,CT,09190,
56200,Norwich,CT,09180,
56690,Oakville,CT,09140,
56900,Old Greenwich,CT,09190,
56935,Old Hill,CT,09190,
57180,Old Mystic,CT,09180,
57390,Old Saybrook Center,CT,09130,
57670,Orange,CT,09170,
57880,Oronoque,CT,09120,
58520,Oxoboxo River,CT,09180,
59140,Pawcatuck,CT,09180,
59210,Pemberwick,CT,09190,
60090,Plainfield Village,CT,09150,
60260,Plantsville,CT,09110,
60365,Plattsville,CT,09120,
60540,Pleasant Valley,CT,09160,
61555,Poplar Plains,CT,09190,
61730,Poquonock Bridge,CT,09180,
61870,Portland,CT,09130,
62640,Putnam,CT,09150,
63165,Quasset Lake,CT,09150,
63270,Quinebaug,CT,09150,
63313,Quinnipiac University,CT,09170,
63620,Redding Center,CT,09190,
63830,Ridgebury,CT,09190,
63900,Ridgefield,CT,09190,
64530,Riverside,CT,09190,
64880,Riverton,CT,09160,
65160,Rock Ridge,CT,09190,
65230,Rockville,CT,09110,
65685,Route 7 Gateway,CT,09190,
66086,Sacred Heart University,CT,09120,
66113,Sail Harbor,CT,09190,
66455,Salmon Brook,CT,09110,
66700,Sandy Hook,CT,09190,
66770,Saugatuck,CT,09190,
67050,Saybrook Manor,CT,09130,
67890,Sharon,CT,09160,
68100,Shelton,CT,09140,
68240,Sherman,CT,09190,
68450,Sherwood Manor,CT,09110,
69010,Simsbury Center,CT,09110,
69150,Somers,CT,09110,
69990,South Coventry,CT,09110,
71040,Southport,CT,09120,
71215,South Wilton,CT,09190,
71250,South Windham,CT,09180,
71460,Southwood Acres,CT,09110,
71530,South Woodstock,CT,09150,
72300,Stafford Springs,CT,09110,
73000,Stamford,CT,09190,
73175,Staples,CT,09190,
73280,Stepney,CT,09120,
73700,Stonington,CT,09180,
73980,Storrs,CT,09110,
74303,Stratford Downtown,CT,09120,
74655,Suffield Depot,CT,09110,
75065,Taylor Corners,CT,09190,
75100,Tariffville,CT,09110,
75116,Tashua,CT,09120,
75200,Terramuggus,CT,09110,
75240,Terryville,CT,09140,
75660,Thomaston,CT,09140,
75940,Thompsonville,CT,09110,
76150,Tokeneke,CT,09190,
76400,Topstone,CT,09190,
76500,Torrington,CT,09160,
77278,Trumbull Center,CT,09120,
78880,Wallingford Center,CT,09170,
80000,Waterbury,CT,09140,
80210,Waterford,CT,09180,
80420,Watertown,CT,09140,
80630,Wauregan,CT,09150,
80770,Weatogue,CT,09110,
81750,Westbrook Center,CT,09130,
82030,West Cornwall,CT,09160,
82660,West Hartford,CT,09110,
82800,West Haven,CT,09170,
83045,West Mountain,CT,09190,
83360,Weston,CT,09190,
83586,Westport Village,CT,09190,
83990,West Simsbury,CT,09110,
84970,Wethersfield,CT,09110,
85810,Willimantic,CT,09180,
86380,Wilton Center,CT,09190,
87140,Windsor Locks,CT,09110,
87350,Winsted,CT,09160,
87455,Witches Woods,CT,09150,
87980,Woodbury Center,CT,09140,
88050,Woodmont,CT,09170,
50000,Washington,DC,11001,
01400,Arden,DE,10003,
01530,Ardencroft,DE,10003,
01660,Ardentown,DE,10003,
04130,Bear,DE,10003,
04650,Bellefonte,DE,10003,
05690,Bethany Beach,DE,10005,
05820,Bethel,DE,10005,
06730,Blades,DE,10005,
07250,Bowers,DE,10001,
08680,Bridgeville,DE,10005,
09850,Brookside,DE,10003,
10760,Camden,DE,10001,
14660,Cheswold,DE,10001,
15310,Claymont,DE,10003,
15440,Clayton,DE,10001 10003,
18950,Dagsboro,DE,10005,
19730,Delaware City,DE,10003,
20380,Delmar,DE,10005,
20900,Dewey Beach,DE,10005,
21200,Dover,DE,10001,
21387,Dover Base Housing,DE,10001,
23240,Edgemoor,DE,10003,
24020,Ellendale,DE,10005,
24540,Elsmere,DE,10003,
25840,Farmington,DE,10001,
26620,Felton,DE,10001,
26880,Fenwick Island,DE,10005,
28310,Frankford,DE,10005,
28440,Frederica,DE,10001,
29090,Georgetown,DE,10005,
29350,Glasgow,DE,10003,
31430,Greenville,DE,10003,
31560,Greenwood,DE,10005,
33120,Harrington,DE,10001,
33250,Hartly,DE,10001,
33900,Henlopen Acres,DE,10005,
34810,Highland Acres,DE,10001,
35850,Hockessin,DE,10003,
36760,Houston,DE,10001,
38710,Kent Acres,DE,10001,
39100,Kenton,DE,10001,
41310,Laurel,DE,10005,
41700,Leipsic,DE,10001,
41830,Lewes,DE,10005,
42480,Lincoln,DE,10005,
42870,Little Creek,DE,10001,
43245,Long Neck,DE,10005,
44430,Magnolia,DE,10001,
47030,Middletown,DE,10003,
47420,Milford,DE,10001 10005,
47940,Millsboro,DE,10005,
48200,Millville,DE,10005,
48330,Milton,DE,10005,
50670,Newark,DE,10003,
50800,New Castle,DE,10003,
51190,Newport,DE,10003,
52490,North Star,DE,10003,
53920,Ocean View,DE,10005,
54050,Odessa,DE,10003,
56490,Pike Creek,DE,10003,
56500,Pike Creek Valley,DE,10003,
58600,Port Penn,DE,10003,
60290,Rehoboth Beach,DE,10005,
61265,Rising Sun-Lebanon,DE,10001,
61480,Riverview,DE,10001,
61720,Rodney Village,DE,10001,
63800,St. Georges,DE,10003,
64320,Seaford,DE,10005,
64840,Selbyville,DE,10005,
67050,Slaughter Beach,DE,10005,
67310,Smyrna,DE,10001 10003,
67700,South Bethany,DE,10005,
72510,Townsend,DE,10003,
74330,Viola,DE,10001,
77580,Wilmington,DE,10003,
77840,Wilmington Manor,DE,10003,
80830,Woodside,DE,10001,
80895,Woodside East,DE,10001,
81350,Wyoming,DE,10001,
00075,Acacia Villas,FL,12099,
00375,Alachua,FL,12001,
00410,Alafaya,FL,12095,
00625,Alford,FL,12063,
00800,Allentown,FL,12113,
00950,Altamonte Springs,FL,12117,
01000,Altha,FL,12013,
01050,Altoona,FL,12069,
01100,Alturas,FL,12105,
01125,Alva,FL,12071,
01353,Andrews,FL,12075,
01475,Anna Maria,FL,12081,
01625,Apalachicola,FL,12037,
01675,Apollo Beach,FL,12057,
01700,Apopka,FL,12095,
01750,Arcadia,FL,12027,
01775,Archer,FL,12001,
01875,Aripeka,FL,12053 12101,
02187,Asbury Lake,FL,12019,
02250,Astatula,FL,12069,
02275,Astor,FL,12069,
02400,Atlantic Beach,FL,12031,
02500,Atlantis,FL,12099,
02550,Auburndale,FL,12105,
02575,Aucilla,FL,12065,
02660,Avalon,FL,12113,
02677,Ave Maria,FL,12021,
02681,Aventura,FL,12086,
02750,Avon Park,FL,12055,
02850,Azalea Park,FL,12095,
02900,Babson Park,FL,12105,
02925,Bagdad,FL,12113,
03250,Baldwin,FL,12031,
03275,Bal Harbour,FL,12086,
03375,Balm,FL,12057,
03480,Bardmoor,FL,12103,
03675,Bartow,FL,12105,
03725,Bascom,FL,12063,
03975,Bay Harbor Islands,FL,12086,
04070,Bay Hill,FL,12095,
04150,Bay Lake,FL,12095,
04162,Bayonet Point,FL,12101,
04200,Bay Pines,FL,12103,
04250,Bayport,FL,12053,
04350,Bayshore Gardens,FL,12081,
04650,Beacon Square,FL,12101,
04735,Bear Creek,FL,12103,
04925,Bee Ridge,FL,12115,
04975,Bell,FL,12041,
05025,Bellair-Meadowbrook Terrace,FL,12019,
05075,Belleair,FL,12103,
05100,Belleair Beach,FL,12103,
05125,Belleair Bluffs,FL,12103,
05150,Belleair Shore,FL,12103,
05200,Belle Glade,FL,12099,
05300,Belle Isle,FL,12095,
05375,Belleview,FL,12083,
05462,Bellview,FL,12033,
05806,Berkshire Lakes,FL,12021,
05825,Berrydale,FL,12113,
06100,Beverly Beach,FL,12035,
06125,Beverly Hills,FL,12017,
06350,Big Coppitt Key,FL,12087,
06425,Big Pine Key,FL,12087,
06575,Biscayne Gardens,FL,12086,
06600,Biscayne Park,FL,12086,
06625,Bithlo,FL,12095,
06667,Black Diamond,FL,12017,
06670,Black Hammock,FL,12117,
06875,Bloomingdale,FL,12057,
06925,Blountstown,FL,12013,
07300,Boca Raton,FL,12099,
07375,Bokeelia,FL,12071,
07450,Bonifay,FL,12059,
07525,Bonita Springs,FL,12071,
07687,Boulevard Gardens,FL,12011,
07775,Bowling Green,FL,12049,
07875,Boynton Beach,FL,12099,
07950,Bradenton,FL,12081,
07975,Bradenton Beach,FL,12081,
08075,Bradfordville,FL,12073,
08125,Bradley Junction,FL,12105,
08150,Brandon,FL,12057,
08175,Branford,FL,12121,
08300,Brent,FL,12033,
08575,Briny Breezes,FL,12099,
08600,Bristol,FL,12077,
08650,Broadview Park,FL,12011,
08700,Bronson,FL,12075,
08725,Brooker,FL,12007,
08762,Brookridge,FL,12053,
08800,Brooksville,FL,12053,
08925,Brownsdale,FL,12113,
09000,Brownsville,FL,12086,
09315,Buckhead Ridge,FL,12043,
09350,Buckingham,FL,12071,
09415,Buenaventura Lakes,FL,12097,
09550,Bunnell,FL,12035,
09612,Burnt Store Marina,FL,12071,
09625,Bushnell,FL,12119,
09630,Butler Beach,FL,12109,
09655,Cabana Colony,FL,12099,
09700,Callahan,FL,12089,
09725,Callaway,FL,12005,
09875,Campbell,FL,12097,
09900,Campbellton,FL,12063,
10100,Canal Point,FL,12099,
10250,Cape Canaveral,FL,12009,
10275,Cape Coral,FL,12071,
10350,Capitola,FL,12073,
10425,Captiva,FL,12071,
10725,Carrabelle,FL,12037,
10825,Carrollwood,FL,12057,
10975,Caryville,FL,12133,
11050,Casselberry,FL,12117,
11150,Cedar Grove,FL,12005,
11225,Cedar Key,FL,12075,
11285,Celebration,FL,12097,
11325,Center Hill,FL,12119,
11362,Century,FL,12033,
11525,Chaires,FL,12073,
11597,Charleston Park,FL,12071,
11625,Charlotte Harbor,FL,12015,
11650,Charlotte Park,FL,12015,
11800,Chattahoochee,FL,12039,
11912,Cheval,FL,12057,
11925,Chiefland,FL,12075,
11975,Chipley,FL,12133,
12150,Chokoloskee,FL,12021,
12250,Christmas,FL,12095,
12275,Chuluota,FL,12117,
12300,Chumuckla,FL,12113,
12325,Cinco Bayou,FL,12091,
12412,Citrus Hills,FL,12017,
12425,Citrus Park,FL,12057,
12450,Citrus Springs,FL,12017,
12675,Clarcona,FL,12095,
12875,Clearwater,FL,12103,
12925,Clermont,FL,12069,
12950,Cleveland,FL,12015,
13000,Clewiston,FL,12051,
13050,Cloud Lake,FL,12099,
13125,Cobbtown,FL,12113,
13150,Cocoa,FL,12009,
13175,Cocoa Beach,FL,12009,
13225,Cocoa West,FL,12009,
13275,Coconut Creek,FL,12011,
13400,Coleman,FL,12119,
13775,Combee Settlement,FL,12105,
13965,Connerton,FL,12101,
14050,Conway,FL,12095,
14125,Cooper City,FL,12011,
14250,Coral Gables,FL,12086,
14400,Coral Springs,FL,12011,
14412,Coral Terrace,FL,12086,
14700,Cortez,FL,12081,
14850,Cottondale,FL,12063,
14895,Country Club,FL,12086,
15055,Country Walk,FL,12086,
15300,Crawfordville,FL,12129,
15325,Crescent Beach,FL,12109,
15375,Crescent City,FL,12107,
15475,Crestview,FL,12091,
15515,Crooked Lake Park,FL,12105,
15575,Cross City,FL,12029,
15725,Crystal Lake,FL,12105,
15775,Crystal River,FL,12017,
15800,Crystal Springs,FL,12101,
15862,Cudjoe Key,FL,12087,
15968,Cutler Bay,FL,12086,
16050,Cypress Gardens,FL,12105,
16062,Cypress Lake,FL,12071,
16100,Cypress Quarters,FL,12093,
16125,Dade City,FL,12101,
16175,Dade City North,FL,12101,
16335,Dania Beach,FL,12011,
16450,Davenport,FL,12105,
16475,Davie,FL,12011,
16500,Day,FL,12067,
16525,Daytona Beach,FL,12127,
16550,Daytona Beach Shores,FL,12127,
16675,DeBary,FL,12127,
16725,Deerfield Beach,FL,12011,
16800,DeFuniak Springs,FL,12131,
16875,DeLand,FL,12127,
16937,DeLand Southwest,FL,12127,
16975,De Leon Springs,FL,12127,
17100,Delray Beach,FL,12099,
17200,Deltona,FL,12127,
17273,Desoto Acres,FL,12115,
17300,Desoto Lakes,FL,12115,
17325,Destin,FL,12091,
17450,Dickerson City,FL,12113,
17710,Dixonville,FL,12113,
17725,Doctor Phillips,FL,12095,
17935,Doral,FL,12086,
18075,Dover,FL,12057,
18425,Duck Key,FL,12087,
18550,Dundee,FL,12105,
18575,Dunedin,FL,12103,
18675,Dunnellon,FL,12083,
18875,Eagle Lake,FL,12105,
19025,East Bronson,FL,12075,
19206,East Lake,FL,12103,
19212,East Lake-Orient Park,FL,12057,
19275,East Milton,FL,12113,
19350,East Palatka,FL,12107,
19400,Eastpoint,FL,12037,
19575,East Williston,FL,12075,
19650,Eatonville,FL,12095,
19725,Ebro,FL,12133,
19825,Edgewater,FL,12127,
19900,Edgewood,FL,12095,
20050,Eglin AFB,FL,12091,
20108,Egypt Lake-Leto,FL,12057,
20275,Elfers,FL,12101,
20375,Ellenton,FL,12081,
20650,El Portal,FL,12086,
20825,Englewood,FL,12015 12115,
20925,Ensley,FL,12033,
21100,Espanola,FL,12035,
21150,Estero,FL,12071,
21250,Esto,FL,12059,
21350,Eustis,FL,12069,
21425,Everglades,FL,12021,
21750,Fairview Shores,FL,12095,
21850,Fanning Springs,FL,12041 12075,
21945,Feather Sound,FL,12103,
22100,Fellsmere,FL,12061,
22175,Fernandina Beach,FL,12089,
22225,Ferndale,FL,12069,
22250,Fern Park,FL,12117,
22275,Ferry Pass,FL,12033,
22325,Fidelis,FL,12113,
22375,Fisher Island,FL,12086,
22387,Fish Hawk,FL,12057,
22475,Five Points,FL,12023,
22550,Flagler Beach,FL,12035 12127,
22560,Flagler Estates,FL,12109,
22660,Fleming Island,FL,12019,
22775,Floral City,FL,12017,
22975,Florida City,FL,12086,
23005,Florida Gulf Coast University,FL,12071,
23050,Florida Ridge,FL,12061,
23125,Floridatown,FL,12113,
23375,Forest City,FL,12117,
23680,Fort Braden,FL,12073,
23730,Fort Denaud,FL,12051,
23850,Fort Green,FL,12049,
23875,Fort Green Springs,FL,12049,
24000,Fort Lauderdale,FL,12011,
24100,Fort Meade,FL,12105,
24125,Fort Myers,FL,12071,
24150,Fort Myers Beach,FL,12071,
24175,Fort Myers Shores,FL,12071,
24300,Fort Pierce,FL,12111,
24337,Fort Pierce North,FL,12111,
24387,Fort Pierce South,FL,12111,
24475,Fort Walton Beach,FL,12091,
24500,Fort White,FL,12023,
24562,Fountainebleau,FL,12086,
24581,Four Corners,FL,12069 12095 12097 12105,
24710,Franklin Park,FL,12011,
24825,Freeport,FL,12131,
24900,Frostproof,FL,12105,
24925,Fruit Cove,FL,12109,
24975,Fruitland Park,FL,12069,
25000,Fruitville,FL,12115,
25025,Fuller Heights,FL,12105,
25125,Fussels Corner,FL,12105,
25175,Gainesville,FL,12001,
25392,Garcon Point,FL,12113,
25475,Garden Grove,FL,12053,
25550,Gardner,FL,12049,
25655,Gateway,FL,12071,
25750,Geneva,FL,12117,
25900,Gibsonton,FL,12057,
25925,Gifford,FL,12061,
25987,Gladeview,FL,12086,
26000,Glencoe,FL,12127,
26050,Glen Ridge,FL,12099,
26075,Glen St. Mary,FL,12003,
26100,Glenvar Heights,FL,12086,
26250,Golden Beach,FL,12086,
26300,Golden Gate,FL,12021,
26475,Goldenrod,FL,12095 12117,
26550,Golf,FL,12099,
26700,Gonzalez,FL,12033,
26775,Goodland,FL,12021,
26900,Gotha,FL,12095,
26925,Goulding,FL,12033,
26950,Goulds,FL,12086,
27000,Graceville,FL,12063,
27175,Grand Ridge,FL,12063,
27256,Grant-Valkaria,FL,12009,
27322,Greenacres,FL,12099,
27360,Greenbriar,FL,12103,
27400,Green Cove Springs,FL,12019,
27550,Greensboro,FL,12039,
27575,Greenville,FL,12079,
27600,Greenwood,FL,12063,
27635,Grenelefe,FL,12105,
27650,Gretna,FL,12039,
27775,Grove City,FL,12015,
27800,Groveland,FL,12069,
28000,Gulf Breeze,FL,12113,
28045,Gulf Gate,FL,12115,
28175,Gulfport,FL,12103,
28275,Gulf Stream,FL,12099,
28305,Gun Club Estates,FL,12099,
28400,Haines City,FL,12105,
28452,Hallandale Beach,FL,12011,
28575,Hampton,FL,12007,
28650,Harbor Bluffs,FL,12103,
28800,Harbour Heights,FL,12015,
28925,Harlem,FL,12051,
28937,Harlem Heights,FL,12071,
29000,Harold,FL,12113,
29100,Hastings,FL,12109,
29150,Havana,FL,12039,
29200,Haverhill,FL,12099,
29275,Hawthorne,FL,12001,
29320,Heathrow,FL,12117,
29381,Heritage Bay,FL,12021,
29385,Heritage Pines,FL,12101,
29425,Hernando,FL,12017,
29437,Hernando Beach,FL,12053,
30000,Hialeah,FL,12086,
30025,Hialeah Gardens,FL,12086,
30200,Highland Beach,FL,12099,
30225,Highland City,FL,12105,
30325,Highland Park,FL,12105,
30494,High Point,FL,12053,
30525,High Springs,FL,12001,
30700,Hillcrest Heights,FL,12105,
30750,Hilliard,FL,12089,
30800,Hill 'n Dale,FL,12053,
30850,Hillsboro Beach,FL,12011,
30858,Hillsboro Pines,FL,12011,
30975,Hobe Sound,FL,12085,
31025,Holden Heights,FL,12095,
31030,Holden Lakes,FL,12095,
31075,Holiday,FL,12101,
31275,Holley,FL,12113,
31350,Holly Hill,FL,12127,
32000,Hollywood,FL,12011,
32150,Holmes Beach,FL,12081,
32250,Homeland,FL,12105,
32275,Homestead,FL,12086,
32325,Homestead Base,FL,12086,
32375,Homosassa,FL,12017,
32400,Homosassa Springs,FL,12017,
32610,Horizon West,FL,12095,
32650,Horseshoe Beach,FL,12029,
32675,Hosford,FL,12077,
32775,Howey-in-the-Hills,FL,12069,
32825,Hudson,FL,12101,
32967,Hunters Creek,FL,12095,
32975,Hurlburt Field,FL,12091,
32993,Hutchinson Island South,FL,12111,
33150,Hypoluxo,FL,12099,
33250,Immokalee,FL,12021,
33375,Indialantic,FL,12009,
33425,Indian Creek,FL,12086,
33450,Indian Harbour Beach,FL,12009,
33500,Indian Lake Estates,FL,12105,
33585,Indian River Estates,FL,12111,
33600,Indian River Shores,FL,12061,
33625,Indian Rocks Beach,FL,12103,
33675,Indian Shores,FL,12103,
33700,Indiantown,FL,12085,
33800,Inglis,FL,12075,
33900,Interlachen,FL,12107,
33950,Inverness,FL,12017,
33958,Inverness Highlands North,FL,12017,
33966,Inverness Highlands South,FL,12017,
34000,Inwood,FL,12105,
34012,Iona,FL,12071,
34132,"Islamorada, Village of Islands",FL,12087,
34185,Island Walk,FL,12021,
34275,Istachatta,FL,12053,
34400,Ives Estates,FL,12086,
35000,Jacksonville,FL,12031,
35050,Jacksonville Beach,FL,12031,
35200,Jacob City,FL,12063,
35300,Jan Phyl Village,FL,12105,
35350,Jasmine Estates,FL,12101,
35375,Jasper,FL,12047,
35425,Jay,FL,12113,
35525,Jennings,FL,12047,
35550,Jensen Beach,FL,12085,
35800,June Park,FL,12009,
35850,Juno Beach,FL,12099,
35862,Juno Ridge,FL,12099,
35875,Jupiter,FL,12099,
35890,Jupiter Farms,FL,12099,
35900,Jupiter Inlet Colony,FL,12099,
35925,Jupiter Island,FL,12085,
35950,Kathleen,FL,12105,
36062,Kendale Lakes,FL,12086,
36100,Kendall,FL,12086,
36121,Kendall West,FL,12086,
36175,Kenneth City,FL,12103,
36200,Kensington Park,FL,12115,
36220,Kenwood Estates,FL,12099,
36300,Key Biscayne,FL,12086,
36325,Key Colony Beach,FL,12087,
36375,Key Largo,FL,12087,
36462,Keystone,FL,12057,
36475,Keystone Heights,FL,12019,
36535,Key Vista,FL,12101,
36550,Key West,FL,12087,
36950,Kissimmee,FL,12097,
37225,LaBelle,FL,12051,
37275,Lacoochee,FL,12101,
37300,La Crosse,FL,12001,
37375,Lady Lake,FL,12069,
37500,Laguna Beach,FL,12005,
37525,Lake Alfred,FL,12105,
37542,Lake Belvedere Estates,FL,12099,
37625,Lake Buena Vista,FL,12095,
37648,Lake Butler,FL,12095,
37650,Lake Butler,FL,12125,
37775,Lake City,FL,12023,
37800,Lake Clarke Shores,FL,12099,
37975,Lake Hamilton,FL,12105,
38000,Lake Harbor,FL,12099,
38012,Lake Hart,FL,12095,
38025,Lake Helen,FL,12127,
38162,Lake Kathryn,FL,12069,
38238,Lake Kerr,FL,12083,
38250,Lakeland,FL,12105,
38262,Lakeland Highlands,FL,12105,
38275,Lake Lindsey,FL,12053,
38287,Lake Lorraine,FL,12091,
38332,Lake Mack-Forest Hills,FL,12069,
38350,Lake Magdalene,FL,12057,
38425,Lake Mary,FL,12117,
38430,Lake Mary Jane,FL,12095,
38519,Lake Mystic,FL,12077,
38575,Lake Panasoffkee,FL,12119,
38600,Lake Park,FL,12099,
38625,Lake Placid,FL,12055,
38690,Lake Sarasota,FL,12115,
38813,Lakeside,FL,12019,
38950,Lake Wales,FL,12105,
39062,Lakewood Park,FL,12111,
39067,Lakewood Ranch,FL,12081 12115,
39081,Lake Worth Beach,FL,12099,
39100,Lamont,FL,12065,
39200,Land O' Lakes,FL,12101,
39375,Lantana,FL,12099,
39425,Largo,FL,12103,
39475,Lauderdale-by-the-Sea,FL,12011,
39525,Lauderdale Lakes,FL,12011,
39550,Lauderhill,FL,12011,
39600,Laurel,FL,12115,
39650,Laurel Hill,FL,12091,
39700,Lawtey,FL,12007,
39725,Layton,FL,12087,
39750,Lazy Lake,FL,12011,
39775,Lealman,FL,12103,
39825,Lecanto,FL,12017,
39850,Lee,FL,12079,
39875,Leesburg,FL,12069,
39925,Lehigh Acres,FL,12071,
39950,Leisure City,FL,12086,
39987,Lely,FL,12021,
40037,Lely Resort,FL,12021,
40100,Lemon Grove,FL,12049,
40387,Liberty Triangle,FL,12083,
40450,Lighthouse Point,FL,12011,
40525,Limestone,FL,12049,
40562,Limestone Creek,FL,12099,
40750,Lisbon,FL,12069,
40875,Live Oak,FL,12121,
40950,Lloyd,FL,12065,
40985,Lochmoor Waterway Estates,FL,12071,
41025,Lockhart,FL,12095,
41150,Longboat Key,FL,12081 12115,
41250,Longwood,FL,12117,
41400,Loughman,FL,12105,
41562,Lower Grand Lagoon,FL,12005,
41577,Loxahatchee Groves,FL,12099,
41775,Lutz,FL,12057,
41825,Lynn Haven,FL,12005,
41950,Macclenny,FL,12003,
42090,McGregor,FL,12071,
42150,McIntosh,FL,12083,
42400,Madeira Beach,FL,12103,
42425,Madison,FL,12079,
42575,Maitland,FL,12095,
42625,Malabar,FL,12009,
42650,Malone,FL,12063,
42700,Manalapan,FL,12099,
42750,Manasota Key,FL,12015,
42787,Manatee Road,FL,12075,
42850,Mango,FL,12057,
42900,Mangonia Park,FL,12099,
43000,Marathon,FL,12087,
43083,Marco Island,FL,12021,
43090,Marco Shores-Hammock Bay,FL,12021,
43125,Margate,FL,12011,
43175,Marianna,FL,12063,
43250,Marineland,FL,12035 12109,
43300,Marion Oaks,FL,12083,
43375,Mary Esther,FL,12091,
43400,Masaryktown,FL,12053,
43425,Mascotte,FL,12069,
43475,Matlacha,FL,12071,
43484,Matlacha Isles-Matlacha Shores,FL,12071,
43575,Mayo,FL,12067,
43785,Meadow Oaks,FL,12101,
43800,Meadow Woods,FL,12095,
43900,Medley,FL,12086,
43925,Medulla,FL,12105,
43975,Melbourne,FL,12009,
44000,Melbourne Beach,FL,12009,
44075,Melbourne Village,FL,12009,
44175,Memphis,FL,12081,
44275,Merritt Island,FL,12009,
44300,Mexico Beach,FL,12005,
45000,Miami,FL,12086,
45025,Miami Beach,FL,12086,
45060,Miami Gardens,FL,12086,
45100,Miami Lakes,FL,12086,
45175,Miami Shores,FL,12086,
45200,Miami Springs,FL,12086,
45225,Micanopy,FL,12001,
45275,Micco,FL,12009,
45300,Miccosukee,FL,12073,
45350,Middleburg,FL,12019,
45425,Midway,FL,12039,
45465,Midway,FL,12113,
45475,Midway,FL,12117,
45750,Milton,FL,12113,
45775,Mims,FL,12009,
45900,Minneola,FL,12069,
45975,Miramar,FL,12011,
46000,Miramar Beach,FL,12131,
46225,Molino,FL,12033,
46500,Monticello,FL,12065,
46520,Montura,FL,12051,
46525,Montverde,FL,12069,
46540,Moon Lake,FL,12101,
46550,Moore Haven,FL,12043,
46725,Morriston,FL,12075,
47000,Mount Carmel,FL,12113,
47050,Mount Dora,FL,12069,
47125,Mount Plymouth,FL,12069,
47175,Mulat,FL,12113,
47200,Mulberry,FL,12105,
47300,Munson,FL,12113,
47550,Myrtle Grove,FL,12033,
47625,Naples,FL,12021,
47650,Naples Manor,FL,12021,
47675,Naples Park,FL,12021,
47700,Naranja,FL,12086,
47787,Nassau Village-Ratliff,FL,12089,
48050,Navarre,FL,12113,
48055,Navarre Beach,FL,12113,
48100,Neptune Beach,FL,12031,
48200,Newberry,FL,12001,
48500,New Port Richey,FL,12101,
48525,New Port Richey East,FL,12101,
48625,New Smyrna Beach,FL,12127,
48725,New York,FL,12113,
48750,Niceville,FL,12091,
48825,Nobleton,FL,12053,
48850,Nocatee,FL,12109,
48875,Nokomis,FL,12115,
48900,Noma,FL,12059,
49225,North Bay Village,FL,12086,
49237,North Brooksville,FL,12053,
49260,Northdale,FL,12057,
49275,North DeLand,FL,12127,
49350,North Fort Myers,FL,12071,
49406,North Key Largo,FL,12087,
49425,North Lauderdale,FL,12011,
49435,North Merritt Island,FL,12009,
49450,North Miami,FL,12086,
49475,North Miami Beach,FL,12086,
49600,North Palm Beach,FL,12099,
49675,North Port,FL,12115,
49725,North Redington Beach,FL,12103,
49750,North River Shores,FL,12085,
49787,North Sarasota,FL,12115,
49905,North Weeki Wachee,FL,12053,
50450,Oak Hill,FL,12127,
50525,Oakland,FL,12095,
50575,Oakland Park,FL,12011,
50630,Oakleaf Plantation,FL,12019,
50638,Oak Ridge,FL,12095,
50750,Ocala,FL,12083,
50756,Ocala Estates,FL,12083,
50875,Ocean Breeze,FL,12085,
50925,Ocean City,FL,12091,
50950,Ocean Ridge,FL,12099,
51050,Ocklawaha,FL,12083,
51075,Ocoee,FL,12095,
51100,Odessa,FL,12101,
51125,Ojus,FL,12086,
51150,Okahumpka,FL,12069,
51200,Okeechobee,FL,12093,
51342,Old Miakka,FL,12115,
51350,Oldsmar,FL,12103,
51400,Olga,FL,12071,
51475,Olympia Heights,FL,12086,
51500,Ona,FL,12049,
51587,On Top of the World,FL,12083,
51650,Opa-locka,FL,12086,
51825,Orange City,FL,12127,
52125,Orange Park,FL,12019,
52162,Orangetree,FL,12021,
52175,Orchid,FL,12061,
52250,Oriole Beach,FL,12113,
53000,Orlando,FL,12095,
53100,Orlovista,FL,12095,
53150,Ormond Beach,FL,12127,
53200,Ormond-by-the-Sea,FL,12127,
53425,Osprey,FL,12115,
53500,Otter Creek,FL,12075,
53575,Oviedo,FL,12117,
53725,Pace,FL,12113,
53775,Page Park,FL,12071,
53800,Pahokee,FL,12099,
53850,Paisley,FL,12069,
53875,Palatka,FL,12107,
54000,Palm Bay,FL,12009,
54025,Palm Beach,FL,12099,
54075,Palm Beach Gardens,FL,12099,
54150,Palm Beach Shores,FL,12099,
54175,Palm City,FL,12085,
54200,Palm Coast,FL,12035,
54238,Palmer Ranch,FL,12115,
54250,Palmetto,FL,12081,
54275,Palmetto Bay,FL,12086,
54300,Palmetto Estates,FL,12086,
54350,Palm Harbor,FL,12103,
54357,Palmona Park,FL,12071,
54387,Palm River-Clair Mel,FL,12057,
54425,Palm Shores,FL,12009,
54450,Palm Springs,FL,12099,
54500,Palm Springs North,FL,12086,
54525,Palm Valley,FL,12109,
54625,Panacea,FL,12129,
54700,Panama City,FL,12005,
54725,Panama City Beach,FL,12005,
54912,Paradise Heights,FL,12095,
55075,Parker,FL,12005,
55125,Parkland,FL,12011,
55305,Pasadena Hills,FL,12101,
55375,Patrick AFB,FL,12009,
55475,Paxton,FL,12131,
55532,Pea Ridge,FL,12113,
55540,Pebble Creek,FL,12057,
55650,Pelican Bay,FL,12021,
55680,Pelican Marsh,FL,12021,
55750,Pembroke Park,FL,12011,
55775,Pembroke Pines,FL,12011,
55875,Penney Farms,FL,12019,
55925,Pensacola,FL,12033,
56004,Pensacola Station,FL,12033,
56150,Perry,FL,12123,
56425,Pierson,FL,12127,
56475,Pine Air,FL,12099,
56500,Pine Castle,FL,12095,
56525,Pinecraft,FL,12115,
56625,Pinecrest,FL,12086,
56825,Pine Hills,FL,12095,
56840,Pine Island,FL,12053,
56850,Pine Island Center,FL,12071,
56865,Pine Lakes,FL,12069,
56875,Pineland,FL,12071,
56955,Pine Level,FL,12113,
56975,Pinellas Park,FL,12103,
57025,Pine Manor,FL,12071,
57058,Pine Ridge,FL,12017,
57066,Pine Ridge,FL,12021,
57250,Pinewood,FL,12086,
57320,Pioneer,FL,12051,
57380,Pittman,FL,12069,
57425,Plantation,FL,12011,
57450,Plantation,FL,12115,
57492,Plantation Island,FL,12021,
57518,Plantation Mobile Home Park,FL,12099,
57550,Plant City,FL,12057,
57900,Poinciana,FL,12097 12105,
57908,Point Baker,FL,12113,
57950,Polk City,FL,12105,
58025,Pomona Park,FL,12107,
58050,Pompano Beach,FL,12011,
58175,Ponce de Leon,FL,12059,
58200,Ponce Inlet,FL,12127,
58350,Port Charlotte,FL,12015,
58420,Port LaBelle,FL,12043 12051,
58575,Port Orange,FL,12127,
58600,Port Richey,FL,12101,
58675,Port St. Joe,FL,12045,
58700,Port St. John,FL,12009,
58715,Port St. Lucie,FL,12111,
58727,Port Salerno,FL,12085,
58962,Pretty Bayou,FL,12005,
58975,Princeton,FL,12086,
59050,Progress Village,FL,12057,
59200,Punta Gorda,FL,12015,
59250,Punta Rassa,FL,12071,
59311,Quail Ridge,FL,12101,
59325,Quincy,FL,12039,
59400,Raiford,FL,12125,
59450,Rainbow Lakes Estates,FL,12075 12083,
59466,Rainbow Park,FL,12083,
59470,Rainbow Springs,FL,12083,
59475,Raleigh,FL,12075,
59675,Reddick,FL,12083,
59725,Redington Beach,FL,12103,
59750,Redington Shores,FL,12103,
60225,Richmond Heights,FL,12086,
60230,Richmond West,FL,12086,
60275,Ridgecrest,FL,12103,
60325,Ridge Manor,FL,12053,
60475,Ridge Wood Heights,FL,12115,
60550,Rio,FL,12085,
60562,Rio Pinar,FL,12095,
60785,River Park,FL,12111,
60835,River Ridge,FL,12101,
60950,Riverview,FL,12057,
60975,Riviera Beach,FL,12099,
61500,Rockledge,FL,12009,
61615,Roeville,FL,12113,
61807,Roosevelt Gardens,FL,12011,
61875,Roseland,FL,12061,
61937,Rotonda,FL,12015,
62100,Royal Palm Beach,FL,12099,
62118,Royal Palm Estates,FL,12099,
62275,Ruskin,FL,12057,
62425,Safety Harbor,FL,12103,
62500,St. Augustine,FL,12109,
62525,St. Augustine Beach,FL,12109,
62550,St. Augustine Shores,FL,12109,
62562,St. Augustine South,FL,12109,
62625,St. Cloud,FL,12097,
62650,St. George Island,FL,12037,
62675,St. James City,FL,12071,
62775,St. Leo,FL,12101,
62800,St. Lucie Village,FL,12111,
62825,St. Marks,FL,12129,
62885,St. Pete Beach,FL,12103,
63000,St. Petersburg,FL,12103,
63225,Samoset,FL,12081,
63362,Samsula-Spruce Creek,FL,12127,
63375,San Antonio,FL,12101,
63425,San Carlos Park,FL,12071,
63435,San Castle,FL,12099,
63650,Sanford,FL,12117,
63700,Sanibel,FL,12071,
64175,Sarasota,FL,12115,
64325,Sarasota Springs,FL,12115,
64400,Satellite Beach,FL,12009,
64525,Sawgrass,FL,12109,
64547,Schall Circle,FL,12099,
64625,Scottsmoor,FL,12009,
64725,Sea Ranch Lakes,FL,12011,
64825,Sebastian,FL,12061,
64875,Sebring,FL,12055,
64925,Seffner,FL,12057,
64975,Seminole,FL,12103,
65100,Seminole Manor,FL,12099,
65200,Seville,FL,12127,
65225,Sewall's Point,FL,12085,
65385,Shady Hills,FL,12101,
65425,Shalimar,FL,12091,
65525,Sharpes,FL,12009,
66000,Siesta Key,FL,12115,
66062,Silver Lake,FL,12069,
66125,Silver Springs,FL,12083,
66175,Silver Springs Shores,FL,12083,
66179,Silver Springs Shores East,FL,12083,
66425,Sky Lake,FL,12095,
66725,Sneads,FL,12063,
66875,Solana,FL,12015,
66925,Sopchoppy,FL,12129,
66975,Sorrento,FL,12069,
67163,South Apopka,FL,12095,
67175,South Bay,FL,12099,
67192,South Beach,FL,12061,
67258,South Bradenton,FL,12081,
67266,South Brooksville,FL,12053,
67270,Southchase,FL,12095,
67325,South Daytona,FL,12127,
67355,Southeast Arcadia,FL,12027,
67425,Southgate,FL,12115,
67450,South Gate Ridge,FL,12115,
67462,South Highpoint,FL,12103,
67550,South Miami,FL,12086,
67575,South Miami Heights,FL,12086,
67650,South Palm Beach,FL,12099,
67675,South Pasadena,FL,12103,
67725,South Patrick Shores,FL,12009,
67800,Southport,FL,12005,
67887,South Sarasota,FL,12115,
68100,South Venice,FL,12115,
68135,Southwest Ranches,FL,12011,
68275,Springfield,FL,12005,
68350,Spring Hill,FL,12053,
68365,Springhill,FL,12113,
68375,Spring Lake,FL,12053,
68435,Spring Ridge,FL,12041,
68487,Stacey Street,FL,12099,
68525,Starke,FL,12007,
68625,Steinhatchee,FL,12123,
68800,Stock Island,FL,12087,
68875,Stuart,FL,12085,
68950,Sugarmill Woods,FL,12017,
69025,Sumatra,FL,12077,
69250,Sun City Center,FL,12057,
69275,Suncoast Estates,FL,12071,
69555,Sunny Isles Beach,FL,12086,
69700,Sunrise,FL,12011,
69812,Sunset,FL,12086,
70075,Surfside,FL,12086,
70345,Sweetwater,FL,12086,
70525,Taft,FL,12095,
70600,Tallahassee,FL,12073,
70675,Tamarac,FL,12011,
70700,Tamiami,FL,12086,
71000,Tampa,FL,12057,
71075,Tangelo Park,FL,12095,
71100,Tangerine,FL,12095,
71150,Tarpon Springs,FL,12103,
71225,Tavares,FL,12069,
71250,Tavernier,FL,12087,
71300,Taylor Creek,FL,12093,
71400,Temple Terrace,FL,12057,
71525,Tequesta,FL,12099,
71564,The Acreage,FL,12099,
71567,The Crossings,FL,12086,
71569,The Hammocks,FL,12086,
71580,The Meadows,FL,12115,
71625,The Villages,FL,12083 12119,
71725,Thonotosassa,FL,12057,
71741,Three Lakes,FL,12086,
71758,Three Oaks,FL,12071,
71800,Tice,FL,12071,
71825,Tierra Verde,FL,12103,
71842,Tiger Point,FL,12113,
71850,Tildenville,FL,12095,
71867,Timber Pines,FL,12053,
71900,Titusville,FL,12009,
72145,Town 'n' Country,FL,12057,
72325,Treasure Island,FL,12103,
72350,Trenton,FL,12041,
72425,Trilby,FL,12101,
72442,Trinity,FL,12101,
72521,Tropical Park,FL,12009,
72875,Tyndall AFB,FL,12005,
73025,Umatilla,FL,12069,
73075,Union Park,FL,12095,
73163,University,FL,12057,
73172,University,FL,12095,
73312,Upper Grand Lagoon,FL,12005,
73675,Valparaiso,FL,12091,
73700,Valrico,FL,12057,
73725,Vamo,FL,12115,
73900,Venice,FL,12115,
73950,Venice Gardens,FL,12115,
74016,Verandah,FL,12071,
74125,Vernon,FL,12133,
74150,Vero Beach,FL,12061,
74200,Vero Beach South,FL,12061,
74225,Vero Lake Estates,FL,12061,
74235,Verona Walk,FL,12021,
74368,Viera East,FL,12009,
74370,Viera West,FL,12009,
74400,Vilano Beach,FL,12109,
74512,Villas,FL,12071,
74562,Vineyards,FL,12021,
74575,Virginia Gardens,FL,12086,
74625,Wabasso,FL,12061,
74635,Wabasso Beach,FL,12061,
74700,Wacissa,FL,12065,
74775,Wahneta,FL,12105,
74925,Waldo,FL,12001,
74975,Wallace,FL,12113,
75175,Warm Mineral Springs,FL,12115,
75200,Warrington,FL,12033,
75225,Washington Park,FL,12011,
75275,Watergate,FL,12099,
75300,Watertown,FL,12023,
75375,Wauchula,FL,12049,
75425,Waukeenah,FL,12065,
75450,Wausau,FL,12133,
75475,Waverly,FL,12105,
75600,Webster,FL,12119,
75612,Wedgefield,FL,12095,
75641,Weeki Wachee Gardens,FL,12053,
75725,Wekiwa Springs,FL,12117,
75750,Welaka,FL,12107,
75812,Wellington,FL,12099,
75875,Wesley Chapel,FL,12101,
76050,West Bradenton,FL,12081,
76058,West Canaveral Groves,FL,12009,
76062,Westchase,FL,12057,
76075,Westchester,FL,12086,
76087,West DeLand,FL,12127,
76290,Westgate,FL,12099,
76417,Westlake,FL,12099,
76481,West Lealman,FL,12103,
76487,West Little River,FL,12086,
76500,West Melbourne,FL,12009,
76525,West Miami,FL,12086,
76582,Weston,FL,12011,
76600,West Palm Beach,FL,12099,
76658,West Park,FL,12011,
76675,West Pensacola,FL,12033,
76700,West Perrine,FL,12086,
76740,West Samoset,FL,12081,
76937,West Vero Corridor,FL,12061,
76950,Westview,FL,12086,
76975,Westville,FL,12059,
77075,Westwood Lakes,FL,12086,
77100,Wewahitchka,FL,12045,
77137,Whiskey Creek,FL,12071,
77275,White City,FL,12111,
77400,White Springs,FL,12047,
77467,Whitfield,FL,12081,
77470,Whitfield,FL,12113,
77675,Wildwood,FL,12119,
77735,Williamsburg,FL,12095,
77825,Williston,FL,12075,
77837,Williston Highlands,FL,12075,
77862,Willow Oak,FL,12105,
78000,Wilton Manors,FL,12011,
78025,Wimauma,FL,12057,
78050,Windermere,FL,12095,
78063,Winding Cypress,FL,12021,
78110,Windsor,FL,12061,
78225,Winter Beach,FL,12061,
78250,Winter Garden,FL,12095,
78275,Winter Haven,FL,12105,
78300,Winter Park,FL,12095,
78325,Winter Springs,FL,12117,
78340,Wiscon,FL,12053,
78500,Woodlawn Beach,FL,12113,
78700,Woodville,FL,12073,
78740,World Golf Village,FL,12109,
78775,Worthington Springs,FL,12125,
78800,Wright,FL,12091,
78900,Yalaha,FL,12069,
78925,Yankeetown,FL,12075,
78975,Yeehaw Junction,FL,12097,
79175,Yulee,FL,12089,
79200,Zellwood,FL,12095,
79225,Zephyrhills,FL,12101,
79231,Zephyrhills North,FL,12101,
79237,Zephyrhills South,FL,12101,
79243,Zephyrhills West,FL,12101,
79250,Zolfo Springs,FL,12049,
00184,Abbeville,GA,13315,
00408,Acworth,GA,13067,
00436,Adairsville,GA,13015,
00576,Adel,GA,13075,
00660,Adrian,GA,13107 13167,
00828,Ailey,GA,13209,
00996,Alamo,GA,13309,
01024,Alapaha,GA,13019,
01052,Albany,GA,13095,
01248,Aldora,GA,13171,
01472,Allenhurst,GA,13179,
01500,Allentown,GA,13023 13175 13289 13319,
01612,Alma,GA,13005,
01696,Alpharetta,GA,13121,
01808,Alston,GA,13209,
01948,Alto,GA,13011 13137,
02060,Ambrose,GA,13069,
02116,Americus,GA,13261,
02256,Andersonville,GA,13261,
02364,Antioch,GA,13145,
02536,Appling,GA,13073,
02564,Arabi,GA,13081,
02592,Aragon,GA,13233,
02648,Arcade,GA,13157,
02844,Argyle,GA,13065,
02928,Arlington,GA,13037 13099,
03124,Arnoldsville,GA,13221,
03236,Ashburn,GA,13287,
03440,Athens-Clarke County unified government,GA,13059,
04000,Atlanta,GA,13089 13121,
04084,Attapulgus,GA,13087,
04140,Auburn,GA,13013 13135,
04204,Augusta-Richmond County consolidated government,GA,13245,
04252,Austell,GA,13067 13097,
04392,Avalon,GA,13257,
04448,Avera,GA,13163,
04644,Avondale Estates,GA,13089,
04700,Axson,GA,13003,
04840,Baconton,GA,13205,
04896,Bainbridge,GA,13087,
04980,Baldwin,GA,13011 13137,
05036,Ball Ground,GA,13057,
05344,Barnesville,GA,13171,
05680,Bartow,GA,13163,
05708,Barwick,GA,13027 13275,
06016,Baxley,GA,13001,
06688,Bellville,GA,13109,
06884,Belvedere Park,GA,13089,
06968,Bemiss,GA,13185,
07248,Berkeley Lake,GA,13135,
07304,Berlin,GA,13071,
07380,Berry College,GA,13115,
07612,Bethlehem,GA,13013,
07640,Between,GA,13297,
08200,Bishop,GA,13219,
08284,Blackshear,GA,13229,
08480,Blairsville,GA,13291,
08536,Blakely,GA,13099,
08844,Bloomingdale,GA,13051,
08928,Blue Ridge,GA,13111,
08956,Bluffton,GA,13061,
09040,Blythe,GA,13033 13245,
09068,Bogart,GA,13059 13219,
09152,Bolingbroke,GA,13207,
09272,Bonanza,GA,13063,
09460,Boston,GA,13275,
09488,Bostwick,GA,13211,
09544,Bowdon,GA,13045,
09656,Bowersville,GA,13147,
09712,Bowman,GA,13105,
09768,Box Springs,GA,13263,
09852,Boykin,GA,13201,
10076,Braselton,GA,13013 13135 13139 13157,
10104,Braswell,GA,13223 13233,
10132,Bremen,GA,13045 13143,
10608,Brinson,GA,13087,
10664,Bristol,GA,13229,
10860,Bronwood,GA,13273,
10944,Brookhaven,GA,13089,
11000,Brooklet,GA,13031,
11056,Brooks,GA,13113,
11504,Broxton,GA,13069,
11560,Brunswick,GA,13127,
11616,Buchanan,GA,13143,
11626,Buckhead,GA,13029,
11672,Buckhead,GA,13211,
11728,Buena Vista,GA,13197,
11784,Buford,GA,13135 13139,
12120,Butler,GA,13269,
12232,Byromville,GA,13093,
12260,Byron,GA,13225,
12344,Cadwell,GA,13175,
12400,Cairo,GA,13131,
12456,Calhoun,GA,13129,
12484,Calvary,GA,13131,
12512,Camak,GA,13301,
12624,Camilla,GA,13205,
12834,Candler-McAfee,GA,13089,
12932,Canon,GA,13119 13147,
12960,Canoochee,GA,13107,
12988,Canton,GA,13057,
13184,Carl,GA,13013,
13212,Carlton,GA,13195,
13352,Carnesville,GA,13119,
13492,Carrollton,GA,13045,
13688,Cartersville,GA,13015,
14024,Cataula,GA,13145,
14108,Cave Spring,GA,13115,
14192,Cecil,GA,13075,
14472,Cedar Springs,GA,13099,
14500,Cedartown,GA,13233,
14920,Centerville,GA,13153,
15026,Centralhatchee,GA,13149,
15172,Chamblee,GA,13089,
15508,Chatsworth,GA,13213,
15552,Chattahoochee Hills,GA,13077 13121,
15585,Chattanooga Valley,GA,13295,
15648,Chauncey,GA,13091,
15844,Cherry Log,GA,13123,
15900,Chester,GA,13091,
15984,Chickamauga,GA,13295,
16460,Clarkesville,GA,13137,
16544,Clarkston,GA,13089,
16600,Claxton,GA,13109,
16656,Clayton,GA,13241,
16796,Clermont,GA,13139,
16824,Cleveland,GA,13311,
16908,Climax,GA,13087,
17132,Clyattville,GA,13185,
17272,Cobbtown,GA,13267,
17328,Cochran,GA,13023,
17468,Cogdell,GA,13065,
17496,Cohutta,GA,13313,
17552,Colbert,GA,13195,
17580,Coleman,GA,13243,
17776,College Park,GA,13063 13121,
17832,Collins,GA,13267,
18000,Colquitt,GA,13201,
19000,Columbus,GA,13215,
19084,Comer,GA,13195,
19112,Commerce,GA,13157,
19168,Concord,GA,13231,
19280,Conley,GA,13063,
19336,Conyers,GA,13247,
19392,Coolidge,GA,13275,
19616,Cordele,GA,13081,
19728,Cornelia,GA,13137,
19830,Country Club Estates,GA,13127,
20064,Covington,GA,13217,
20288,Crawford,GA,13221,
20316,Crawfordville,GA,13265,
20372,Crescent,GA,13191,
20550,Crooked Creek,GA,13237,
20848,Culloden,GA,13207,
20932,Cumming,GA,13117,
21017,Cusseta-Chattahoochee County,GA,13053,
21072,Cuthbert,GA,13243,
21184,Dacula,GA,13135,
21240,Dahlonega,GA,13187,
21268,Daisy,GA,13109,
21324,Dallas,GA,13223,
21380,Dalton,GA,13313,
21436,Damascus,GA,13099,
21632,Danielsville,GA,13195,
21688,Danville,GA,13289 13319,
21716,Darien,GA,13191,
21744,Dasher,GA,13185,
21800,Davisboro,GA,13303,
21912,Dawson,GA,13273,
21940,Dawsonville,GA,13085,
22024,Dearing,GA,13189,
22052,Decatur,GA,13089,
22080,Deenwood,GA,13299,
22108,Deepstep,GA,13303,
22304,Demorest,GA,13137,
22388,Denton,GA,13161,
22472,De Soto,GA,13261,
22724,Dewy Rose,GA,13105,
22752,Dexter,GA,13175,
22976,Dillard,GA,13241,
23060,Dixie,GA,13027,
23144,Dixie Union,GA,13299,
23200,Dock Junction,GA,13127,
23284,Doerun,GA,13071,
23368,Donalsonville,GA,13253,
23480,Dooling,GA,13093,
23536,Doraville,GA,13089,
23872,Douglas,GA,13069,
23900,Douglasville,GA,13097,
24264,Druid Hills,GA,13089,
24376,Dublin,GA,13175,
24488,Dudley,GA,13175,
24600,Duluth,GA,13135,
24768,Dunwoody,GA,13089,
24796,Du Pont,GA,13065,
24876,Dutch Island,GA,13051,
24964,Eagle Grove,GA,13147,
25300,East Dublin,GA,13175,
25356,East Ellijay,GA,13123,
25440,East Griffin,GA,13255,
25552,Eastman,GA,13091,
25692,East Newnan,GA,13077,
25720,East Point,GA,13121,
26084,Eatonton,GA,13237,
26156,Echols County,GA,13101,
26224,Edge Hill,GA,13125,
26448,Edison,GA,13037,
26616,Elberton,GA,13105,
26980,Ellaville,GA,13249,
27008,Ellenton,GA,13071,
27064,Ellerslie,GA,13145,
27092,Ellijay,GA,13123,
27344,Emerson,GA,13015,
27512,Empire,GA,13023 13091,
27596,Enigma,GA,13019,
27708,Ephesus,GA,13149,
27736,Epworth,GA,13111,
27932,Eton,GA,13213,
27988,Euharlee,GA,13015,
28016,Eulonia,GA,13191,
28044,Evans,GA,13073,
28100,Everett,GA,13127,
28296,Experiment,GA,13255,
28324,Faceville,GA,13087,
28380,Fairburn,GA,13121,
28440,Fairfield Plantation,GA,13045,
28492,Fairmount,GA,13129,
28520,Fair Oaks,GA,13067,
28548,Fairplay,GA,13097,
28632,Fairview,GA,13295,
28744,Fargo,GA,13065,
28968,Fayetteville,GA,13113,
29528,Fitzgerald,GA,13017 13155,
30088,Flemington,GA,13179,
30312,Flovilla,GA,13035,
30340,Flowery Branch,GA,13139,
30424,Folkston,GA,13049,
30536,Forest Park,GA,13063,
30732,Forsyth,GA,13207,
30816,Fort Gaines,GA,13061,
30956,Fort Oglethorpe,GA,13047 13295,
31068,Fort Stewart,GA,13179,
31096,Fort Valley,GA,13225,
31292,Franklin,GA,13149,
31320,Franklin Springs,GA,13119,
31684,Funston,GA,13071,
31908,Gainesville,GA,13139,
32048,Garden City,GA,13051,
32132,Gardi,GA,13305,
32188,Garfield,GA,13107,
32384,Gay,GA,13199,
32412,Geneva,GA,13263,
32482,Georgetown,GA,13051,
32528,Georgetown-Quitman County,GA,13239,
32748,Gibson,GA,13125,
32860,Gillsville,GA,13011 13139,
32916,Girard,GA,13033,
33280,Glenn,GA,13149,
33336,Glennville,GA,13267,
33392,Glenwood,GA,13309,
33672,Godfrey,GA,13211,
33896,Good Hope,GA,13297,
33980,Gordon,GA,13319,
34176,Gough,GA,13033,
34260,Graham,GA,13001,
34428,Grantville,GA,13077,
34512,Gray,GA,13169,
34596,Grayson,GA,13135,
34876,Greensboro,GA,13133,
35016,Greenville,GA,13199,
35240,Gresham Park,GA,13089,
35324,Griffin,GA,13255,
35716,Grovetown,GA,13073,
35800,Gumbranch,GA,13179,
35814,Gumlog,GA,13119,
35884,Guyton,GA,13103,
36024,Hagan,GA,13109,
36052,Hahira,GA,13185,
36220,Hamilton,GA,13145,
36276,Hampton,GA,13151,
36416,Hannahs Mill,GA,13293,
36472,Hapeville,GA,13121,
36528,Haralson,GA,13077 13199,
36668,Hardwick,GA,13009,
36696,Harlem,GA,13073,
36920,Harrison,GA,13303,
37144,Hartwell,GA,13147,
37396,Hawkinsville,GA,13235,
37564,Hazlehurst,GA,13161,
37788,Helen,GA,13311,
37910,Henderson,GA,13051,
38040,Hephzibah,GA,13245,
38105,Heron Bay,GA,13151 13255,
38124,Hiawassee,GA,13281,
38292,Hickox,GA,13025,
38348,Higgston,GA,13209,
38866,Hilltop,GA,13231,
38920,Hiltonia,GA,13251,
38964,Hinesville,GA,13179,
39076,Hiram,GA,13223,
39216,Hoboken,GA,13025,
39244,Hogansville,GA,13285,
39524,Holly Springs,GA,13057,
39692,Homeland,GA,13049,
39720,Homer,GA,13011,
39748,Homerville,GA,13065,
40028,Hortense,GA,13025,
40056,Hoschton,GA,13157,
40196,Howard,GA,13269,
40532,Hull,GA,13195,
40812,Ideal,GA,13193,
40840,Ila,GA,13195,
41036,Indian Springs,GA,13047,
41344,Iron City,GA,13253,
41347,Irondale,GA,13063,
41400,Irwinton,GA,13319,
41484,Isle of Hope,GA,13051,
41540,Ivey,GA,13319,
41596,Jackson,GA,13035,
41708,Jacksonville,GA,13271,
41792,Jakin,GA,13099,
41932,Jasper,GA,13227,
41988,Jefferson,GA,13157,
42100,Jeffersonville,GA,13289,
42128,Jekyll Island,GA,13127,
42156,Jenkinsburg,GA,13035,
42184,Jersey,GA,13297,
42268,Jesup,GA,13305,
42425,Johns Creek,GA,13121,
42604,Jonesboro,GA,13063,
42772,Juliette,GA,13207,
42800,Junction City,GA,13263,
43192,Kennesaw,GA,13067,
43210,Kennesaw State University,GA,13067,
43360,Keysville,GA,13033,
43580,Kings Bay Base,GA,13039,
43640,Kingsland,GA,13039,
43668,Kingston,GA,13015,
43892,Kite,GA,13167,
44060,Knoxville,GA,13079,
44312,LaFayette,GA,13295,
44340,LaGrange,GA,13285,
44508,Lake City,GA,13063,
44592,Lakeland,GA,13173,
44704,Lake Park,GA,13185,
44900,Lakeview,GA,13047 13295,
44956,Lakeview Estates,GA,13247,
45460,Lavonia,GA,13119 13147,
45488,Lawrenceville,GA,13135,
45600,Leary,GA,13037,
45768,Leesburg,GA,13177,
45936,Lenox,GA,13075,
46020,Leslie,GA,13261,
46188,Lexington,GA,13221,
46356,Lilburn,GA,13135,
46384,Lilly,GA,13093,
46524,Lincoln Park,GA,13293,
46552,Lincolnton,GA,13181,
46580,Lindale,GA,13115,
46832,Lithia Springs,GA,13097,
46860,Lithonia,GA,13089,
47140,Locust Grove,GA,13151,
47196,Loganville,GA,13135 13297,
47252,Lone Oak,GA,13199,
47336,Lookout Mountain,GA,13295,
47560,Louisville,GA,13163,
47616,Lovejoy,GA,13063,
47784,Ludowici,GA,13183,
47896,Lula,GA,13011 13139,
47952,Lumber City,GA,13271,
47980,Lumpkin,GA,13259,
48008,Luthersville,GA,13199,
48092,Lyerly,GA,13055,
48232,Lyons,GA,13279,
48288,Mableton,GA,13067,
48428,McCaysville,GA,13111,
48624,McDonough,GA,13151,
48848,McIntyre,GA,13319,
49008,Macon-Bibb County,GA,13021,
49100,McRae-Helena,GA,13271 13309,
49196,Madison,GA,13211,
49504,Manassas,GA,13267,
49532,Manchester,GA,13199 13263,
49588,Manor,GA,13299,
49616,Mansfield,GA,13217,
49756,Marietta,GA,13067,
49924,Marshallville,GA,13193,
50008,Martin,GA,13119 13257,
50036,Martinez,GA,13073,
50176,Matthews,GA,13163,
50260,Maxeys,GA,13221,
50484,Maysville,GA,13011 13157,
50596,Meansville,GA,13231,
50680,Meigs,GA,13205 13275,
50820,Mendes,GA,13267,
50848,Menlo,GA,13055,
50960,Mershon,GA,13229,
51072,Metter,GA,13043,
51240,Midville,GA,13033,
51352,Midway,GA,13179,
51408,Milan,GA,13091 13271,
51492,Milledgeville,GA,13009,
51520,Millen,GA,13165,
51576,Millwood,GA,13299,
51604,Milner,GA,13171,
51660,Milstead,GA,13247,
51670,Milton,GA,13121,
51744,Mineral Bluff,GA,13111,
51968,Mitchell,GA,13125,
52108,Molena,GA,13231,
52192,Monroe,GA,13297,
52304,Montezuma,GA,13193,
52332,Montgomery,GA,13051,
52416,Monticello,GA,13159,
52500,Montrose,GA,13175,
52556,Moody AFB,GA,13185,
52668,Moreland,GA,13077,
52696,Morgan,GA,13037,
52724,Morganton,GA,13111,
53004,Morrow,GA,13063,
53032,Morven,GA,13027,
53060,Moultrie,GA,13071,
53116,Mountain City,GA,13241,
53172,Mountain Park,GA,13057 13121,
53186,Mountain Park,GA,13135,
53284,Mount Airy,GA,13137,
53508,Mount Vernon,GA,13209,
53620,Mount Zion,GA,13045,
53706,Mulberry,GA,13135,
54012,Musella,GA,13079,
54124,Nahunta,GA,13025,
54264,Nashville,GA,13019,
54404,Naylor,GA,13185,
54572,Nelson,GA,13057 13227,
54656,Newborn,GA,13217,
54768,New England,GA,13083,
54992,Newington,GA,13251,
55020,Newnan,GA,13077,
55244,Newton,GA,13007,
55440,Nicholls,GA,13069,
55468,Nicholson,GA,13157,
55776,Norcross,GA,13135,
55860,Norman Park,GA,13071,
55944,Norristown,GA,13107,
56112,North Decatur,GA,13089,
56168,North Druid Hills,GA,13089,
56308,North High Shoals,GA,13219,
56560,Norwood,GA,13301,
56644,Nunez,GA,13107,
57232,Oak Park,GA,13107,
57260,Oakwood,GA,13139,
57372,Ochlocknee,GA,13275,
57428,Ocilla,GA,13155,
57456,Oconee,GA,13303,
57540,Odum,GA,13305,
57568,Offerman,GA,13229,
57736,Oglethorpe,GA,13193,
57876,Ohoopee,GA,13279,
58100,Oliver,GA,13251,
58184,Omega,GA,13071 13277,
58296,Orchard Hill,GA,13255,
58744,Oxford,GA,13217,
58884,Palmetto,GA,13077 13121,
59080,Panthersville,GA,13089,
59416,Parrott,GA,13273,
59500,Patterson,GA,13229,
59556,Pavo,GA,13027 13275,
59724,Peachtree City,GA,13113,
59735,Peachtree Corners,GA,13135,
59808,Pearson,GA,13003,
59976,Pelham,GA,13205,
60004,Pembroke,GA,13029,
60032,Pendergrass,GA,13157,
60312,Perkins,GA,13165,
60340,Perry,GA,13153 13225,
60508,Phillipsburg,GA,13277,
60984,Pinehurst,GA,13093,
61040,Pine Lake,GA,13089,
61124,Pine Mountain,GA,13145 13199,
61320,Pineview,GA,13315,
61376,Piney Grove,GA,13145,
61544,Pitts,GA,13315,
61628,Plains,GA,13261,
61684,Plainville,GA,13129,
62104,Pooler,GA,13051,
62216,Portal,GA,13031,
62244,Porterdale,GA,13217,
62328,Port Wentworth,GA,13051,
62496,Poulan,GA,13321,
62524,Powder Springs,GA,13067,
63000,Pulaski,GA,13043,
63084,Putney,GA,13095,
63224,Quitman,GA,13027,
63560,Ranger,GA,13129,
63588,Raoul,GA,13137,
63728,Ray City,GA,13019 13173,
63756,Rayle,GA,13317,
63840,Rebecca,GA,13287,
63952,Redan,GA,13089,
64288,Reed Creek,GA,13147,
64372,Register,GA,13031,
64512,Reidsville,GA,13267,
64596,Remerton,GA,13185,
64680,Rentz,GA,13175,
64736,Resaca,GA,13129,
64792,Rest Haven,GA,13135 13139,
64876,Reynolds,GA,13269,
64932,Rhine,GA,13091,
64960,Riceboro,GA,13179,
65016,Richland,GA,13259,
65044,Richmond Hill,GA,13029,
65156,Riddleville,GA,13303,
65296,Rincon,GA,13103,
65324,Ringgold,GA,13047,
65464,Riverdale,GA,13063,
65856,Roberta,GA,13079,
65968,Robins AFB,GA,13153,
66024,Rochelle,GA,13315,
66220,Rockingham,GA,13005,
66276,Rockmart,GA,13233,
66304,Rock Spring,GA,13295,
66444,Rocky Ford,GA,13251,
66668,Rome,GA,13115,
66696,Roopville,GA,13045,
67256,Rossville,GA,13295,
67284,Roswell,GA,13067 13121,
67452,Royston,GA,13119 13147 13195,
67676,Russell,GA,13013,
67760,Rutledge,GA,13211,
67984,St. Marys,GA,13039,
68040,St. Simons,GA,13127,
68096,Sale City,GA,13205,
68129,Salem,GA,13293,
68208,Sandersville,GA,13303,
68516,Sandy Springs,GA,13121,
68600,Santa Claus,GA,13279,
68740,Sardis,GA,13033,
68796,Sasser,GA,13273,
68805,Satilla,GA,13161,
68880,Sautee-Nacoochee,GA,13311,
69000,Savannah,GA,13051,
69336,Scotland,GA,13271 13309,
69392,Scottdale,GA,13089,
69448,Screven,GA,13305,
69672,Senoia,GA,13077,
69728,Seville,GA,13315,
69784,Shady Dale,GA,13159,
69868,Shannon,GA,13115,
69896,Sharon,GA,13265,
69980,Sharpsburg,GA,13077,
70120,Shellman,GA,13243,
70428,Shiloh,GA,13145,
70932,Siloam,GA,13133,
71184,Skidaway Island,GA,13051,
71282,Sky Valley,GA,13241,
71296,Smarr,GA,13207,
71464,Smithville,GA,13177,
71492,Smyrna,GA,13067,
71604,Snellville,GA,13135,
71660,Social Circle,GA,13217 13297,
71772,Soperton,GA,13283,
72122,South Fulton,GA,13121,
72556,Sparks,GA,13075,
72584,Sparta,GA,13141,
72780,Springfield,GA,13103,
73004,Stapleton,GA,13163,
73256,Statesboro,GA,13031,
73312,Statham,GA,13013,
73452,Sterling,GA,13127,
73620,Stillmore,GA,13107,
73704,Stockbridge,GA,13151,
73760,Stockton,GA,13173,
73784,Stonecrest,GA,13089,
73816,Stone Mountain,GA,13089,
74180,Sugar Hill,GA,13135,
74348,Summertown,GA,13107,
74376,Summerville,GA,13055,
74432,Sumner,GA,13321,
74572,Sunny Side,GA,13255,
74628,Sunnyside,GA,13299,
74768,Sunset Village,GA,13293,
74852,Surrency,GA,13001,
74936,Suwanee,GA,13135,
74964,Swainsboro,GA,13107,
75104,Sycamore,GA,13287,
75160,Sylvania,GA,13251,
75188,Sylvester,GA,13321,
75239,Talahi Island,GA,13051,
75244,Talbotton,GA,13263,
75272,Talking Rock,GA,13227,
75300,Tallapoosa,GA,13143,
75328,Tallulah Falls,GA,13137 13241,
75412,Talmo,GA,13157,
75496,Tarrytown,GA,13209,
75580,Tate City,GA,13281,
75664,Taylorsville,GA,13015 13233,
75692,Tazewell,GA,13197,
75832,Temple,GA,13045 13143,
75888,Tennille,GA,13303,
76112,The Rock,GA,13293,
76168,Thomaston,GA,13293,
76224,Thomasville,GA,13275,
76280,Thomson,GA,13189,
76364,Thunderbolt,GA,13051,
76476,Tifton,GA,13277,
76504,Tiger,GA,13241,
76532,Tignall,GA,13317,
76756,Toccoa,GA,13257,
76952,Toomsboro,GA,13319,
77372,Trenton,GA,13083,
77540,Trion,GA,13055,
77652,Tucker,GA,13089,
77736,Tunnel Hill,GA,13313,
77764,Turin,GA,13077,
77988,Twin City,GA,13107,
78036,Tybee Island,GA,13051,
78044,Tyrone,GA,13113,
78100,Ty Ty,GA,13277,
78156,Unadilla,GA,13093,
78324,Union City,GA,13121,
78380,Union Point,GA,13133,
78464,Unionville,GA,13277,
78744,Uvalda,GA,13209,
78800,Valdosta,GA,13185,
78996,Varnell,GA,13313,
79164,Vernonburg,GA,13051,
79388,Vidalia,GA,13209 13279,
79416,Vidette,GA,13033,
79444,Vienna,GA,13093,
79528,Villa Rica,GA,13045 13097,
79612,Vinings,GA,13067,
79808,Waco,GA,13143,
79864,Wadley,GA,13163,
79948,Waleska,GA,13057,
80228,Walnut Grove,GA,13297,
80256,Walthourville,GA,13179,
80368,Waresboro,GA,13299,
80480,Warm Springs,GA,13199,
80508,Warner Robins,GA,13153 13225,
80592,Warrenton,GA,13301,
80648,Warthen,GA,13303,
80676,Warwick,GA,13321,
80704,Washington,GA,13317,
80788,Watkinsville,GA,13219,
80816,Waverly,GA,13039,
80844,Waverly Hall,GA,13145,
80956,Waycross,GA,13229 13299,
80984,Waynesboro,GA,13033,
81012,Waynesville,GA,13025,
81128,Webster County,GA,13307,
81208,Wenona,GA,13081,
81488,West Brow,GA,13083,
82132,West Point,GA,13145 13285,
82412,Whigham,GA,13131,
82468,White,GA,13015,
82636,Whitemarsh Island,GA,13051,
82692,White Plains,GA,13133,
82720,Whitesburg,GA,13045,
82916,Wildwood,GA,13083,
82972,Willacoochee,GA,13003,
83084,Williamson,GA,13231,
83168,Wilmington Island,GA,13051,
83420,Winder,GA,13013,
83728,Winterville,GA,13059,
83868,Woodbine,GA,13039,
83896,Woodbury,GA,13199,
83952,Woodland,GA,13263,
84176,Woodstock,GA,13057,
84260,Woodville,GA,13133,
84288,Woolsey,GA,13113,
84456,Wrens,GA,13163,
84512,Wrightsville,GA,13167,
84708,Yatesville,GA,13293,
84832,Yonah,GA,13311,
84960,Young Harris,GA,13281,
85128,Zebulon,GA,13231,
00400,Ahuimanu,HI,15003,
00550,Aiea,HI,15003,
01085,Ainaloa,HI,15001,
02200,Anahola,HI,15007,
02832,Black Sands,HI,15001,
03850,Captain Cook,HI,15001,
05900,Discovery Harbour,HI,15001,
06290,East Honolulu,HI,15003,
06300,East Kapolei,HI,15003,
06325,Eden Roc,HI,15001,
07000,Eleele,HI,15007,
07450,Ewa Beach,HI,15003,
07470,Ewa Gentry,HI,15003,
07485,Ewa Villages,HI,15003,
07542,Fern Acres,HI,15001,
07675,Fern Forest,HI,15001,
08950,Haena,HI,15007,
09260,Haiku-Pauwela,HI,15009,
09700,Halaula,HI,15001,
10000,Halawa,HI,15003,
10750,Haleiwa,HI,15003,
10900,Haliimaile,HI,15009,
11350,Hana,HI,15009,
11500,Hanalei,HI,15007,
11650,Hanamaulu,HI,15007,
11800,Hanapepe,HI,15007,
12400,Hauula,HI,15003,
12450,Hawaiian Acres,HI,15001,
12500,Hawaiian Beaches,HI,15001,
12530,Hawaiian Ocean View,HI,15001,
12600,Hawaiian Paradise Park,HI,15001,
13600,Hawi,HI,15001,
13900,Heeia,HI,15003,
13970,Helemano,HI,15003,
14200,Hickam Housing,HI,15003,
14650,Hilo,HI,15001,
15700,Holualoa,HI,15001,
16000,Honalo,HI,15001,
16160,Honaunau-Napoopoo,HI,15001,
16450,Honokaa,HI,15001,
17450,Honomu,HI,15001,
19100,Iroquois Point,HI,15003,
19550,Kaaawa,HI,15003,
20000,Kaanapali,HI,15009,
21200,Kahaluu,HI,15003,
21230,Kahaluu-Keauhou,HI,15001,
22250,Kahuku,HI,15003,
22700,Kahului,HI,15009,
23000,Kailua,HI,15001,
23150,Kailua,HI,15003,
23675,Kaiminani,HI,15001,
24850,Kalaeloa,HI,15003,
24950,Kalaheo,HI,15007,
25700,Kalapana,HI,15001,
26750,Kalihiwai,HI,15007,
26867,Kaloko,HI,15001,
27350,Kamaili,HI,15001,
28250,Kaneohe,HI,15003,
28287,Kaneohe Base,HI,15003,
28850,Kapaa,HI,15007,
29000,Kapaau,HI,15001,
29725,Kapalua,HI,15009,
30300,Kapolei,HI,15003,
30650,Kaumakani,HI,15007,
31100,Kaunakakai,HI,15009,
32700,Kawela Bay,HI,15003,
32900,Keaau,HI,15001,
33950,Kealakekua,HI,15001,
35600,Kekaha,HI,15007,
36050,Keokea,HI,15009,
36500,Kihei,HI,15009,
36650,Kilauea,HI,15007,
39200,Koloa,HI,15007,
39400,Ko Olina,HI,15003,
39500,Kualapuu,HI,15009,
41000,Kukuihaele,HI,15001,
41600,Kula,HI,15009,
42800,Kurtistown,HI,15001,
42950,Lahaina,HI,15009,
43250,Laie,HI,15003,
43700,Lanai City,HI,15009,
44075,Launiupoko,HI,15009,
44150,Laupahoehoe,HI,15001,
44450,Lawai,HI,15007,
44562,Leilani Estates,HI,15001,
45200,Lihue,HI,15007,
46400,Maalaea,HI,15009,
47050,Mahinahina,HI,15009,
47300,Maili,HI,15003,
47450,Makaha,HI,15003,
47560,Makaha Valley,HI,15003,
47600,Makakilo,HI,15003,
48050,Makawao,HI,15009,
48350,Makena,HI,15009,
49425,Manele,HI,15009,
50150,Maunaloa,HI,15009,
50375,Mauna Loa Estates,HI,15001,
50750,Maunawili,HI,15003,
51000,Mililani Mauka,HI,15003,
51050,Mililani Town,HI,15003,
52550,Mokuleia,HI,15003,
53300,Mountain View,HI,15001,
53600,Naalehu,HI,15001,
53900,Nanakuli,HI,15003,
53975,Nanawale Estates,HI,15001,
54100,Napili-Honokowai,HI,15009,
56685,Ocean Pointe,HI,15003,
57350,Olinda,HI,15009,
57650,Olowalu,HI,15009,
57800,Omao,HI,15007,
58775,Orchidlands Estates,HI,15001,
59300,Paauilo,HI,15001,
59750,Pahala,HI,15001,
59900,Pahoa,HI,15001,
60200,Paia,HI,15009,
60350,Pakala Village,HI,15007,
61550,Papaikou,HI,15001,
61700,Paukaa,HI,15001,
62600,Pearl City,HI,15003,
63650,Pepeekeo,HI,15001,
64550,Poipu,HI,15007,
65075,Princeville,HI,15007,
65150,Puako,HI,15001,
65750,Puhi,HI,15007,
65900,Pukalani,HI,15009,
66500,Punaluu,HI,15003,
66800,Pupukea,HI,15003,
68807,Royal Hawaiian Estates,HI,15001,
68815,Royal Kunia,HI,15003,
69050,Schofield Barracks,HI,15003,
69238,Seaview,HI,15001,
70280,Tiki Gardens,HI,15001,
70700,Ualapue,HI,15009,
71550,Urban Honolulu,HI,15003,
72350,Volcano,HI,15001,
72468,Volcano Golf Course,HI,15001,
72650,Wahiawa,HI,15003,
72957,Waiahole-Waikane,HI,15003,
74000,Waialua,HI,15003,
74450,Waianae,HI,15003,
75510,Waihee-Waiehu,HI,15009,
75950,Waikapu,HI,15009,
76250,Waikele,HI,15003,
76584,Waikoloa Beach Resort,HI,15001,
76600,Waikoloa Village,HI,15001,
76925,Wailea,HI,15009,
77000,Wailua,HI,15007,
77225,Wailua Homesteads,HI,15007,
77450,Wailuku,HI,15009,
77750,Waimalu,HI,15003,
78050,Waimanalo,HI,15003,
78200,Waimanalo Beach,HI,15003,
78500,Waimea,HI,15001,
78800,Waimea,HI,15007,
78950,Wainaku,HI,15001,
79250,Wainiha,HI,15007,
79550,Waiohinu,HI,15001,
79700,Waipahu,HI,15003,
79860,Waipio,HI,15003,
80000,Waipio Acres,HI,15003,
80470,West Loch Estate,HI,15003,
80600,Wheeler AFB,HI,15003,
80900,Whitmore Village,HI,15003,
00190,Ackley,IA,19069 19083,
00235,Ackworth,IA,19181,
00370,Adair,IA,19001 19077,
00505,Adel,IA,19049,
00595,Afton,IA,19175,
00640,Agency,IA,19179,
00730,Ainsworth,IA,19183,
00775,Akron,IA,19149,
00865,Albert City,IA,19021,
00910,Albia,IA,19135,
00955,Albion,IA,19127,
01000,Alburnett,IA,19113,
01045,Alden,IA,19083,
01090,Alexander,IA,19069,
01135,Algona,IA,19109,
01180,Alleman,IA,19153,
01270,Allerton,IA,19185,
01315,Allison,IA,19023,
01495,Alta,IA,19021,
01540,Alta Vista,IA,19037,
01585,Alton,IA,19167,
01630,Altoona,IA,19153,
01675,Alvord,IA,19119,
01720,Amana,IA,19095,
01855,Ames,IA,19169,
01990,Anamosa,IA,19105,
02035,Anderson,IA,19071,
02080,Andover,IA,19045,
02125,Andrew,IA,19097,
02260,Anita,IA,19029,
02305,Ankeny,IA,19153,
02350,Anthon,IA,19193,
02395,Aplington,IA,19023,
02485,Arcadia,IA,19027,
02530,Archer,IA,19141,
02620,Aredale,IA,19023,
02665,Argo,IA,19163,
02710,Argyle,IA,19111,
02755,Arion,IA,19047,
02800,Arispe,IA,19175,
02845,Arlington,IA,19065,
02935,Armstrong,IA,19063,
03025,Arnolds Park,IA,19059,
03115,Arthur,IA,19093,
03160,Asbury,IA,19061,
03295,Ashton,IA,19143,
03340,Aspinwall,IA,19047,
03385,Atalissa,IA,19139,
03430,Athelstan,IA,19173,
03475,Atkins,IA,19011,
03520,Atlantic,IA,19029,
03610,Auburn,IA,19161,
03655,Audubon,IA,19009,
03700,Augusta,IA,19057,
03745,Aurelia,IA,19035,
03835,Aurora,IA,19019,
03970,Avoca,IA,19155,
04105,Ayrshire,IA,19147,
04195,Badger,IA,19187,
04240,Bagley,IA,19077,
04330,Baldwin,IA,19097,
04375,Balltown,IA,19061,
04420,Bancroft,IA,19109,
04510,Bankston,IA,19061,
04555,Barnes City,IA,19123 19157,
04645,Barnum,IA,19187,
04735,Bartlett,IA,19071,
04780,Bassett,IA,19037,
04825,Batavia,IA,19101,
04870,Battle Creek,IA,19093,
04915,Baxter,IA,19099,
04960,Bayard,IA,19077,
05050,Beacon,IA,19123,
05095,Beaconsfield,IA,19159,
05140,Beaman,IA,19075,
05185,Beaver,IA,19015,
05200,Beaverdale,IA,19057,
05365,Bedford,IA,19173,
05590,Belle Plaine,IA,19011,
05635,Bellevue,IA,19097,
05680,Belmond,IA,19197,
05770,Bennett,IA,19031,
05870,Bentley,IA,19155,
05905,Benton,IA,19159,
06040,Berkley,IA,19015,
06085,Bernard,IA,19061,
06175,Bertram,IA,19113,
06355,Bettendorf,IA,19163,
06490,Bevington,IA,19121 19181,
06535,Big Rock,IA,19045 19163,
06625,Birmingham,IA,19177,
06760,Blairsburg,IA,19079,
06805,Blairstown,IA,19011,
06850,Blakesburg,IA,19179,
06895,Blanchard,IA,19145,
06940,Blencoe,IA,19133,
06985,Blockton,IA,19173,
07030,Bloomfield,IA,19051,
07075,Blue Grass,IA,19139 19163,
07210,Bode,IA,19091,
07255,Bolan,IA,19195,
07345,Bonaparte,IA,19177,
07390,Bondurant,IA,19153,
07480,Boone,IA,19015,
07660,Bouton,IA,19049,
07750,Boxholm,IA,19015,
07840,Boyden,IA,19167,
07930,Braddyville,IA,19145,
08020,Bradford,IA,19069,
08065,Bradgate,IA,19091,
08155,Brandon,IA,19019,
08200,Brayton,IA,19009,
08290,Breda,IA,19027,
08425,Bridgewater,IA,19001,
08470,Brighton,IA,19183,
08560,Bristow,IA,19023,
08605,Britt,IA,19081,
08650,Bronson,IA,19193,
08695,Brooklyn,IA,19157,
08875,Brunsville,IA,19149,
09100,Buckeye,IA,19083,
09145,Buck Grove,IA,19047,
09235,Buffalo,IA,19163,
09280,Buffalo Center,IA,19189,
09415,Burchinal,IA,19033,
09550,Burlington,IA,19057,
09640,Burr Oak,IA,19191,
09685,Burt,IA,19109,
09730,Bussey,IA,19125,
09820,Calamus,IA,19045,
09910,California Junction,IA,19085,
09955,Callender,IA,19187,
10045,Calmar,IA,19191,
10090,Calumet,IA,19141,
10135,Camanche,IA,19045,
10225,Cambridge,IA,19169,
10450,Cantril,IA,19177,
10585,Carbon,IA,19003,
10765,Carlisle,IA,19153 19181,
11035,Carpenter,IA,19131,
11080,Carroll,IA,19027,
11170,Carson,IA,19155,
11215,Carter Lake,IA,19155,
11305,Cascade,IA,19061 19105,
11395,Casey,IA,19001 19077,
11485,Castalia,IA,19191,
11530,Castana,IA,19133,
11755,Cedar Falls,IA,19013,
12000,Cedar Rapids,IA,19113,
12225,Center Junction,IA,19105,
12270,Center Point,IA,19113,
12315,Centerville,IA,19007,
12495,Central City,IA,19113,
12630,Centralia,IA,19061,
12675,Chapin,IA,19069,
12720,Chariton,IA,19117,
12765,Charles City,IA,19067,
12855,Charlotte,IA,19045,
12900,Charter Oak,IA,19047,
12945,Chatsworth,IA,19167,
12990,Chelsea,IA,19171,
13080,Cherokee,IA,19035,
13125,Chester,IA,19089,
13215,Chillicothe,IA,19179,
13350,Churdan,IA,19073,
13395,Cincinnati,IA,19007,
13485,Clare,IA,19187,
13530,Clarence,IA,19031,
13575,Clarinda,IA,19145,
13620,Clarion,IA,19197,
13755,Clarksville,IA,19023,
13845,Clayton,IA,19043,
13980,Clearfield,IA,19159 19173,
14025,Clear Lake,IA,19033,
14115,Cleghorn,IA,19035,
14160,Clemons,IA,19127,
14250,Clermont,IA,19065,
14385,Climbing Hill,IA,19193,
14430,Clinton,IA,19045,
14475,Clio,IA,19185,
14520,Clive,IA,19049 19153,
14655,Clutier,IA,19171,
14835,Coalville,IA,19187,
14880,Coburg,IA,19137,
14925,Coggon,IA,19113,
14970,Coin,IA,19145,
15015,Colesburg,IA,19055,
15060,Colfax,IA,19099,
15105,College Springs,IA,19145,
15195,Collins,IA,19169,
15240,Colo,IA,19169,
15375,Columbus City,IA,19115,
15420,Columbus Junction,IA,19115,
15465,Colwell,IA,19067,
15645,Conesville,IA,19139,
15825,Conrad,IA,19075,
15870,Conroy,IA,19095,
15960,Conway,IA,19173,
16050,Coon Rapids,IA,19027 19077,
16140,Coppock,IA,19087 19101 19183,
16230,Coralville,IA,19103,
16320,Corley,IA,19165,
16500,Corning,IA,19003,
16545,Correctionville,IA,19193,
16590,Corwith,IA,19081,
16635,Corydon,IA,19185,
16725,Cotter,IA,19115,
16815,Coulter,IA,19069,
16860,Council Bluffs,IA,19155,
16950,Craig,IA,19149,
17130,Crawfordsville,IA,19183,
17175,Crescent,IA,19155,
17220,Cresco,IA,19089,
17265,Creston,IA,19175,
17490,Cromwell,IA,19175,
17670,Crystal Lake,IA,19081,
17760,Cumberland,IA,19029,
17850,Cumming,IA,19181,
17895,Curlew,IA,19147,
17940,Cushing,IA,19193,
17985,Cylinder,IA,19147,
18075,Dakota City,IA,19091,
18255,Dallas Center,IA,19049,
18345,Dana,IA,19073,
18390,Danbury,IA,19193,
18435,Danville,IA,19057,
19000,Davenport,IA,19163,
19090,Davis City,IA,19053,
19135,Dawson,IA,19049,
19180,Dayton,IA,19187,
19315,Decatur,IA,19053,
19405,Decorah,IA,19191,
19450,Dedham,IA,19027,
19495,Deep River,IA,19157,
19585,Defiance,IA,19165,
19630,Delaware,IA,19055,
19675,Delhi,IA,19055,
19720,Delmar,IA,19045,
19765,Deloit,IA,19047,
19810,Delphos,IA,19159,
19855,Delta,IA,19107,
19945,Denison,IA,19047,
19990,Denmark,IA,19111,
20035,Denver,IA,19017,
20125,Derby,IA,19117,
21000,Des Moines,IA,19153 19181,
21045,De Soto,IA,19049,
21180,DeWitt,IA,19045,
21225,Dexter,IA,19049,
21270,Diagonal,IA,19159,
21320,Diamondhead Lake,IA,19077,
21360,Dickens,IA,19041,
21405,Dike,IA,19075,
21540,Dixon,IA,19163,
21675,Dolliver,IA,19063,
21720,Donahue,IA,19163,
21810,Donnellson,IA,19111,
21900,Doon,IA,19119,
22035,Douds,IA,19177,
22080,Dougherty,IA,19033,
22215,Dow City,IA,19047,
22260,Downey,IA,19031,
22305,Dows,IA,19069 19197,
22350,Drakesville,IA,19051,
22395,Dubuque,IA,19061,
22620,Dumont,IA,19023,
22710,Duncan,IA,19081,
22755,Duncombe,IA,19187,
22800,Dundee,IA,19055,
22845,Dunkerton,IA,19013,
22890,Dunlap,IA,19047 19085,
22935,Durango,IA,19061,
22980,Durant,IA,19031 19139 19163,
23115,Dyersville,IA,19055 19061,
23160,Dysart,IA,19171,
23250,Eagle Grove,IA,19197,
23340,Earlham,IA,19121,
23385,Earling,IA,19165,
23430,Earlville,IA,19055,
23475,Early,IA,19161,
23520,East Amana,IA,19095,
23790,East Peru,IA,19121,
23970,Eddyville,IA,19123 19135 19179,
24060,Edgewood,IA,19043 19055,
24375,Elberon,IA,19171,
24420,Eldon,IA,19179,
24465,Eldora,IA,19083,
24600,Eldridge,IA,19163,
24645,Elgin,IA,19065,
24690,Elkader,IA,19043,
24735,Elkhart,IA,19153,
24780,Elk Horn,IA,19165,
24825,Elkport,IA,19043,
24870,Elk Run Heights,IA,19013,
24915,Elliott,IA,19137,
25005,Ellston,IA,19159,
25050,Ellsworth,IA,19079,
25095,Elma,IA,19089,
25365,Ely,IA,19113,
25500,Emerson,IA,19129,
25590,Emmetsburg,IA,19147,
25725,Epworth,IA,19061,
25815,Essex,IA,19145,
25860,Estherville,IA,19063,
25995,Evansdale,IA,19013,
26175,Everly,IA,19041,
26265,Exira,IA,19009,
26310,Exline,IA,19007,
26355,Fairbank,IA,19019 19065,
26400,Fairfax,IA,19113,
26445,Fairfield,IA,19101,
26580,Fairport,IA,19139,
26760,Farley,IA,19061,
26850,Farmersburg,IA,19043,
26895,Farmington,IA,19177,
26940,Farnhamville,IA,19025 19187,
26985,Farragut,IA,19071,
27165,Fayette,IA,19065,
27210,Fenton,IA,19109,
27255,Ferguson,IA,19127,
27390,Fertile,IA,19195,
27975,Floris,IA,19051,
28020,Floyd,IA,19067,
28245,Fonda,IA,19151,
28290,Fontanelle,IA,19001,
28380,Forest City,IA,19081 19189,
28425,Fort Atkinson,IA,19191,
28515,Fort Dodge,IA,19187,
28605,Fort Madison,IA,19111,
28650,Fostoria,IA,19041,
28740,Franklin,IA,19111,
28920,Fraser,IA,19015,
28965,Fredericksburg,IA,19037,
29010,Frederika,IA,19017,
29055,Fredonia,IA,19115,
29190,Fremont,IA,19123,
29280,Fruitland,IA,19139,
29325,Frytown,IA,19103,
29550,Galt,IA,19197,
29595,Galva,IA,19093,
29685,Garber,IA,19043,
29730,Garden City,IA,19083,
29775,Garden Grove,IA,19053,
29910,Garnavillo,IA,19043,
29955,Garner,IA,19081,
30000,Garrison,IA,19011,
30045,Garwin,IA,19171,
30135,Geneva,IA,19069,
30225,George,IA,19119,
30540,Gibson,IA,19107,
30630,Gilbert,IA,19169,
30675,Gilbertville,IA,19013,
30810,Gillett Grove,IA,19041,
30900,Gilman,IA,19127,
30945,Gilmore City,IA,19091 19151,
31035,Gladbrook,IA,19171,
31350,Glenwood,IA,19129,
31395,Glidden,IA,19027,
31530,Goldfield,IA,19197,
31575,Goodell,IA,19081,
31665,Goose Lake,IA,19045,
31710,Gowrie,IA,19187,
31800,Graettinger,IA,19147,
31845,Graf,IA,19061,
31890,Grafton,IA,19195,
31980,Grand Junction,IA,19073,
32025,Grand Mound,IA,19045,
32070,Grand River,IA,19053,
32115,Grandview,IA,19115,
32160,Granger,IA,19049 19153,
32295,Grant,IA,19137,
32475,Granville,IA,19167,
32520,Gravity,IA,19173,
32565,Gray,IA,19009,
32610,Greeley,IA,19055,
32745,Greene,IA,19023 19067,
32790,Greenfield,IA,19001,
32925,Green Mountain,IA,19127,
32970,Greenville,IA,19041,
33060,Grimes,IA,19049 19153,
33105,Grinnell,IA,19157,
33150,Griswold,IA,19029,
33195,Grundy Center,IA,19075,
33240,Gruver,IA,19063,
33285,Guernsey,IA,19157,
33420,Guthrie Center,IA,19077,
33465,Guttenberg,IA,19043,
33645,Halbur,IA,19027,
33780,Hamburg,IA,19071,
33870,Hamilton,IA,19125,
33960,Hampton,IA,19069,
34005,Hancock,IA,19155,
34185,Hanlontown,IA,19195,
34365,Hansell,IA,19069,
34410,Harcourt,IA,19187,
34455,Hardy,IA,19091,
34500,Harlan,IA,19165,
34545,Harper,IA,19107,
34590,Harpers Ferry,IA,19005,
34635,Harris,IA,19143,
34680,Hartford,IA,19181,
34725,Hartley,IA,19141,
34770,Hartwick,IA,19157,
34860,Harvey,IA,19125,
34995,Hastings,IA,19129,
35130,Havelock,IA,19151,
35220,Haverhill,IA,19127,
35265,Hawarden,IA,19167,
35310,Hawkeye,IA,19065,
35445,Hayesville,IA,19107,
35490,Hayfield,IA,19081,
35580,Hazleton,IA,19019,
35670,Hedrick,IA,19107,
35715,Henderson,IA,19129,
35940,Hiawatha,IA,19113,
36030,High Amana,IA,19095,
36345,Hills,IA,19103,
36390,Hillsboro,IA,19087,
36480,Hinton,IA,19149,
36660,Holiday Lake,IA,19157,
36705,Holland,IA,19075,
36840,Holstein,IA,19093,
36885,Holy Cross,IA,19061,
36975,Homestead,IA,19095,
37155,Hopkinton,IA,19055,
37200,Hornick,IA,19193,
37290,Hospers,IA,19167,
37335,Houghton,IA,19111,
37425,Hubbard,IA,19083,
37470,Hudson,IA,19013,
37515,Hull,IA,19167,
37560,Humboldt,IA,19091,
37605,Humeston,IA,19185,
37875,Hutchins,IA,19081,
37920,Huxley,IA,19169,
38010,Ida Grove,IA,19093,
38055,Imogene,IA,19071,
38100,Independence,IA,19019,
38280,Indianola,IA,19181,
38415,Inwood,IA,19119,
38460,Ionia,IA,19037,
38595,Iowa City,IA,19103,
38640,Iowa Falls,IA,19083,
38820,Ireton,IA,19167,
38955,Irvington,IA,19109,
39000,Irwin,IA,19165,
39135,Jackson Junction,IA,19191,
39180,Jacksonville,IA,19165,
39225,Jamaica,IA,19077,
39405,Janesville,IA,19013 19017,
39450,Jefferson,IA,19073,
39585,Jesup,IA,19013 19019,
39675,Jewell Junction,IA,19079,
39765,Johnston,IA,19153,
39855,Joice,IA,19195,
39900,Jolley,IA,19025,
40170,Kalona,IA,19183,
40215,Kamrar,IA,19079,
40260,Kanawha,IA,19081,
40350,Kellerton,IA,19159,
40395,Kelley,IA,19169,
40440,Kellogg,IA,19099,
40665,Kensett,IA,19195,
40710,Kent,IA,19175,
40733,Kent Estates,IA,19139,
40845,Keokuk,IA,19111,
40890,Keomah Village,IA,19123,
40935,Keosauqua,IA,19177,
40980,Keota,IA,19107 19183,
41070,Keswick,IA,19107,
41115,Keystone,IA,19011,
41295,Kimballton,IA,19009,
41385,Kingsley,IA,19149,
41430,Kingston,IA,19057,
41475,Kinross,IA,19107,
41520,Kirkman,IA,19165,
41565,Kirkville,IA,19179,
41610,Kiron,IA,19047,
41655,Klemme,IA,19081,
41790,Knierim,IA,19025,
42015,Knoxville,IA,19125,
42285,Lacona,IA,19181,
42330,Ladora,IA,19095,
42465,Lake City,IA,19025,
42555,Lake Mills,IA,19189,
42575,Lake Panorama,IA,19077,
42600,Lake Park,IA,19059,
42645,Lakeside,IA,19021,
42690,Lake View,IA,19161,
42825,Lakota,IA,19109,
42870,Lambs Grove,IA,19099,
42960,Lamoni,IA,19053,
43005,Lamont,IA,19019,
43050,La Motte,IA,19097,
43140,Lanesboro,IA,19027,
43275,Lansing,IA,19005,
43365,La Porte City,IA,19013,
43410,Larchwood,IA,19119,
43500,Larrabee,IA,19035,
43590,Latimer,IA,19069,
43680,Laurel,IA,19127,
43725,Laurens,IA,19151,
43815,Lawler,IA,19037,
43905,Lawton,IA,19193,
43950,Leando,IA,19177,
44085,Le Claire,IA,19163,
44130,Ledyard,IA,19109,
44220,Le Grand,IA,19127 19171,
44265,Lehigh,IA,19187,
44310,Leighton,IA,19123,
44355,Leland,IA,19189,
44400,Le Mars,IA,19149,
44490,Lenox,IA,19003 19173,
44535,Leon,IA,19053,
44580,Le Roy,IA,19053,
44670,Lester,IA,19119,
44715,Letts,IA,19115,
44805,Lewis,IA,19029,
44985,Libertyville,IA,19101,
45030,Lidderdale,IA,19027,
45165,Lime Springs,IA,19089,
45255,Lincoln,IA,19171,
45390,Linden,IA,19049,
45435,Lineville,IA,19185,
45480,Linn Grove,IA,19021,
45615,Lisbon,IA,19113,
45660,Liscomb,IA,19127,
45705,Little Cedar,IA,19131,
45795,Little Rock,IA,19119,
45840,Little Sioux,IA,19085,
45975,Livermore,IA,19091,
46065,Lockridge,IA,19101,
46155,Logan,IA,19085,
46245,Lohrville,IA,19025,
46290,Lone Rock,IA,19109,
46335,Lone Tree,IA,19103,
46425,Long Grove,IA,19163,
46515,Lorimor,IA,19175,
46605,Lost Nation,IA,19045,
46785,Loveland,IA,19155,
46830,Lovilia,IA,19135,
46920,Lowden,IA,19031,
46965,Lowell,IA,19087,
47010,Low Moor,IA,19045,
47055,Luana,IA,19043,
47100,Lucas,IA,19117,
47280,Luther,IA,19015,
47370,Lu Verne,IA,19091 19109,
47460,Luxemburg,IA,19061,
47505,Luzerne,IA,19011,
47595,Lynnville,IA,19099,
47730,Lytton,IA,19025 19161,
47775,McCallsburg,IA,19169,
47820,McCausland,IA,19163,
47865,McClelland,IA,19155,
47955,Macedonia,IA,19155,
48000,McGregor,IA,19043,
48045,McIntire,IA,19131,
48180,Macksburg,IA,19121,
48450,Madrid,IA,19015,
48495,Magnolia,IA,19085,
48500,Maharishi Vedic City,IA,19101,
48540,Malcom,IA,19157,
48585,Mallard,IA,19147,
48675,Maloy,IA,19159,
48720,Malvern,IA,19129,
48810,Manchester,IA,19055,
48855,Manilla,IA,19047,
48900,Manly,IA,19195,
48945,Manning,IA,19027,
48990,Manson,IA,19025,
49170,Mapleton,IA,19133,
49215,Maquoketa,IA,19045 19097,
49260,Marathon,IA,19021,
49305,Marble Rock,IA,19067,
49350,Marcus,IA,19035,
49395,Marengo,IA,19095,
49485,Marion,IA,19113,
49575,Marne,IA,19029,
49620,Marquette,IA,19043,
49755,Marshalltown,IA,19127,
49845,Martelle,IA,19105,
49890,Martensdale,IA,19181,
49935,Martinsburg,IA,19107,
50070,Marysville,IA,19125,
50160,Mason City,IA,19033,
50205,Masonville,IA,19055,
50250,Massena,IA,19029,
50385,Matlock,IA,19167,
50430,Maurice,IA,19167,
50520,Maxwell,IA,19169,
50610,Maynard,IA,19065,
50655,Maysville,IA,19163,
50700,Mechanicsville,IA,19031,
50790,Mediapolis,IA,19057,
50880,Melbourne,IA,19127,
50935,Melcher-Dallas,IA,19125,
50970,Melrose,IA,19135,
51060,Melvin,IA,19143,
51105,Menlo,IA,19077,
51150,Meriden,IA,19035,
51375,Merrill,IA,19149,
51420,Meservey,IA,19033,
51510,Meyer,IA,19131,
51600,Middle Amana,IA,19095,
51735,Middletown,IA,19057,
52050,Miles,IA,19097,
52095,Milford,IA,19059,
52140,Miller,IA,19081,
52230,Millersburg,IA,19095,
52275,Millerton,IA,19185,
52455,Milo,IA,19181,
52500,Milton,IA,19177,
52545,Minburn,IA,19049,
52590,Minden,IA,19155,
52635,Mineola,IA,19129,
52815,Mingo,IA,19099,
52860,Missouri Valley,IA,19085,
52905,Mitchell,IA,19131,
52950,Mitchellville,IA,19099 19153,
52995,Modale,IA,19085,
53085,Mona,IA,19131,
53175,Mondamin,IA,19085,
53265,Monmouth,IA,19097,
53310,Monona,IA,19043,
53355,Monroe,IA,19099,
53490,Montezuma,IA,19157,
53625,Monticello,IA,19105,
53670,Montour,IA,19171,
53715,Montpelier,IA,19139,
53760,Montrose,IA,19111,
53805,Mooar,IA,19111,
53850,Moorhead,IA,19133,
53895,Moorland,IA,19187,
53985,Moravia,IA,19007 19135,
54030,Morley,IA,19105,
54120,Morning Sun,IA,19115,
54165,Morrison,IA,19075,
54345,Moscow,IA,19139,
54390,Moulton,IA,19007,
54435,Mount Auburn,IA,19011,
54480,Mount Ayr,IA,19159,
54705,Mount Pleasant,IA,19087,
54750,Mount Sterling,IA,19177,
54795,Mount Union,IA,19087,
54840,Mount Vernon,IA,19113,
54930,Moville,IA,19193,
55065,Murray,IA,19039,
55110,Muscatine,IA,19139,
55200,Mystic,IA,19007,
55335,Nashua,IA,19037 19067,
55515,Nemaha,IA,19161,
55560,Neola,IA,19155,
55695,Nevada,IA,19169,
55785,New Albin,IA,19005,
55965,Newell,IA,19021,
56055,Newhall,IA,19011,
56100,New Hampton,IA,19037,
56145,New Hartford,IA,19023,
56190,New Haven,IA,19131,
56280,New Liberty,IA,19163,
56325,New London,IA,19087,
56370,New Market,IA,19173,
56415,New Providence,IA,19083,
56460,New Sharon,IA,19123,
56505,Newton,IA,19099,
56550,New Vienna,IA,19061,
56595,New Virginia,IA,19181,
56685,Nichols,IA,19139,
56865,Nodaway,IA,19003,
56910,Nora Springs,IA,19033 19067,
57045,Northboro,IA,19145,
57135,North Buena Vista,IA,19043,
57225,North English,IA,19095 19107,
57360,North Liberty,IA,19103,
57495,North Washington,IA,19037,
57630,Northwood,IA,19195,
57675,Norwalk,IA,19153 19181,
57720,Norway,IA,19011,
57945,Numa,IA,19007,
58048,Oak Hills,IA,19057,
58080,Oakland,IA,19155,
58170,Oakland Acres,IA,19099,
58395,Oakville,IA,19115,
58530,Ocheyedan,IA,19143,
58575,Odebolt,IA,19161,
58620,Oelwein,IA,19065,
58665,Ogden,IA,19015,
58710,Okoboji,IA,19059,
58890,Olds,IA,19087,
58980,Olin,IA,19105,
59070,Ollie,IA,19107,
59115,Onawa,IA,19133,
59250,Onslow,IA,19105,
59475,Orange City,IA,19167,
59520,Orchard,IA,19131,
59565,Orient,IA,19001,
59655,Orleans,IA,19059,
59745,Osage,IA,19131,
59835,Osceola,IA,19039,
59925,Oskaloosa,IA,19123,
59970,Ossian,IA,19191,
60015,Osterdock,IA,19043,
60105,Otho,IA,19187,
60240,Oto,IA,19193,
60285,Otranto,IA,19131,
60420,Ottosen,IA,19091,
60465,Ottumwa,IA,19179,
60555,Owasa,IA,19083,
60645,Oxford,IA,19103,
60690,Oxford Junction,IA,19105,
60780,Oyens,IA,19149,
60825,Pacific Junction,IA,19129,
60915,Packwood,IA,19101,
61050,Palmer,IA,19151,
61230,Palo,IA,19113,
61275,Panama,IA,19165,
61320,Panora,IA,19077,
61365,Panorama Park,IA,19163,
61590,Parkersburg,IA,19023,
61725,Park View,IA,19163,
61770,Parnell,IA,19095,
61815,Paton,IA,19073,
61860,Patterson,IA,19121,
61905,Paullina,IA,19141,
62040,Pella,IA,19123 19125,
62130,Peosta,IA,19061,
62175,Percival,IA,19071,
62355,Perry,IA,19049,
62445,Persia,IA,19085,
62625,Peterson,IA,19041,
62760,Pierson,IA,19193,
62850,Pilot Mound,IA,19015,
63075,Pisgah,IA,19085,
63210,Plainfield,IA,19017,
63300,Plainview,IA,19163,
63345,Plano,IA,19007,
63525,Pleasant Hill,IA,19153,
63570,Pleasanton,IA,19053,
63615,Pleasant Plain,IA,19101,
63750,Pleasantville,IA,19125,
63840,Plover,IA,19151,
63885,Plymouth,IA,19033,
63975,Pocahontas,IA,19151,
64020,Polk City,IA,19153,
64065,Pomeroy,IA,19025,
64110,Popejoy,IA,19069,
64155,Portland,IA,19033,
64200,Portsmouth,IA,19165,
64290,Postville,IA,19005 19043,
64425,Prairieburg,IA,19113,
64470,Prairie City,IA,19099,
64560,Prescott,IA,19003,
64605,Preston,IA,19097,
64650,Primghar,IA,19141,
64740,Princeton,IA,19163,
64875,Promise City,IA,19185,
65010,Protivin,IA,19037 19089,
65055,Pulaski,IA,19051,
65235,Quasqueton,IA,19019,
65280,Quimby,IA,19035,
65370,Radcliffe,IA,19083,
65415,Rake,IA,19189,
65505,Ralston,IA,19027 19073,
65550,Randalia,IA,19065,
65595,Randall,IA,19079,
65640,Randolph,IA,19071,
65730,Rathbun,IA,19007,
65820,Raymond,IA,19013,
65910,Readlyn,IA,19017,
65955,Reasnor,IA,19099,
66000,Redding,IA,19159,
66045,Redfield,IA,19049,
66135,Red Oak,IA,19137,
66315,Reinbeck,IA,19075,
66360,Rembrandt,IA,19021,
66405,Remsen,IA,19149,
66450,Renwick,IA,19091,
66540,Rhodes,IA,19127,
66585,Riceville,IA,19089 19131,
66720,Richland,IA,19107,
66810,Rickardsville,IA,19061,
66855,Ricketts,IA,19047,
67035,Ridgeway,IA,19191,
67125,Rinard,IA,19025,
67170,Ringsted,IA,19063,
67215,Rippey,IA,19073,
67350,Riverdale,IA,19163,
67440,Riverside,IA,19183,
67530,River Sioux,IA,19085,
67575,Riverton,IA,19071,
67800,Robins,IA,19113,
67890,Rochester,IA,19031,
68025,Rock Falls,IA,19033,
68070,Rockford,IA,19067,
68160,Rock Rapids,IA,19119,
68205,Rock Valley,IA,19167,
68250,Rockwell,IA,19033,
68295,Rockwell City,IA,19025,
68340,Rodman,IA,19147,
68385,Rodney,IA,19133,
68475,Roland,IA,19169,
68520,Rolfe,IA,19151,
68565,Rome,IA,19087,
68700,Rose Hill,IA,19123,
68800,Roseville,IA,19067,
68925,Rossie,IA,19041,
69015,Rowan,IA,19197,
69060,Rowley,IA,19019,
69105,Royal,IA,19041,
69195,Rudd,IA,19067,
69240,Runnells,IA,19153,
69285,Russell,IA,19117,
69330,Ruthven,IA,19147,
69375,Rutland,IA,19091,
69465,Ryan,IA,19055,
69510,Sabula,IA,19097,
69645,Sac City,IA,19161,
69690,Sageville,IA,19061,
69735,St. Ansgar,IA,19131,
69780,St. Anthony,IA,19127,
69825,St. Benedict,IA,19109,
69915,St. Charles,IA,19121,
69960,St. Donatus,IA,19097,
70005,St. Joseph,IA,19109,
70050,St. Lucas,IA,19065,
70095,St. Marys,IA,19181,
70140,St. Olaf,IA,19043,
70185,St. Paul,IA,19111,
70230,Salem,IA,19087,
70320,Salix,IA,19193,
70410,Sanborn,IA,19141,
70545,Sandusky,IA,19111,
70590,Sandyville,IA,19181,
70995,Saylorville,IA,19153,
71040,Scarville,IA,19189,
71085,Schaller,IA,19161,
71130,Schleswig,IA,19047,
71310,Scranton,IA,19073,
71355,Searsboro,IA,19157,
71625,Sergeant Bluff,IA,19193,
71715,Sexton,IA,19109,
71760,Seymour,IA,19185,
71895,Shambaugh,IA,19145,
71940,Shannon City,IA,19159 19175,
72075,Sharpsburg,IA,19173,
72210,Sheffield,IA,19069,
72300,Shelby,IA,19155 19165,
72345,Sheldahl,IA,19015 19153 19169,
72390,Sheldon,IA,19141 19167,
72435,Shell Rock,IA,19023,
72480,Shellsburg,IA,19011,
72525,Shenandoah,IA,19071 19145,
72660,Sherrill,IA,19061,
72840,Shueyville,IA,19103,
72975,Sibley,IA,19143,
73065,Sidney,IA,19071,
73110,Sigourney,IA,19107,
73155,Silver City,IA,19129,
73290,Sioux Center,IA,19167,
73335,Sioux City,IA,19149 19193,
73425,Sioux Rapids,IA,19021,
73515,Slater,IA,19015 19169,
73605,Sloan,IA,19193,
73650,Smithland,IA,19193,
73785,Soldier,IA,19133,
73875,Solon,IA,19103,
73920,Somers,IA,19025,
73965,South Amana,IA,19095,
74055,South English,IA,19107,
74280,Spencer,IA,19041,
74325,Sperry,IA,19057,
74370,Spillville,IA,19191,
74415,Spirit Lake,IA,19059,
74460,Spragueville,IA,19097,
74505,Springbrook,IA,19097,
74685,Spring Hill,IA,19181,
74775,Springville,IA,19113,
74820,Stacyville,IA,19131,
74910,Stanhope,IA,19079,
74955,Stanley,IA,19019 19065,
75000,Stanton,IA,19137,
75045,Stanwood,IA,19031,
75135,State Center,IA,19127,
75180,Steamboat Rock,IA,19083,
75405,Stockport,IA,19177,
75450,Stockton,IA,19139,
75540,Stone City,IA,19105,
75630,Storm Lake,IA,19021,
75675,Story City,IA,19169,
75720,Stout,IA,19075,
75810,Stratford,IA,19079 19187,
75855,Strawberry Point,IA,19043,
75945,Struble,IA,19149,
75990,Stuart,IA,19001 19077,
76035,Sully,IA,19099,
76260,Sumner,IA,19017 19065,
76415,Sun Valley Lake,IA,19159,
76440,Superior,IA,19059,
76485,Sutherland,IA,19141,
76620,Swaledale,IA,19033,
76665,Swan,IA,19125,
76755,Swea City,IA,19109,
76800,Swedesburg,IA,19087,
76890,Swisher,IA,19103,
76935,Tabor,IA,19071 19129,
77115,Tama,IA,19171,
77340,Templeton,IA,19027,
77430,Tennant,IA,19165,
77520,Terril,IA,19059,
77565,Thayer,IA,19175,
77745,Thompson,IA,19189,
77790,Thor,IA,19091,
77835,Thornburg,IA,19107,
77880,Thornton,IA,19033,
77970,Thurman,IA,19071,
78060,Tiffin,IA,19103,
78195,Tingley,IA,19159,
78285,Tipton,IA,19031,
78330,Titonka,IA,19109,
78465,Toeterville,IA,19131,
78510,Toledo,IA,19171,
78600,Toronto,IA,19045,
78735,Traer,IA,19171,
78780,Trenton,IA,19087,
78825,Treynor,IA,19155,
78915,Tripoli,IA,19017,
79095,Truesdale,IA,19021,
79140,Truro,IA,19121,
79185,Turin,IA,19133,
79335,Twin Lakes,IA,19025,
79410,Udell,IA,19007,
79500,Underwood,IA,19155,
79545,Union,IA,19083,
79680,Unionville,IA,19007,
79770,University Heights,IA,19103,
79815,University Park,IA,19123,
79905,Urbana,IA,19011,
79950,Urbandale,IA,19049 19153,
79995,Ute,IA,19133,
80130,Vail,IA,19047,
80175,Valeria,IA,19099,
80400,Van Horne,IA,19011,
80445,Van Meter,IA,19049,
80490,Van Wert,IA,19053,
80535,Varina,IA,19151,
80580,Ventura,IA,19033,
80805,Victor,IA,19095 19157,
80985,Villisca,IA,19137,
81075,Vincent,IA,19187,
81120,Vining,IA,19171,
81210,Vinton,IA,19011,
81345,Volga,IA,19043,
81570,Wadena,IA,19065,
81615,Wahpeton,IA,19059,
81705,Walcott,IA,19139 19163,
81840,Walford,IA,19011 19113,
81885,Walker,IA,19113,
81975,Wallingford,IA,19063,
82020,Wall Lake,IA,19161,
82065,Walnut,IA,19155,
82200,Wapello,IA,19115,
82290,Washburn,IA,19013,
82335,Washington,IA,19183,
82380,Washta,IA,19035,
82425,Waterloo,IA,19013,
82470,Waterville,IA,19005,
82515,Watkins,IA,19011,
82650,Waucoma,IA,19065,
82695,Waukee,IA,19049,
82740,Waukon,IA,19005,
82875,Waverly,IA,19017,
82965,Wayland,IA,19087,
83010,Webb,IA,19041,
83055,Webster,IA,19107,
83145,Webster City,IA,19079,
83190,Weldon,IA,19053,
83280,Wellman,IA,19183,
83325,Wellsburg,IA,19075,
83370,Welton,IA,19045,
83415,Wesley,IA,19109,
83505,West Amana,IA,19095,
83550,West Bend,IA,19109 19147,
83595,West Branch,IA,19031 19103,
83685,West Burlington,IA,19057,
83775,West Chester,IA,19183,
83910,West Des Moines,IA,19049 19121 19153 19181,
84090,Westfield,IA,19149,
84180,Westgate,IA,19065,
84315,West Liberty,IA,19139,
84450,West Okoboji,IA,19059,
84495,Weston,IA,19155,
84540,Westphalia,IA,19165,
84585,West Point,IA,19111,
84630,Westside,IA,19047,
84765,West Union,IA,19065,
84835,Westwood,IA,19087,
84855,Wever,IA,19111,
84900,What Cheer,IA,19107,
84945,Wheatland,IA,19045,
85215,Whiting,IA,19133,
85260,Whittemore,IA,19109,
85305,Whitten,IA,19083,
85710,Willey,IA,19027,
85800,Williams,IA,19079,
85845,Williamsburg,IA,19095,
85935,Williamson,IA,19117,
86070,Wilton,IA,19031 19139,
86250,Windsor Heights,IA,19153,
86385,Winfield,IA,19087,
86520,Winterset,IA,19121,
86565,Winthrop,IA,19019,
86610,Wiota,IA,19029,
86700,Woden,IA,19081,
86835,Woodbine,IA,19085,
86880,Woodburn,IA,19039,
86970,Woodward,IA,19015 19049,
87015,Woolstock,IA,19197,
87060,Worthington,IA,19061,
87240,Wyoming,IA,19105,
87285,Yale,IA,19077,
87330,Yarmouth,IA,19057,
87375,Yetter,IA,19025,
87420,Yorktown,IA,19145,
87555,Zearing,IA,19169,
87690,Zwingle,IA,19061 19097,
00100,Aberdeen,ID,16011,
00280,Acequia,ID,16067,
01000,Albion,ID,16031,
01900,American Falls,ID,16077,
01990,Ammon,ID,16019,
02935,Arbon Valley,ID,16077,
03160,Arco,ID,16023,
03340,Arimo,ID,16005,
03610,Ashton,ID,16043,
03700,Athol,ID,16055,
04105,Avimor,ID,16001,
04420,Bancroft,ID,16029,
04600,Banks,ID,16015,
05230,Basalt,ID,16011,
06220,Bellevue,ID,16013,
06670,Bennington,ID,16007,
07840,Blackfoot,ID,16011,
08290,Blanchard,ID,16017,
08470,Bliss,ID,16047,
08560,Bloomington,ID,16007,
08830,Boise City,ID,16001,
09370,Bonners Ferry,ID,16021,
09730,Bovill,ID,16057,
10450,Bruneau,ID,16073,
10810,Buhl,ID,16083,
11260,Burley,ID,16031 16067,
11710,Butte City,ID,16023,
12250,Caldwell,ID,16027,
12520,Cambridge,ID,16087,
12790,Carey,ID,16013,
13150,Cascade,ID,16085,
13240,Castleford,ID,16083,
13780,Challis,ID,16037,
14680,Chubbuck,ID,16005,
14950,Clark Fork,ID,16017,
15490,Clayton,ID,16037,
16120,Clifton,ID,16041,
16750,Coeur d'Alene,ID,16055,
17830,Conkling Park,ID,16055,
18010,Coolin,ID,16017,
18640,Cottonwood,ID,16049,
18820,Council,ID,16003,
19270,Craigmont,ID,16061,
19720,Crouch,ID,16015,
19900,Culdesac,ID,16069,
20350,Dalton Gardens,ID,16055,
20710,Dayton,ID,16041,
20890,Deary,ID,16057,
20980,Declo,ID,16031,
21520,De Smet,ID,16009,
21790,Dietrich,ID,16063,
22330,Donnelly,ID,16085,
22510,Dover,ID,16017,
22600,Downey,ID,16005,
22690,Driggs,ID,16081,
22780,Drummond,ID,16043,
22960,Dubois,ID,16033,
23410,Eagle,ID,16001,
23680,East Hope,ID,16017,
24310,Eden,ID,16053,
25030,Elk City,ID,16049,
25120,Elk River,ID,16035,
25570,Emmett,ID,16045,
26290,Fairfield,ID,16025,
27460,Ferdinand,ID,16049,
27550,Fernan Lake Village,ID,16055,
27640,Fernwood,ID,16009,
27730,Filer,ID,16083,
27910,Firth,ID,16011,
28360,Fort Hall,ID,16005 16011,
28810,Franklin,ID,16041,
28990,Fruitland,ID,16075,
29440,Gannett,ID,16013,
29620,Garden City,ID,16001,
29710,Garden Valley,ID,16015,
30160,Genesee,ID,16057,
30340,Georgetown,ID,16007,
31690,Glenns Ferry,ID,16039,
32140,Gooding,ID,16047,
32500,Grace,ID,16029,
32770,Grand View,ID,16073,
32950,Grangeville,ID,16049,
33490,Greenleaf,ID,16027,
34030,Groveland,ID,16011,
34300,Hagerman,ID,16047,
34390,Hailey,ID,16013,
34570,Hamer,ID,16051,
34750,Hammett,ID,16039,
34930,Hansen,ID,16083,
35200,Harrison,ID,16055,
35830,Hauser,ID,16055,
36370,Hayden,ID,16055,
36460,Hayden Lake,ID,16055,
36730,Hazelton,ID,16053,
37360,Heyburn,ID,16067,
37500,Hidden Springs,ID,16001,
38080,Hollister,ID,16083,
38170,Homedale,ID,16073,
38440,Hope,ID,16017,
38620,Horseshoe Bend,ID,16015,
39070,Huetter,ID,16055,
39610,Idaho City,ID,16015,
39700,Idaho Falls,ID,16019,
40330,Inkom,ID,16005,
40420,Iona,ID,16019,
40510,Irwin,ID,16019,
40600,Island Park,ID,16043,
41320,Jerome,ID,16053,
42130,Juliaetta,ID,16057,
42400,Kamiah,ID,16049 16061,
42580,Kellogg,ID,16079,
42760,Kendrick,ID,16057,
43030,Ketchum,ID,16013,
43570,Kimberly,ID,16083,
44110,Kooskia,ID,16049,
44200,Kootenai,ID,16017,
44290,Kuna,ID,16001,
44560,Laclede,ID,16017,
45370,Lapwai,ID,16069,
45820,Lava Hot Springs,ID,16005,
45910,Leadore,ID,16059,
46450,Letha,ID,16045,
46540,Lewiston,ID,16069,
46720,Lewisville,ID,16051,
47080,Lincoln,ID,16019,
47890,Lost River,ID,16037,
48250,Lowman,ID,16015,
48790,McCall,ID,16085,
48880,McCammon,ID,16005,
49240,Mackay,ID,16037,
50140,Malad City,ID,16071,
50230,Malta,ID,16031,
50950,Marsing,ID,16073,
51850,Melba,ID,16027,
52030,Menan,ID,16051,
52120,Meridian,ID,16001,
52660,Middleton,ID,16027,
52750,Midvale,ID,16087,
53110,Minidoka,ID,16067,
53920,Montpelier,ID,16007,
54100,Moore,ID,16023,
54370,Moreland,ID,16011,
54550,Moscow,ID,16057,
54730,Mountain Home,ID,16039,
54820,Mountain Home AFB,ID,16039,
55270,Moyie Springs,ID,16021,
55450,Mud Lake,ID,16051,
55630,Mullan,ID,16079,
55720,Murphy,ID,16073,
55900,Murtaugh,ID,16083,
56260,Nampa,ID,16027,
56800,Newdale,ID,16043,
56890,New Meadows,ID,16003,
56980,New Plymouth,ID,16075,
57250,Nezperce,ID,16061,
58060,Notus,ID,16027,
58330,Oakley,ID,16031,
58600,Oldtown,ID,16017,
58870,Onaway,ID,16057,
59320,Orofino,ID,16035,
59590,Osburn,ID,16079,
60040,Oxford,ID,16041,
60580,Paris,ID,16007,
60760,Parker,ID,16043,
60880,Parkline,ID,16009,
60940,Parma,ID,16027,
61210,Paul,ID,16067,
61300,Payette,ID,16075,
61840,Peck,ID,16069,
62740,Pierce,ID,16035,
63100,Pinehurst,ID,16079,
63550,Placerville,ID,16015,
63910,Plummer,ID,16009,
64090,Pocatello,ID,16005 16077,
64450,Ponderay,ID,16017,
64810,Post Falls,ID,16055,
64900,Potlatch,ID,16057,
65260,Preston,ID,16041,
65530,Priest River,ID,16017,
65620,Princeton,ID,16057,
66340,Rathdrum,ID,16055,
67150,Reubens,ID,16061,
67420,Rexburg,ID,16065,
67600,Richfield,ID,16063,
67780,Rigby,ID,16051,
67870,Riggins,ID,16049,
67960,Ririe,ID,16019 16051,
68230,Riverside,ID,16011,
68500,Roberts,ID,16051,
68545,Robie Creek,ID,16015,
68860,Rockford,ID,16011,
68950,Rockford Bay,ID,16055,
69130,Rockland,ID,16077,
70660,Rupert,ID,16067,
71020,St. Anthony,ID,16043,
71110,St. Charles,ID,16007,
71470,St. Maries,ID,16009,
71650,Salmon,ID,16059,
72100,Sandpoint,ID,16017,
73450,Shelley,ID,16011,
73900,Shoshone,ID,16063,
74440,Silverton,ID,16079,
75070,Smelterville,ID,16079,
75160,Smiths Ferry,ID,16085,
75195,Soda Springs,ID,16029,
75970,Spencer,ID,16033,
76060,Spirit Lake,ID,16055,
76780,Stanley,ID,16037,
76870,Star,ID,16001 16027,
77050,State Line,ID,16055,
77500,Stites,ID,16049,
78040,Sugar City,ID,16065,
78850,Sun Valley,ID,16013,
79120,Swan Valley,ID,16019,
79300,Sweetwater,ID,16069,
80200,Tensed,ID,16009,
80380,Teton,ID,16043,
80470,Tetonia,ID,16081,
82360,Troy,ID,16057,
82810,Twin Falls,ID,16083,
83170,Tyhee,ID,16005,
83350,Ucon,ID,16019,
84250,Victor,ID,16081,
84430,Viola,ID,16057,
84790,Wallace,ID,16079,
85240,Wardner,ID,16079,
85420,Warm River,ID,16043,
86050,Weippe,ID,16035,
86140,Weiser,ID,16087,
86320,Wendell,ID,16047,
87040,Weston,ID,16041,
87310,White Bird,ID,16049,
87670,Wilder,ID,16027,
87850,Winchester,ID,16061,
88480,Worley,ID,16055,
88660,Yellow Pine,ID,16085,
00113,Abingdon,IL,17095,
00178,Adair,IL,17109,
00191,Adams,IL,17001,
00230,Addieville,IL,17189,
00243,Addison,IL,17043,
00295,Adeline,IL,17141,
00516,Albany,IL,17195,
00555,Albers,IL,17027,
00568,Albion,IL,17047,
00594,Alden,IL,17111,
00646,Aledo,IL,17131,
00659,Alexander,IL,17137,
00672,Alexis,IL,17131 17187,
00685,Algonquin,IL,17089 17111,
00737,Alhambra,IL,17119,
00815,Allendale,IL,17185,
00867,Allenville,IL,17139,
00880,Allerton,IL,17019 17183,
00919,Alma,IL,17121,
00971,Alpha,IL,17073,
00997,Alsey,IL,17171,
01010,Alsip,IL,17031,
01049,Altamont,IL,17049,
01114,Alton,IL,17119,
01140,Altona,IL,17095,
01205,Alto Pass,IL,17181,
01242,Alvan (Alvin),IL,17183,
01270,Amboy,IL,17103,
01361,Anchor,IL,17113,
01426,Andalusia,IL,17161,
01491,Andover,IL,17073,
01517,Andres,IL,17197,
01543,Anna,IL,17181,
01556,Annapolis,IL,17033,
01569,Annawan,IL,17011 17073,
01595,Antioch,IL,17097,
01647,Apple Canyon Lake,IL,17085,
01673,Apple River,IL,17085,
01803,Arbury Hills,IL,17197,
01881,Arcola,IL,17041,
01946,Arenzville,IL,17017,
01972,Argenta,IL,17115,
02050,Argyle,IL,17007 17201,
02102,Arlington,IL,17011,
02154,Arlington Heights,IL,17031,
02206,Armington,IL,17179,
02258,Aroma Park,IL,17091,
02342,Arrowsmith,IL,17113,
02414,Arthur,IL,17041 17139,
02479,Ashkum,IL,17075,
02505,Ashland,IL,17017,
02531,Ashley,IL,17189,
02557,Ashmore,IL,17029,
02583,Ashton,IL,17103,
02609,Assumption,IL,17021,
02635,Astoria,IL,17057,
02674,Athens,IL,17129,
02726,Atkinson,IL,17073,
02752,Atlanta,IL,17107,
02882,Atwood,IL,17041 17147,
02921,Auburn,IL,17167,
02986,Augusta,IL,17067,
03012,Aurora,IL,17043 17089 17093 17197,
03103,Ava,IL,17077,
03181,Aviston,IL,17027,
03207,Avon,IL,17057 17187,
03337,Baileyville,IL,17141 17177,
03454,Baldwin,IL,17157,
03571,Banner,IL,17057,
03610,Bannockburn,IL,17097,
03675,Bardolph,IL,17109,
03844,Barrington,IL,17031 17097,
03883,Barrington Hills,IL,17031 17089 17097 17111,
03948,Barry,IL,17149,
03987,Barstow,IL,17161,
04000,Bartelso,IL,17027,
04013,Bartlett,IL,17031 17043 17089,
04039,Bartonville,IL,17143,
04052,Basco,IL,17067,
04078,Batavia,IL,17043 17089,
04117,Batchtown,IL,17013,
04156,Bath,IL,17125,
04247,Baylis,IL,17149,
04273,Bay View Gardens,IL,17203,
04303,Beach Park,IL,17097,
04351,Beardstown,IL,17017,
04403,Beason,IL,17107,
04507,Beaverville,IL,17075,
04533,Beckemeyer,IL,17027,
04572,Bedford Park,IL,17031,
04585,Beecher,IL,17197,
04598,Beecher City,IL,17049,
04689,Belgium,IL,17183,
04715,Belknap,IL,17087,
04793,Belle Prairie City,IL,17065,
04806,Belle Rive,IL,17081,
04845,Belleville,IL,17163,
04871,Bellevue,IL,17143,
04897,Bellflower,IL,17113,
04936,Bellmont,IL,17185,
04975,Bellwood,IL,17031,
05092,Belvidere,IL,17007,
05144,Bement,IL,17147,
05209,Benld,IL,17117,
05248,Bensenville,IL,17031 17043,
05261,Benson,IL,17203,
05274,Bentley,IL,17067,
05300,Benton,IL,17055,
05404,Berkeley,IL,17031,
05443,Berlin,IL,17167,
05573,Berwyn,IL,17031,
05599,Bethalto,IL,17119,
05612,Bethany,IL,17139,
05729,Beverly,IL,17001,
05859,Big Foot Prairie,IL,17111,
05898,Biggsville,IL,17071,
05976,Big Rock,IL,17089,
06028,Bingham,IL,17051,
06171,Bishop Hill,IL,17073,
06184,Bismarck,IL,17183,
06444,Blairsville,IL,17199,
06470,Blandinsville,IL,17109,
06565,Bloomfield,IL,17001,
06587,Bloomingdale,IL,17043,
06613,Bloomington,IL,17113,
06704,Blue Island,IL,17031,
06756,Blue Mound,IL,17115,
06899,Bluffs,IL,17171,
06964,Bluford,IL,17081,
07133,Bolingbrook,IL,17043 17197,
07211,Bondville,IL,17019,
07224,Bone Gap,IL,17047,
07237,Bonfield,IL,17091,
07263,Bonnie,IL,17081,
07276,Bonnie Brae,IL,17197,
07315,Boody,IL,17115,
07419,Boulder Hill,IL,17093,
07471,Bourbonnais,IL,17091,
07510,Bowen,IL,17067,
07640,Braceville,IL,17063 17197,
07692,Bradford,IL,17175,
07744,Bradley,IL,17091,
07770,Braidwood,IL,17063 17197,
07913,Breese,IL,17027,
08186,Bridgeport,IL,17101,
08225,Bridgeview,IL,17031,
08264,Brighton,IL,17083 17117,
08303,Brimfield,IL,17143,
08420,Broadlands,IL,17019,
08446,Broadview,IL,17031,
08472,Broadwell,IL,17107,
08524,Brocton,IL,17045,
08576,Brookfield,IL,17031,
08667,Brooklyn,IL,17163,
08706,Brookport,IL,17127,
08875,Broughton,IL,17065,
08953,Browning,IL,17169,
08979,Browns,IL,17047,
08992,Brownstown,IL,17051,
09148,Brussels,IL,17013,
09161,Bryant,IL,17057,
09304,Buckingham,IL,17091,
09317,Buckley,IL,17075,
09330,Buckner,IL,17055,
09356,Buda,IL,17011,
09434,Buffalo,IL,17167,
09447,Buffalo Grove,IL,17031 17097,
09499,Buffalo Prairie,IL,17161,
09531,Bull Valley,IL,17111,
09538,Bulpitt,IL,17021,
09551,Buncombe,IL,17087,
09577,Bunker Hill,IL,17117,
09642,Burbank,IL,17031,
09681,Bureau Junction,IL,17011,
09759,Burlington,IL,17089,
09798,Burnham,IL,17031,
09889,Burnt Prairie,IL,17193,
09980,Burr Ridge,IL,17031 17043,
10006,Burton,IL,17001,
10045,Burtons Bridge,IL,17111,
10084,Bush,IL,17199,
10110,Bushnell,IL,17109,
10149,Butler,IL,17135,
10240,Byron,IL,17141,
10292,Cabery,IL,17053 17091,
10305,Cable,IL,17131,
10373,Cahokia Heights,IL,17163,
10383,Cairo,IL,17003,
10422,Caledonia,IL,17007,
10448,Calhoun,IL,17159,
10487,Calumet City,IL,17031,
10513,Calumet Park,IL,17031,
10591,Camargo,IL,17041,
10630,Cambria,IL,17199,
10643,Cambridge,IL,17073,
10695,Camden,IL,17169,
10747,Cameron,IL,17187,
10773,Campbell Hill,IL,17077,
10786,Campbell's Island,IL,17161,
10877,Camp Point,IL,17001,
10906,Campton Hills,IL,17089,
10916,Campus,IL,17105,
10936,Candlewick Lake,IL,17007,
11007,Canton,IL,17057,
11033,Cantrall,IL,17167,
11124,Capron,IL,17007,
11150,Carbon Cliff,IL,17161,
11163,Carbondale,IL,17077 17199,
11176,Carbon Hill,IL,17063,
11202,Carlinville,IL,17117,
11215,Carlock,IL,17113,
11228,Carlyle,IL,17027,
11267,Carman,IL,17071,
11293,Carmi,IL,17193,
11332,Carol Stream,IL,17043,
11358,Carpentersville,IL,17089,
11397,Carrier Mills,IL,17165,
11462,Carrollton,IL,17061,
11514,Carterville,IL,17199,
11527,Carthage,IL,17067,
11592,Cary,IL,17111,
11618,Casey,IL,17023 17035,
11644,Caseyville,IL,17163,
11774,Catlin,IL,17183,
11826,Cave-In-Rock,IL,17069,
11982,Cedar Point,IL,17099,
12008,Cedarville,IL,17177,
12151,Central City,IL,17121,
12164,Centralia,IL,17027 17081 17121 17189,
12268,Cerro Gordo,IL,17147,
12294,Chadwick,IL,17015,
12385,Champaign,IL,17019,
12450,Chandlerville,IL,17017,
12476,Channahon,IL,17063 17197,
12489,Channel Lake,IL,17097,
12528,Chapin,IL,17137,
12567,Charleston,IL,17029,
12684,Chatham,IL,17167,
12710,Chatsworth,IL,17105,
12801,Chebanse,IL,17075 17091,
12879,Chemung,IL,17111,
12931,Chenoa,IL,17113,
12970,Cherry,IL,17011,
13074,Cherry Valley,IL,17007 17201,
13139,Chester,IL,17157,
13165,Chesterfield,IL,17117,
13230,Chestnut,IL,17107,
14000,Chicago,IL,17031 17043,
14026,Chicago Heights,IL,17031,
14065,Chicago Ridge,IL,17031,
14117,Chillicothe,IL,17143,
14273,Chrisman,IL,17045,
14286,Christopher,IL,17055,
14351,Cicero,IL,17031,
14442,Cisco,IL,17147,
14455,Cisne,IL,17191,
14468,Cissna Park,IL,17075,
14533,Claremont,IL,17159,
14572,Clarendon Hills,IL,17043,
14715,Clay City,IL,17025,
14767,Clayton,IL,17001,
14923,Cleveland,IL,17073,
14936,Clifton,IL,17075,
15001,Clinton,IL,17039,
15170,Coal City,IL,17063 17197,
15209,Coalton,IL,17135,
15235,Coal Valley,IL,17073 17161,
15261,Coatsburg,IL,17001,
15300,Cobden,IL,17181,
15352,Coffeen,IL,17135,
15378,Colchester,IL,17109,
15469,Coleta,IL,17195,
15495,Colfax,IL,17113,
15599,Collinsville,IL,17119 17163,
15664,Colona,IL,17073,
15807,Colp,IL,17199,
15833,Columbia,IL,17133 17163,
15846,Columbus,IL,17001,
15950,Como,IL,17195,
15989,Compton,IL,17103,
16054,Concord,IL,17137,
16119,Congerville,IL,17203,
16210,Cooksville,IL,17113,
16301,Coral,IL,17111,
16366,Cordova,IL,17161,
16405,Cornell,IL,17105,
16431,Cornland,IL,17107,
16470,Cortland,IL,17037,
16613,Coulterville,IL,17157,
16691,Country Club Hills,IL,17031,
16873,Countryside,IL,17031,
17055,Cowden,IL,17173,
17077,Coyne Center,IL,17161,
17094,Crab Orchard,IL,17199,
17185,Crainville,IL,17199,
17289,Creal Springs,IL,17199,
17406,Crescent City,IL,17075,
17458,Crest Hill,IL,17197,
17471,Creston,IL,17141,
17497,Crestwood,IL,17031,
17523,Crete,IL,17031 17197,
17549,Creve Coeur,IL,17179,
17783,Crossville,IL,17193,
17887,Crystal Lake,IL,17111,
17939,Crystal Lawns,IL,17197,
17991,Cuba,IL,17057,
18030,Cullom,IL,17105,
18147,Curran,IL,17167,
18212,Custer Park,IL,17197,
18225,Cutler,IL,17145,
18251,Cypress,IL,17087,
18303,Dahlgren,IL,17065,
18342,Dakota,IL,17177,
18420,Dallas City,IL,17067 17071,
18446,Dalton City,IL,17139,
18459,Dalzell,IL,17011 17099,
18472,Damiansville,IL,17027,
18485,Dana,IL,17099,
18498,Danforth,IL,17075,
18537,Danvers,IL,17113,
18563,Danville,IL,17183,
18628,Darien,IL,17043,
18641,Darmstadt,IL,17163,
18706,Davis,IL,17177,
18719,Davis Junction,IL,17141,
18745,Dawson,IL,17167,
18771,Dayton,IL,17099,
18823,Decatur,IL,17115,
18940,Deer Creek,IL,17179 17203,
18992,Deerfield,IL,17031 17097,
19031,Deer Grove,IL,17195,
19083,Deer Park,IL,17031 17097,
19161,DeKalb,IL,17037,
19200,De Land,IL,17147,
19226,Delavan,IL,17179,
19499,De Pue,IL,17011,
19616,De Soto,IL,17077,
19642,Des Plaines,IL,17031,
19681,Detroit,IL,17149,
19746,Dewey,IL,17019,
19798,De Witt,IL,17039,
19837,Diamond,IL,17063 17197,
19915,Dieterich,IL,17049,
20045,Divernon,IL,17167,
20123,Dix,IL,17081,
20149,Dixmoor,IL,17031,
20162,Dixon,IL,17103,
20292,Dolton,IL,17031,
20305,Dongola,IL,17181,
20318,Donnellson,IL,17005 17135,
20331,Donovan,IL,17075,
20370,Dorchester,IL,17117,
20526,Dover,IL,17011,
20565,Dowell,IL,17077,
20591,Downers Grove,IL,17043,
20643,Downs,IL,17113,
20890,Du Bois,IL,17189,
21020,Dundas,IL,17159,
21098,Dunfermline,IL,17057,
21176,Dunlap,IL,17143,
21254,Dupo,IL,17133 17163,
21267,Du Quoin,IL,17145,
21280,Durand,IL,17201,
21358,Dwight,IL,17063 17105,
21410,Eagarville,IL,17117,
21475,Eagle Lake,IL,17197,
21540,Earlville,IL,17099,
21553,East Alton,IL,17119,
21579,East Brooklyn,IL,17063,
21605,East Cape Girardeau,IL,17003,
21618,East Carondelet,IL,17163,
21683,East Dubuque,IL,17085,
21696,East Dundee,IL,17031 17089,
21826,East Galesburg,IL,17095,
21852,East Gillespie,IL,17117,
21904,East Hazel Crest,IL,17031,
22021,East Lynn,IL,17183,
22073,East Moline,IL,17161,
22151,Easton,IL,17125,
22164,East Peoria,IL,17179,
22255,East St. Louis,IL,17163,
22398,Eddyville,IL,17151,
22567,Edgewood,IL,17049,
22619,Edgington,IL,17161,
22645,Edinburg,IL,17021,
22697,Edwardsville,IL,17119,
22736,Effingham,IL,17049,
22931,Elburn,IL,17089,
22957,El Dara,IL,17149,
23009,Eldorado,IL,17165,
23022,Eldred,IL,17061,
23074,Elgin,IL,17031 17089,
23139,Eliza,IL,17131,
23165,Elizabeth,IL,17085,
23191,Elizabethtown,IL,17069,
23256,Elk Grove Village,IL,17031 17043,
23269,Elkhart,IL,17107,
23373,Elkville,IL,17077,
23425,Elliott,IL,17053,
23503,Ellis Grove,IL,17157,
23529,Ellisville,IL,17057,
23555,Ellsworth,IL,17113,
23620,Elmhurst,IL,17031 17043,
23698,Elmwood,IL,17143,
23724,Elmwood Park,IL,17031,
23737,El Paso,IL,17113 17203,
23776,Elsah,IL,17083,
23841,Elvaston,IL,17067,
23919,Elwin,IL,17115,
23945,Elwood,IL,17197,
23971,Emden,IL,17107,
24062,Emington,IL,17105,
24166,Energy,IL,17199,
24179,Enfield,IL,17193,
24348,Equality,IL,17059,
24374,Erie,IL,17195,
24452,Essex,IL,17091,
24543,Eureka,IL,17203,
24582,Evanston,IL,17031,
24608,Evansville,IL,17157,
24634,Evergreen Park,IL,17031,
24673,Ewing,IL,17055,
24699,Exeter,IL,17171,
24764,Fairbury,IL,17105,
24816,Fairfield,IL,17191,
24920,Fairmont,IL,17197,
24933,Fairmont City,IL,17119 17163,
24985,Fairmount,IL,17183,
25063,Fairview,IL,17057,
25141,Fairview Heights,IL,17163,
25245,Fall Creek,IL,17001,
25375,Farina,IL,17051 17121,
25414,Farmer City,IL,17039,
25440,Farmersville,IL,17135,
25531,Farmington,IL,17057 17143,
25713,Fayetteville,IL,17163,
25895,Ferris,IL,17067,
25960,Fidelity,IL,17083,
26012,Fieldon,IL,17083,
26077,Fillmore,IL,17135,
26116,Findlay,IL,17173,
26194,Fisher,IL,17019,
26233,Fithian,IL,17183,
26311,Flanagan,IL,17105,
26350,Flat Rock,IL,17033,
26454,Flora,IL,17025,
26467,Floraville,IL,17163,
26480,Florence,IL,17149,
26571,Flossmoor,IL,17031,
26662,Foosland,IL,17019,
26710,Ford Heights,IL,17031,
26753,Forest City,IL,17125,
26896,Forest Lake,IL,17097,
26935,Forest Park,IL,17031,
26987,Forest View,IL,17031,
27026,Forrest,IL,17105,
27065,Forreston,IL,17141,
27091,Forsyth,IL,17115,
27377,Fowler,IL,17001,
27442,Fox Lake,IL,17097 17111,
27455,Fox Lake Hills,IL,17097,
27533,Fox River Grove,IL,17097 17111,
27624,Frankfort,IL,17031 17197,
27644,Frankfort Square,IL,17197,
27663,Franklin,IL,17137,
27689,Franklin Grove,IL,17103,
27702,Franklin Park,IL,17031,
27728,Franklinville,IL,17111,
27806,Freeburg,IL,17163,
27858,Freeman Spur,IL,17055 17199,
27884,Freeport,IL,17177,
28144,Fulton,IL,17195,
28170,Fults,IL,17133,
28248,Gages Lake,IL,17097,
28261,Galatia,IL,17165,
28300,Galena,IL,17085,
28326,Galesburg,IL,17095,
28404,Galt,IL,17195,
28430,Galva,IL,17073,
28612,Garden Prairie,IL,17007,
28638,Gardner,IL,17063,
28742,Garrett,IL,17041,
28807,Gays,IL,17139,
28846,Geneseo,IL,17073,
28872,Geneva,IL,17089,
28898,Genoa,IL,17037,
28963,Georgetown,IL,17183,
29041,Germantown,IL,17027,
29080,Germantown Hills,IL,17203,
29093,German Valley,IL,17177,
29125,Gibson City,IL,17053,
29145,Gifford,IL,17019,
29171,Gilberts,IL,17089,
29236,Gillespie,IL,17117,
29275,Gilman,IL,17075,
29340,Gilson,IL,17095,
29392,Girard,IL,17117,
29431,Gladstone,IL,17071,
29483,Glasford,IL,17143,
29496,Glasgow,IL,17171,
29639,Glen Carbon,IL,17119,
29652,Glencoe,IL,17031,
29730,Glendale Heights,IL,17043,
29756,Glen Ellyn,IL,17043,
29938,Glenview,IL,17031,
30029,Glenwood,IL,17031,
30094,Godfrey,IL,17119,
30120,Godley,IL,17063 17197,
30133,Golconda,IL,17151,
30159,Golden,IL,17001,
30250,Golden Gate,IL,17191,
30328,Golf,IL,17031,
30419,Goodenow,IL,17197,
30445,Goodfield,IL,17179 17203,
30458,Good Hope,IL,17109,
30510,Goofy Ridge,IL,17125,
30575,Goreville,IL,17087,
30588,Gorham,IL,17077,
30653,Grafton,IL,17083,
30705,Grand Detour,IL,17141,
30757,Grand Ridge,IL,17099,
30770,Grand Tower,IL,17077,
30835,Grandview,IL,17167,
30900,Grandwood Park,IL,17097,
30926,Granite City,IL,17119,
30978,Grantfork,IL,17119,
30991,Grant Park,IL,17091,
31017,Granville,IL,17155,
31121,Grayslake,IL,17097,
31165,Grayville,IL,17047 17193,
31368,Greenfield,IL,17061,
31446,Green Oaks,IL,17097,
31524,Greenup,IL,17035,
31563,Green Valley,IL,17179,
31576,Greenview,IL,17129,
31589,Greenville,IL,17005,
31667,Greenwood,IL,17111,
31732,Gridley,IL,17113,
31771,Griggsville,IL,17149,
31991,Gulfport,IL,17071,
32018,Gurnee,IL,17097,
32200,Hainesville,IL,17097,
32395,Hamburg,IL,17013,
32408,Hamel,IL,17119,
32434,Hamilton,IL,17067,
32473,Hamlet,IL,17131,
32499,Hammond,IL,17147,
32525,Hampshire,IL,17089,
32564,Hampton,IL,17161,
32616,Hanaford,IL,17055,
32668,Hanna City,IL,17143,
32707,Hanover,IL,17085,
32746,Hanover Park,IL,17031 17043,
32850,Hardin,IL,17013,
32876,Harding,IL,17099,
32967,Harmon,IL,17103,
33019,Harmony,IL,17111,
33136,Harrisburg,IL,17165,
33162,Harrison,IL,17077,
33227,Harristown,IL,17115,
33279,Hartford,IL,17119,
33292,Hartland,IL,17111,
33318,Hartsburg,IL,17107,
33331,Harvard,IL,17111,
33357,Harvel,IL,17021 17135,
33383,Harvey,IL,17031,
33435,Harwood Heights,IL,17031,
33513,Havana,IL,17125,
33630,Hawthorn Woods,IL,17097,
33695,Hazel Crest,IL,17031,
33851,Hebron,IL,17111,
33877,Hecker,IL,17133 17163,
34007,Henderson,IL,17095,
34098,Hennepin,IL,17155,
34137,Henning,IL,17183,
34163,Henry,IL,17123,
34272,Heritage Lake,IL,17179,
34332,Herrick,IL,17173,
34358,Herrin,IL,17199,
34384,Herscher,IL,17091,
34423,Hettick,IL,17117,
34449,Heyworth,IL,17113,
34514,Hickory Hills,IL,17031,
34553,Hidalgo,IL,17079,
34670,Highland,IL,17119,
34722,Highland Park,IL,17097,
34865,Highwood,IL,17097,
34982,Hillcrest,IL,17141,
35047,Hillsboro,IL,17135,
35073,Hillsdale,IL,17161,
35086,Hillside,IL,17031,
35203,Hillview,IL,17061,
35268,Hinckley,IL,17037,
35281,Hindsboro,IL,17041,
35307,Hinsdale,IL,17031 17043,
35385,Hodgkins,IL,17031,
35398,Hoffman,IL,17027,
35411,Hoffman Estates,IL,17031 17089,
35463,Holcomb,IL,17141,
35515,Holiday Hills,IL,17111,
35541,Holiday Shores,IL,17119,
35671,Hollowayville,IL,17011,
35814,Homer,IL,17019,
35835,Homer Glen,IL,17031 17197,
35866,Hometown,IL,17031,
35879,Homewood,IL,17031,
36061,Hoopeston,IL,17183,
36074,Hooppole,IL,17073,
36126,Hopedale,IL,17179,
36150,Hopewell,IL,17123,
36190,Hopkins Park,IL,17091,
36347,Hoyleton,IL,17189,
36438,Hudson,IL,17113,
36477,Huey,IL,17027,
36516,Hull,IL,17149,
36542,Humboldt,IL,17029,
36568,Hume,IL,17045,
36750,Huntley,IL,17089 17111,
36815,Hurst,IL,17199,
36841,Hutsonville,IL,17033,
37062,Illinois City,IL,17161,
37127,Illiopolis,IL,17167,
37179,Ina,IL,17081,
37218,Indian Creek,IL,17097,
37257,Indian Head Park,IL,17031,
37348,Indianola,IL,17183,
37439,Industry,IL,17109,
37465,Ingalls Park,IL,17197,
37608,Inverness,IL,17031,
37621,Iola,IL,17025,
37647,Ipava,IL,17057,
37712,Iroquois,IL,17075,
37738,Irving,IL,17135,
37777,Irvington,IL,17189,
37803,Irwin,IL,17091,
37894,Island Lake,IL,17097 17111,
37907,Itasca,IL,17043,
37933,Iuka,IL,17121,
37998,Ivesdale,IL,17019 17147,
38115,Jacksonville,IL,17137,
38232,Janesville,IL,17029 17035,
38323,Jeffersonville,IL,17191,
38349,Jeisyville,IL,17021,
38375,Jerome,IL,17167,
38414,Jerseyville,IL,17083,
38427,Jewett,IL,17035,
38479,Johnsburg,IL,17111,
38531,Johnsonville,IL,17191,
38544,Johnston City,IL,17199,
38570,Joliet,IL,17093 17197,
38635,Jonesboro,IL,17181,
38674,Joppa,IL,17127,
38726,Joslin,IL,17161,
38739,Joy,IL,17131,
38778,Junction,IL,17059,
38791,Junction City,IL,17121,
38830,Justice,IL,17031,
38856,Kampsville,IL,17013,
38869,Kane,IL,17061,
38895,Kaneville,IL,17089,
38921,Kangley,IL,17099,
38934,Kankakee,IL,17091,
38986,Kansas,IL,17045,
39038,Kappa,IL,17203,
39077,Karnak,IL,17153,
39129,Kaskaskia,IL,17157,
39233,Keenes,IL,17191,
39259,Keensburg,IL,17185,
39298,Keithsburg,IL,17131,
39324,Kell,IL,17121,
39441,Kempton,IL,17053,
39519,Kenilworth,IL,17031,
39532,Kenney,IL,17039,
39727,Kewanee,IL,17073,
39753,Keyesport,IL,17005 17027,
39857,Kilbourne,IL,17125,
39883,Kildeer,IL,17097,
39909,Kincaid,IL,17021,
39922,Kinderhook,IL,17149,
39987,Kings,IL,17141,
40052,Kingston,IL,17001,
40065,Kingston,IL,17037,
40091,Kingston Mines,IL,17143,
40117,Kinmundy,IL,17121,
40143,Kinsman,IL,17063,
40156,Kirkland,IL,17037,
40182,Kirkwood,IL,17187,
40364,Knollwood,IL,17097,
40416,Knoxville,IL,17095,
40520,La Clede,IL,17051,
40559,Lacon,IL,17123,
40598,Ladd,IL,17011,
40676,La Fayette,IL,17175,
40767,La Grange,IL,17031,
40793,La Grange Park,IL,17031,
40832,La Harpe,IL,17067,
40884,Lake Barrington,IL,17097,
40910,Lake Bluff,IL,17097,
40962,Lake Camelot,IL,17143,
40980,Lake Carroll,IL,17015,
40988,Lake Catherine,IL,17097,
41040,Lake City,IL,17139,
41105,Lake Forest,IL,17097,
41157,Lake Holiday,IL,17099,
41183,Lake in the Hills,IL,17111,
41214,Lake Ka-Ho,IL,17117,
41326,Lakemoor,IL,17097 17111,
41346,Lake of the Woods,IL,17019,
41404,Lake Petersburg,IL,17129,
41456,Lake Summerset,IL,17177 17201,
41586,Lake Villa,IL,17097,
41651,Lakewood,IL,17111,
41677,Lakewood,IL,17173,
41716,Lakewood Shores,IL,17197,
41742,Lake Zurich,IL,17097,
41794,La Moille,IL,17011,
41859,Lanark,IL,17015,
41950,Lane,IL,17039,
42002,Langleyville,IL,17021,
42028,Lansing,IL,17031,
42067,LaPlace,IL,17147,
42080,La Prairie,IL,17001,
42171,La Rose,IL,17123,
42184,LaSalle,IL,17099,
42249,Latham,IL,17107,
42392,Lawrence,IL,17111,
42405,Lawrenceville,IL,17101,
42457,Leaf River,IL,17141,
42496,Lebanon,IL,17163,
42587,Lee,IL,17037 17103,
42600,Lee Center,IL,17103,
42756,Leland,IL,17099,
42769,Leland Grove,IL,17167,
42795,Lemont,IL,17031 17043 17197,
42834,Lena,IL,17177,
42860,Lenzburg,IL,17163,
42912,Leonore,IL,17099,
42938,Lerna,IL,17029,
42971,Le Roy,IL,17113,
43055,Lewistown,IL,17057,
43094,Lexington,IL,17113,
43133,Liberty,IL,17001,
43250,Libertyville,IL,17097,
43406,Lily Lake,IL,17089,
43445,Lima,IL,17001,
43510,Limestone,IL,17091,
43536,Lincoln,IL,17107,
43666,Lincolnshire,IL,17097,
43744,Lincolnwood,IL,17031,
43770,Lindenhurst,IL,17097,
43900,Lisbon,IL,17093,
43939,Lisle,IL,17043,
43965,Litchfield,IL,17135,
43978,Literberry,IL,17137,
44056,Littleton,IL,17169,
44082,Little York,IL,17187,
44121,Liverpool,IL,17057,
44160,Livingston,IL,17119,
44173,Loami,IL,17167,
44225,Lockport,IL,17197,
44244,Lockport Heights,IL,17197,
44264,Loda,IL,17075,
44381,Lomax,IL,17071,
44407,Lombard,IL,17043,
44446,London Mills,IL,17057 17095,
44498,Long Creek,IL,17115,
44524,Long Grove,IL,17097,
44550,Long Lake,IL,17097,
44576,Long Point,IL,17105,
44602,Longview,IL,17019,
44719,Loraine,IL,17001,
44784,Lorenzo,IL,17197,
44823,Lostant,IL,17099,
44836,Lost Nation,IL,17141,
44927,Louisville,IL,17025,
45031,Loves Park,IL,17007 17201,
45044,Lovington,IL,17139,
45109,Lowpoint,IL,17203,
45174,Ludlow,IL,17019,
45278,Lyndon,IL,17195,
45343,Lynn Center,IL,17073,
45369,Lynnville,IL,17137,
45421,Lynwood,IL,17031,
45434,Lyons,IL,17031,
45525,McClure,IL,17003,
45564,McCook,IL,17031,
45616,McCullom Lake,IL,17111,
45642,Macedonia,IL,17055 17065,
45694,McHenry,IL,17111,
45726,Machesney Park,IL,17201,
45785,Mackinaw,IL,17179,
45811,McLean,IL,17113,
45824,McLeansboro,IL,17065,
45850,McNabb,IL,17155,
45889,Macomb,IL,17109,
45941,Macon,IL,17115,
45993,Madison,IL,17119 17163,
46058,Maeystown,IL,17133,
46110,Magnolia,IL,17155,
46136,Mahomet,IL,17019,
46214,Makanda,IL,17077,
46240,Malden,IL,17011,
46279,Malta,IL,17037,
46331,Manchester,IL,17171,
46357,Manhattan,IL,17197,
46383,Manito,IL,17125,
46422,Manlius,IL,17011,
46487,Mansfield,IL,17147,
46500,Manteno,IL,17091,
46604,Maple Park,IL,17037 17089,
46643,Mapleton,IL,17143,
46695,Maquon,IL,17095,
46734,Marcelline,IL,17001,
46786,Marengo,IL,17111,
46825,Marietta,IL,17057,
46864,Marine,IL,17119,
46916,Marion,IL,17199,
46955,Marissa,IL,17163,
46981,Mark,IL,17155,
47007,Markham,IL,17031,
47046,Marley,IL,17197,
47072,Maroa,IL,17115,
47111,Marquette Heights,IL,17179,
47150,Marseilles,IL,17099,
47163,Marshall,IL,17023,
47254,Martinsville,IL,17023,
47280,Martinton,IL,17075,
47397,Maryville,IL,17119,
47423,Mascoutah,IL,17163,
47449,Mason,IL,17049,
47475,Mason City,IL,17125,
47527,Matherville,IL,17131,
47540,Matteson,IL,17031,
47553,Mattoon,IL,17029,
47592,Maunie,IL,17193,
47774,Maywood,IL,17031,
47787,Mazon,IL,17063,
48021,Mechanicsburg,IL,17167,
48073,Media,IL,17071,
48138,Medora,IL,17083 17117,
48242,Melrose Park,IL,17031,
48268,Melvin,IL,17053,
48307,Mendon,IL,17001,
48333,Mendota,IL,17099,
48359,Menominee,IL,17085,
48424,Meredosia,IL,17137,
48554,Merrionette Park,IL,17031,
48567,Merritt,IL,17171,
48606,Metamora,IL,17203,
48632,Metcalf,IL,17045,
48645,Metropolis,IL,17127,
48671,Mettawa,IL,17097,
48684,Meyer,IL,17001,
48853,Middletown,IL,17107,
48892,Midlothian,IL,17031,
49009,Milan,IL,17161,
49048,Milford,IL,17075,
49100,Millbrook,IL,17093,
49178,Mill Creek,IL,17181,
49191,Milledgeville,IL,17015,
49243,Millersburg,IL,17131,
49308,Millington,IL,17093 17099,
49347,Mill Shoals,IL,17191 17193,
49386,Millstadt,IL,17163,
49477,Milton,IL,17149,
49516,Mineral,IL,17011,
49555,Minier,IL,17179,
49568,Minonk,IL,17203,
49607,Minooka,IL,17063 17093 17197,
49698,Mitchell,IL,17119,
49802,Modesto,IL,17117,
49854,Mokena,IL,17197,
49867,Moline,IL,17161,
49893,Momence,IL,17091,
49945,Monee,IL,17197,
50010,Monmouth,IL,17187,
50062,Monroe Center,IL,17141,
50218,Montgomery,IL,17089 17093,
50244,Monticello,IL,17147,
50283,Montrose,IL,17035 17049,
50452,Moro,IL,17119,
50491,Morris,IL,17063,
50530,Morrison,IL,17195,
50543,Morrisonville,IL,17021,
50621,Morton,IL,17179,
50647,Morton Grove,IL,17031,
50699,Mossville,IL,17143,
50751,Mound City,IL,17153,
50777,Mounds,IL,17153,
50790,Mound Station,IL,17009,
50829,Mount Auburn,IL,17021,
50868,Mount Carmel,IL,17185,
50881,Mount Carroll,IL,17015,
50920,Mount Clare,IL,17117,
50933,Mount Erie,IL,17191,
50998,Mount Morris,IL,17141,
51024,Mount Olive,IL,17117,
51089,Mount Prospect,IL,17031,
51128,Mount Pulaski,IL,17107,
51154,Mount Sterling,IL,17009,
51180,Mount Vernon,IL,17081,
51206,Mount Zion,IL,17115,
51232,Moweaqua,IL,17021 17173,
51271,Muddy,IL,17165,
51284,Mulberry Grove,IL,17005,
51310,Mulkeytown,IL,17055,
51336,Muncie,IL,17183,
51349,Mundelein,IL,17097,
51453,Murphysboro,IL,17077,
51479,Murrayville,IL,17137,
51544,Nachusa,IL,17103,
51622,Naperville,IL,17043 17197,
51648,Naplate,IL,17099,
51661,Naples,IL,17171,
51700,Nashville,IL,17189,
51726,Nason,IL,17081,
51791,Nauvoo,IL,17067,
51882,Nebo,IL,17149,
51934,Nekoma,IL,17073,
51947,Nelson,IL,17103,
51986,Neoga,IL,17035,
51999,Neponset,IL,17011,
52103,Newark,IL,17093,
52116,New Athens,IL,17163,
52142,New Baden,IL,17027 17163,
52155,New Bedford,IL,17011,
52168,New Berlin,IL,17167,
52220,New Boston,IL,17131,
52285,New Burnside,IL,17087,
52311,New Canton,IL,17149,
52415,New Douglas,IL,17119,
52467,New Grand Chain,IL,17153,
52506,New Haven,IL,17059 17193,
52545,New Holland,IL,17107,
52584,New Lenox,IL,17197,
52623,Newman,IL,17041,
52701,New Milford,IL,17201,
52714,New Minden,IL,17189,
52805,New Salem,IL,17149,
52844,Newton,IL,17079,
52961,Niantic,IL,17115,
53000,Niles,IL,17031,
53039,Nilwood,IL,17117,
53078,Niota,IL,17067,
53143,Noble,IL,17159,
53169,Nokomis,IL,17135,
53195,Nora,IL,17085,
53234,Normal,IL,17113,
53377,Norridge,IL,17031,
53390,Norris,IL,17057,
53403,Norris City,IL,17193,
53442,North Aurora,IL,17089,
53455,North Barrington,IL,17097,
53481,Northbrook,IL,17031,
53559,North Chicago,IL,17097,
53585,North City,IL,17055,
53663,Northfield,IL,17031,
53793,North Henderson,IL,17131,
53871,Northlake,IL,17031,
54092,North Pekin,IL,17179,
54144,North Riverside,IL,17031,
54222,North Utica,IL,17099,
54404,Norwood,IL,17143,
54534,Oak Brook,IL,17043,
54560,Oakbrook Terrace,IL,17043,
54586,Oakdale,IL,17189,
54625,Oakford,IL,17129,
54638,Oak Forest,IL,17031,
54703,Oak Grove,IL,17161,
54781,Oakland,IL,17029,
54820,Oak Lawn,IL,17031,
54885,Oak Park,IL,17031,
54924,Oak Run,IL,17095,
55002,Oakwood,IL,17183,
55041,Oakwood Hills,IL,17111,
55106,Oblong,IL,17033,
55132,Oconee,IL,17173,
55171,Odell,IL,17105,
55210,Odin,IL,17121,
55249,O'Fallon,IL,17163,
55275,Ogden,IL,17019,
55353,Oglesby,IL,17099,
55379,Ohio,IL,17011,
55418,Ohlman,IL,17135,
55470,Okawville,IL,17189,
55639,Old Mill Creek,IL,17097,
55717,Old Ripley,IL,17005,
55756,Old Shawneetown,IL,17059,
55847,Olive Branch,IL,17003,
55886,Olivet,IL,17183,
55899,Olmsted,IL,17153,
55912,Olney,IL,17159,
55938,Olympia Fields,IL,17031,
56003,Omaha,IL,17059,
56081,Onarga,IL,17075,
56159,Oneida,IL,17095,
56198,Opdyke,IL,17081,
56211,Ophiem,IL,17073,
56237,Oquawka,IL,17071,
56341,Orangeville,IL,17177,
56471,Oreana,IL,17115,
56484,Oregon,IL,17141,
56536,Orient,IL,17055,
56601,Orion,IL,17073,
56627,Orland Hills,IL,17031,
56640,Orland Park,IL,17031 17197,
56796,Osco,IL,17073,
56887,Oswego,IL,17093 17197,
56926,Ottawa,IL,17099,
56978,Otterville,IL,17083,
57043,Owaneco,IL,17021,
57121,Oxville,IL,17171,
57160,Paderborn,IL,17163,
57225,Palatine,IL,17031,
57277,Palestine,IL,17033,
57303,Palmer,IL,17021,
57329,Palmyra,IL,17117,
57342,Paloma,IL,17001,
57381,Palos Heights,IL,17031,
57394,Palos Hills,IL,17031,
57407,Palos Park,IL,17031,
57472,Pana,IL,17021 17173,
57498,Panama,IL,17005 17135,
57524,Panola,IL,17203,
57576,Papineau,IL,17075,
57628,Paris,IL,17045,
57654,Park City,IL,17097,
57693,Parkersburg,IL,17159,
57732,Park Forest,IL,17031 17197,
57875,Park Ridge,IL,17031,
58057,Patoka,IL,17121,
58174,Pawnee,IL,17167,
58226,Paw Paw,IL,17103,
58239,Paxton,IL,17053,
58265,Payson,IL,17001,
58343,Pearl,IL,17149,
58369,Pearl City,IL,17177,
58408,Pecatonica,IL,17201,
58447,Pekin,IL,17143 17179,
58577,Penfield,IL,17019,
59000,Peoria,IL,17143,
59026,Peoria Heights,IL,17143 17179,
59052,Peotone,IL,17197,
59104,Percy,IL,17157,
59156,Perry,IL,17149,
59234,Peru,IL,17011 17099,
59273,Pesotum,IL,17019,
59312,Petersburg,IL,17129,
59520,Phillipstown,IL,17193,
59533,Philo,IL,17019,
59572,Phoenix,IL,17031,
59709,Pierron,IL,17005 17119,
59884,Pinckneyville,IL,17145,
59988,Pingree Grove,IL,17089,
60079,Piper City,IL,17053,
60144,Pistakee Highlands,IL,17111,
60209,Pittsburg,IL,17199,
60222,Pittsfield,IL,17149,
60287,Plainfield,IL,17093 17197,
60339,Plainville,IL,17001,
60352,Plano,IL,17093,
60391,Plattville,IL,17093,
60534,Pleasant Hill,IL,17149,
60599,Pleasant Plains,IL,17167,
60826,Plum Valley,IL,17197,
60833,Plymouth,IL,17067 17109,
60872,Pocahontas,IL,17005,
60937,Polo,IL,17141,
61015,Pontiac,IL,17105,
61067,Pontoon Beach,IL,17119,
61080,Pontoosuc,IL,17067,
61145,Poplar Grove,IL,17007,
61216,Port Barrington,IL,17097 17111,
61223,Port Byron,IL,17161,
61314,Posen,IL,17031,
61366,Potomac,IL,17183,
61548,Prairie City,IL,17109,
61639,Prairie du Rocher,IL,17157,
61678,Prairie Grove,IL,17111,
61743,Prairietown,IL,17119,
61782,Preemption,IL,17131,
61821,Prestbury,IL,17089,
61860,Preston Heights,IL,17197,
61899,Princeton,IL,17011,
61925,Princeville,IL,17143,
61977,Prophetstown,IL,17195,
62016,Prospect Heights,IL,17031,
62211,Pulaski,IL,17153,
62367,Quincy,IL,17001,
62523,Radom,IL,17189,
62588,Raleigh,IL,17165,
62627,Ramsey,IL,17051,
62744,Rankin,IL,17183,
62757,Ransom,IL,17099,
62783,Rantoul,IL,17019,
62822,Rapids City,IL,17161,
62848,Raritan,IL,17071,
62965,Raymond,IL,17135,
63043,Red Bud,IL,17157,
63056,Reddick,IL,17091 17105,
63069,Redmon,IL,17045,
63355,Rentchler,IL,17163,
63382,Rest Haven,IL,17197,
63420,Reynolds,IL,17131 17161,
63537,Richfield,IL,17001,
63641,Richmond,IL,17111,
63706,Richton Park,IL,17031,
63719,Richview,IL,17189,
63862,Ridge Farm,IL,17183,
63875,Ridgefield,IL,17111,
64005,Ridgewood,IL,17197,
64018,Ridgway,IL,17059,
64044,Ridott,IL,17177,
64083,Riggston,IL,17171,
64094,Riley,IL,17111,
64135,Ringwood,IL,17111,
64148,Rio,IL,17095,
64174,Ripley,IL,17009,
64239,Ritchie,IL,17197,
64278,Riverdale,IL,17031,
64304,River Forest,IL,17031,
64343,River Grove,IL,17031,
64421,Riverside,IL,17031,
64486,Riverton,IL,17167,
64538,Riverwoods,IL,17097,
64590,Roanoke,IL,17203,
64616,Robbins,IL,17031,
64655,Roberts,IL,17053,
64707,Robinson,IL,17033,
64746,Rochelle,IL,17103 17141,
64759,Rochester,IL,17167,
64811,Rockbridge,IL,17061,
64837,Rock City,IL,17177,
64902,Rockdale,IL,17197,
64928,Rock Falls,IL,17195,
65000,Rockford,IL,17141 17201,
65078,Rock Island,IL,17161,
65104,Rock Island Arsenal,IL,17161,
65130,Rockport,IL,17149,
65156,Rockton,IL,17201,
65221,Rockwood,IL,17157,
65338,Rolling Meadows,IL,17031,
65403,Rome,IL,17143,
65442,Romeoville,IL,17197,
65481,Roodhouse,IL,17061,
65611,Roscoe,IL,17201,
65754,Rose Hill,IL,17079,
65806,Roselle,IL,17031 17043,
65819,Rosemont,IL,17031,
65845,Roseville,IL,17187,
65884,Rosewood Heights,IL,17119,
65897,Rosiclare,IL,17069,
65962,Rossville,IL,17183,
66027,Round Lake,IL,17097,
66040,Round Lake Beach,IL,17097,
66053,Round Lake Heights,IL,17097,
66066,Round Lake Park,IL,17097,
66131,Roxana,IL,17119,
66157,Royal,IL,17019,
66196,Royal Lakes,IL,17117,
66209,Royalton,IL,17055,
66287,Ruma,IL,17157,
66339,Rushville,IL,17169,
66404,Russellville,IL,17101,
66443,Rutland,IL,17099,
66534,Sadorus,IL,17019,
66599,Sailor Springs,IL,17025,
66638,St. Anne,IL,17091,
66677,St. Augustine,IL,17095,
66703,St. Charles,IL,17043 17089,
66768,St. David,IL,17057,
66794,St. Elmo,IL,17051,
66800,Ste. Marie,IL,17079,
66833,St. Francisville,IL,17101,
66859,St. Jacob,IL,17119,
66924,St. Johns,IL,17145,
66950,St. Joseph,IL,17019,
66989,St. Libory,IL,17163,
67132,St. Peter,IL,17051,
67158,St. Rose,IL,17027,
67236,Salem,IL,17121,
67372,Sammons Point,IL,17091,
67444,Sandoval,IL,17121,
67548,Sandwich,IL,17037 17093,
67613,San Jose,IL,17107 17125,
67756,Sauget,IL,17163,
67769,Sauk Village,IL,17031,
67795,Saunemin,IL,17105,
67821,Savanna,IL,17015,
67860,Savoy,IL,17019,
67873,Sawyerville,IL,17117,
67912,Saybrook,IL,17113,
67925,Scales Mound,IL,17085,
68003,Schaumburg,IL,17031 17043,
68081,Schiller Park,IL,17031,
68120,Schram City,IL,17135,
68198,Sciota,IL,17109,
68328,Scott AFB,IL,17163,
68406,Scottville,IL,17117,
68458,Seaton,IL,17131,
68471,Seatonville,IL,17011,
68510,Secor,IL,17203,
68640,Seneca,IL,17063 17099,
68679,Serena,IL,17099,
68705,Sesser,IL,17055,
68809,Seymour,IL,17019,
68822,Shabbona,IL,17037,
68991,Shannon,IL,17015,
69082,Shawneetown,IL,17059,
69147,Sheffield,IL,17011,
69186,Shelbyville,IL,17173,
69212,Sheldon,IL,17075,
69277,Sheridan,IL,17099,
69342,Sherman,IL,17167,
69368,Sherrard,IL,17131,
69524,Shiloh,IL,17163,
69563,Shipman,IL,17117,
69628,Shirley,IL,17113,
69758,Shorewood,IL,17197,
69797,Shumway,IL,17049,
69810,Sibley,IL,17053,
69836,Sidell,IL,17183,
69875,Sidney,IL,17019,
69914,Sigel,IL,17173,
69979,Silvis,IL,17161,
70005,Simpson,IL,17087,
70031,Sims,IL,17191,
70122,Skokie,IL,17031,
70161,Sleepy Hollow,IL,17089,
70213,Smithboro,IL,17005,
70226,Smithfield,IL,17057,
70252,Smithton,IL,17163,
70278,Smithville,IL,17143,
70356,Solon Mills,IL,17111,
70460,Somonauk,IL,17037 17099,
70525,Sorento,IL,17005,
70564,South Barrington,IL,17031,
70590,South Beloit,IL,17201,
70629,South Chicago Heights,IL,17031,
70720,South Elgin,IL,17089,
70759,Southern View,IL,17167,
70850,South Holland,IL,17031,
70889,South Jacksonville,IL,17137,
71175,South Pekin,IL,17179,
71240,South Roxana,IL,17119,
71370,South Wilmington,IL,17063,
71422,Sparland,IL,17123,
71448,Sparta,IL,17157,
71474,Spaulding,IL,17167,
71526,Spillertown,IL,17199,
71604,Spring Bay,IL,17203,
71643,Springerton,IL,17193,
72000,Springfield,IL,17167,
72052,Spring Grove,IL,17111,
72156,Spring Valley,IL,17011,
72221,Standard,IL,17155,
72234,Standard City,IL,17117,
72260,Stanford,IL,17113,
72403,Staunton,IL,17117,
72468,Steeleville,IL,17157,
72520,Steger,IL,17031 17197,
72546,Sterling,IL,17195,
72624,Steward,IL,17103,
72650,Stewardson,IL,17173,
72676,Stickney,IL,17031,
72702,Stillman Valley,IL,17141,
72780,Stockton,IL,17085,
72884,Stonefort,IL,17165 17199,
72923,Stone Park,IL,17031,
72949,Stonington,IL,17021,
73027,Stoy,IL,17033,
73040,Strasburg,IL,17173,
73131,Strawn,IL,17105,
73157,Streamwood,IL,17031,
73170,Streator,IL,17099 17105,
73261,Stronghurst,IL,17071,
73287,Sublette,IL,17103,
73391,Sugar Grove,IL,17089,
73495,Sullivan,IL,17139,
73547,Summerfield,IL,17163,
73638,Summit,IL,17031,
73703,Sumner,IL,17101,
73872,Sunnyland,IL,17197,
73943,Sun River Terrace,IL,17091,
74119,Swansea,IL,17163,
74145,Swedona,IL,17131,
74223,Sycamore,IL,17037,
74275,Symerton,IL,17197,
74301,Table Grove,IL,17057,
74379,Tallula,IL,17129,
74444,Tamaroa,IL,17145,
74457,Tamms,IL,17003,
74470,Tampico,IL,17195,
74548,Taylor Ridge,IL,17161,
74561,Taylor Springs,IL,17135,
74574,Taylorville,IL,17021,
74665,Tennessee,IL,17109,
74743,Teutopolis,IL,17049,
74847,Thawville,IL,17075,
74860,Thayer,IL,17167,
74873,Thebes,IL,17003,
74970,The Galena Territory,IL,17085,
75081,Third Lake,IL,17097,
75107,Thomasboro,IL,17019,
75159,Thompsonville,IL,17055,
75172,Thomson,IL,17015,
75185,Thornton,IL,17031,
75263,Tilden,IL,17157,
75276,Tilton,IL,17183,
75360,Timberlane,IL,17007,
75484,Tinley Park,IL,17031 17197,
75549,Tiskilwa,IL,17011,
75601,Toledo,IL,17035,
75614,Tolono,IL,17019,
75653,Toluca,IL,17123,
75718,Tonica,IL,17099,
75757,Topeka,IL,17125,
75783,Toulon,IL,17175,
75809,Tovey,IL,17021,
75822,Towanda,IL,17113,
75848,Tower Hill,IL,17173,
75874,Tower Lakes,IL,17097,
75965,Tremont,IL,17179,
75991,Trenton,IL,17027,
76017,Trilla,IL,17029 17035,
76082,Triumph,IL,17099,
76108,Trivoli,IL,17143,
76160,Trout Valley,IL,17111,
76199,Troy,IL,17119,
76225,Troy Grove,IL,17099,
76407,Tuscola,IL,17041,
76511,Twin Grove,IL,17113,
76615,Ullin,IL,17153,
76706,Union,IL,17111,
76771,Union Hill,IL,17091,
76875,Unity,IL,17003,
76935,University Park,IL,17031 17197,
77005,Urbana,IL,17019,
77044,Ursa,IL,17001,
77148,Valier,IL,17055,
77187,Valley City,IL,17149,
77265,Valmeyer,IL,17133,
77317,Vandalia,IL,17051,
77395,Varna,IL,17123,
77408,Venedy,IL,17189,
77460,Venetian Village,IL,17097,
77473,Venice,IL,17119,
77525,Vergennes,IL,17077,
77551,Vermilion,IL,17045,
77642,Vermont,IL,17057,
77681,Vernon,IL,17121,
77694,Vernon Hills,IL,17097,
77707,Verona,IL,17063,
77720,Versailles,IL,17009,
77811,Victoria,IL,17095,
77863,Vienna,IL,17087,
77941,Villa Grove,IL,17041,
77993,Villa Park,IL,17043,
78123,Viola,IL,17131,
78149,Virden,IL,17117 17167,
78175,Virgil,IL,17089,
78201,Virginia,IL,17017,
78227,Volo,IL,17097,
78370,Wadsworth,IL,17097,
78383,Waggoner,IL,17135,
78526,Walnut,IL,17011,
78604,Walnut Hill,IL,17121,
78656,Walshville,IL,17135,
78708,Waltonville,IL,17081,
78721,Wamac,IL,17027 17121 17189,
78773,Wapella,IL,17039,
78851,Warren,IL,17085,
78916,Warrensburg,IL,17115,
78929,Warrenville,IL,17043,
78942,Warsaw,IL,17067,
79007,Washburn,IL,17123 17203,
79033,Washington,IL,17179,
79085,Washington Park,IL,17163,
79124,Wataga,IL,17095,
79150,Waterloo,IL,17133,
79163,Waterman,IL,17037,
79228,Watseka,IL,17075,
79241,Watson,IL,17049,
79267,Wauconda,IL,17097,
79293,Waukegan,IL,17097,
79358,Waverly,IL,17137,
79397,Wayne,IL,17043 17089,
79436,Wayne City,IL,17191,
79449,Waynesville,IL,17039,
79618,Wedron,IL,17099,
79683,Weldon,IL,17039,
79735,Wellington,IL,17075,
79813,Wenona,IL,17099 17123,
79826,Wenonah,IL,17135,
80008,West Brooklyn,IL,17103,
80047,Westchester,IL,17031,
80060,West Chicago,IL,17043,
80073,West City,IL,17055,
80125,West Dundee,IL,17089,
80242,Western Springs,IL,17031,
80255,Westervelt,IL,17173,
80281,Westfield,IL,17023,
80333,West Frankfort,IL,17055,
80570,Westlake Village,IL,17201,
80580,West Liberty,IL,17079,
80645,Westmont,IL,17043,
80736,West Peoria,IL,17143,
80762,West Point,IL,17067,
80853,West Salem,IL,17047,
80879,West Union,IL,17023,
80931,Westville,IL,17183,
80957,West York,IL,17033,
81048,Wheaton,IL,17043,
81074,Wheeler,IL,17079,
81087,Wheeling,IL,17031 17097,
81165,Whiteash,IL,17199,
81191,White City,IL,17117,
81256,White Hall,IL,17061,
81295,White Heath,IL,17147,
81802,Williamsfield,IL,17095,
81815,Williamson,IL,17119,
81854,Williamsville,IL,17167,
81867,Willisville,IL,17145,
81919,Willowbrook,IL,17043,
81938,Willowbrook,IL,17197,
82010,Willow Hill,IL,17079,
82029,Willow Lake,IL,17177,
82049,Willow Springs,IL,17031,
82075,Wilmette,IL,17031,
82088,Wilmington,IL,17061,
82101,Wilmington,IL,17197,
82218,Wilsonville,IL,17117,
82257,Wilton Center,IL,17197,
82270,Winchester,IL,17171,
82309,Windsor,IL,17131,
82322,Windsor,IL,17173,
82400,Winfield,IL,17043,
82491,Winnebago,IL,17201,
82530,Winnetka,IL,17031,
82543,Winslow,IL,17177,
82686,Winthrop Harbor,IL,17097,
82725,Witt,IL,17135,
82855,Wonder Lake,IL,17111,
82985,Wood Dale,IL,17043,
83063,Woodhull,IL,17073,
83102,Woodland,IL,17075,
83206,Woodlawn,IL,17081,
83245,Woodridge,IL,17031 17043 17197,
83271,Wood River,IL,17119,
83336,Woodson,IL,17137,
83349,Woodstock,IL,17111,
83505,Worden,IL,17119,
83518,Worth,IL,17031,
83622,Wyanet,IL,17011,
83687,Wyoming,IL,17175,
83739,Xenia,IL,17025,
83765,Yale,IL,17079,
83817,Yates City,IL,17095,
84038,Yorkville,IL,17093,
84155,Zeigler,IL,17055,
84220,Zion,IL,17097,
00140,Aberdeen,IN,18127,
00154,Abington,IN,18177,
00352,Adams,IN,18031,
00532,Adams Lake,IN,18087,
00640,Advance,IN,18011,
00748,Akron,IN,18049,
00784,Alamo,IN,18107,
00802,Albany,IN,18035 18135,
00820,Albion,IN,18113,
00910,Alexandria,IN,18095,
00946,Alford,IN,18125,
00964,Alfordsville,IN,18027,
01270,Alton,IN,18025,
01288,Altona,IN,18033,
01342,Ambia,IN,18007,
01360,Amboy,IN,18103,
01396,Americus,IN,18157,
01432,Amity,IN,18081,
01450,Amo,IN,18063,
01468,Anderson,IN,18095,
01594,Andersonville,IN,18047,
01612,Andrews,IN,18069,
01666,Angola,IN,18151,
01738,Anoka,IN,18017,
01810,Antioch,IN,18023,
01954,Arcadia,IN,18057,
01990,Arcola,IN,18003,
02026,Ardmore,IN,18141,
02044,Argos,IN,18099,
02116,Arlington,IN,18139,
02296,Arthur,IN,18125,
02458,Ashley,IN,18033 18151,
02602,Atlanta,IN,18057,
02620,Attica,IN,18045,
02674,Auburn,IN,18033,
02782,Aurora,IN,18029,
02800,Austin,IN,18143,
02872,Avilla,IN,18113,
02890,Avoca,IN,18093,
02908,Avon,IN,18063,
03052,Azalia,IN,18005,
03142,Bainbridge,IN,18133,
03358,Barbee,IN,18085,
03394,Bargersville,IN,18081,
03610,Bass Lake,IN,18149,
03664,Batesville,IN,18047 18137,
03718,Battle Ground,IN,18157,
03898,Bear Lake,IN,18113,
04032,Beaver Dam,IN,18085,
04114,Bedford,IN,18093,
04204,Beech Grove,IN,18097,
04456,Belleville,IN,18063,
04726,Bennetts Switch,IN,18103,
04780,Benton,IN,18039,
04888,Berne,IN,18001,
04978,Bethany,IN,18109,
05050,Bethel Village,IN,18005,
05158,Beverly Shores,IN,18127,
05176,Bicknell,IN,18083,
05230,Big Lake,IN,18113,
05284,Billtown,IN,18021,
05338,Bippus,IN,18069,
05374,Birdseye,IN,18037,
05644,Blairsville,IN,18129,
05662,Blanford,IN,18165,
05680,Blocher,IN,18143,
05716,Bloomfield,IN,18055,
05788,Bloomingdale,IN,18121,
05806,Blooming Grove,IN,18047,
05860,Bloomington,IN,18105,
05896,Blountsville,IN,18065,
06022,Blue Ridge,IN,18145,
06220,Bluffton,IN,18179,
06292,Boggstown,IN,18145,
06598,Boone Grove,IN,18127,
06616,Boonville,IN,18173,
06634,Borden,IN,18019,
06652,Boston,IN,18177,
06706,Boswell,IN,18007,
06760,Bourbon,IN,18099,
06832,Bowling Green,IN,18021,
07174,Brazil,IN,18021,
07318,Bremen,IN,18099,
07426,Bretzville,IN,18037,
07570,Bridgeton,IN,18121,
07624,Bright,IN,18029,
07678,Brimfield,IN,18113,
07714,Bringhurst,IN,18015,
07750,Bristol,IN,18039,
07966,Brook,IN,18111,
08038,Brooklyn,IN,18109,
08092,Brooksburg,IN,18077,
08146,Brookston,IN,18181,
08182,Brookville,IN,18047,
08416,Brownsburg,IN,18063,
08434,Browns Crossing,IN,18109,
08470,Brownstown,IN,18071,
08524,Brownsville,IN,18161,
08578,Bruceville,IN,18083,
08704,Bryant,IN,18075,
08812,Buck Creek,IN,18157,
08848,Buckskin,IN,18051,
08992,Buffalo,IN,18181,
09136,Bunker Hill,IN,18103,
09226,Burket,IN,18085,
09244,Burlington,IN,18015,
09298,Burnett,IN,18167,
09316,Burnettsville,IN,18181,
09334,Burney,IN,18031,
09352,Burns City,IN,18101,
09370,Burns Harbor,IN,18127,
09460,Burrows,IN,18015,
09532,Butler,IN,18033,
09622,Butlerville,IN,18079,
09712,Cadiz,IN,18065,
09874,Cambridge City,IN,18177,
09910,Camden,IN,18015,
10000,Campbellsburg,IN,18175,
10036,Canaan,IN,18077,
10090,Cannelburg,IN,18027,
10108,Cannelton,IN,18123,
10144,Canton,IN,18175,
10198,Carbon,IN,18021,
10270,Carlisle,IN,18153,
10342,Carmel,IN,18057,
10558,Carrollton,IN,18059,
10594,Cartersburg,IN,18063,
10612,Carthage,IN,18139,
10774,Cass,IN,18153,
10828,Cassville,IN,18067,
10900,Cates,IN,18045,
10954,Cayuga,IN,18165,
11044,Cedar Grove,IN,18047,
11062,Cedar Lake,IN,18089,
11134,Celestine,IN,18037,
11188,Centenary,IN,18165,
11404,Center,IN,18067,
11746,Center Point,IN,18021,
11782,Centerton,IN,18109,
11836,Centerville,IN,18177,
11926,Chain-O-Lakes,IN,18141,
11944,Chalmers,IN,18181,
12034,Chandler,IN,18173,
12124,Charlestown,IN,18019,
12196,Charlottesville,IN,18059,
12376,Chesterfield,IN,18035 18095,
12412,Chesterton,IN,18127,
12502,Chili,IN,18103,
12574,Chrisney,IN,18147,
12610,Churubusco,IN,18183,
12628,Cicero,IN,18057,
12880,Clarksburg,IN,18031,
12898,Clarks Hill,IN,18157,
12934,Clarksville,IN,18019,
13276,Clay City,IN,18021,
13312,Claypool,IN,18085,
13366,Clayton,IN,18063,
13438,Clear Lake,IN,18151,
13492,Clermont,IN,18097,
13582,Clifford,IN,18005,
13780,Clinton,IN,18165,
13852,Cloverdale,IN,18133,
13888,Cloverland,IN,18021,
13978,Coal City,IN,18119,
14032,Coalmont,IN,18021,
14050,Coatesville,IN,18063,
14104,Coesse,IN,18183,
14176,Colburn,IN,18157,
14284,Colfax,IN,18023,
14716,Columbia City,IN,18183,
14734,Columbus,IN,18005,
14788,Commiskey,IN,18079,
14932,Connersville,IN,18041,
14986,Converse,IN,18053 18103,
15115,Cordry Sweetwater Lakes,IN,18013,
15202,Cortland,IN,18071,
15220,Corunna,IN,18033,
15238,Cory,IN,18021,
15256,Corydon,IN,18061,
15364,Country Club Heights,IN,18095,
15409,Country Squire Lakes,IN,18079,
15490,Covington,IN,18045,
15526,Cowan,IN,18035,
15616,Craigville,IN,18179,
15634,Crandall,IN,18061,
15652,Crane,IN,18101,
15742,Crawfordsville,IN,18107,
15778,Cree Lake,IN,18113,
15994,Cromwell,IN,18113,
16030,Cross Plains,IN,18137,
16084,Crothersville,IN,18071,
16138,Crown Point,IN,18089,
16156,Crows Nest,IN,18097,
16300,Culver,IN,18099,
16336,Cumberland,IN,18059 18097,
16480,Cutler,IN,18015,
16534,Cynthiana,IN,18129,
16624,Dale,IN,18147,
16642,Daleville,IN,18035,
16732,Dana,IN,18165,
16804,Danville,IN,18063,
16840,Darlington,IN,18107,
16858,Darmstadt,IN,18163,
17002,Dayton,IN,18157,
17074,Decatur,IN,18001,
17110,Decker,IN,18083,
17245,Deer Creek,IN,18015,
17506,Delaware,IN,18137,
17614,Delphi,IN,18015,
17704,DeMotte,IN,18073,
17776,Denver,IN,18103,
17794,Depauw,IN,18061,
17812,Deputy,IN,18077,
18190,Dillsboro,IN,18029,
18388,Donaldson,IN,18099,
18550,Dover Hill,IN,18101,
18658,Dresser,IN,18167,
18766,Dublin,IN,18177,
18784,Dubois,IN,18037,
18892,Dugger,IN,18153,
18982,Dune Acres,IN,18127,
19000,Duneland Beach,IN,18091,
19054,Dunkirk,IN,18009 18075,
19072,Dunlap,IN,18039,
19162,Dunreith,IN,18065,
19180,Dupont,IN,18077,
19270,Dyer,IN,18089,
19450,Earl Park,IN,18007,
19486,East Chicago,IN,18089,
19576,East Enterprise,IN,18155,
19756,East Germantown,IN,18177,
19936,East Oolitic,IN,18093,
20080,Eaton,IN,18035,
20134,Eckerty,IN,18025,
20152,Economy,IN,18177,
20188,Eden,IN,18059,
20332,Edgewood,IN,18095,
20404,Edinburgh,IN,18005 18081 18145,
20458,Edwardsport,IN,18083,
20638,Elberfeld,IN,18173,
20674,Elizabeth,IN,18061,
20692,Elizabethtown,IN,18005,
20710,Elizaville,IN,18011,
20728,Elkhart,IN,18039,
20800,Ellettsville,IN,18105,
20998,Elnora,IN,18027,
21034,Elrod,IN,18137,
21070,Elwood,IN,18095 18159,
21106,Eminence,IN,18109,
21124,Emison,IN,18083,
21178,Enchanted Hills,IN,18085,
21214,English,IN,18025,
21502,Etna Green,IN,18085,
21538,Eugene,IN,18165,
22000,Evansville,IN,18163,
22072,Everton,IN,18041,
22180,Fairbanks,IN,18153,
22396,Fairland,IN,18145,
22432,Fairmount,IN,18053,
22468,Fair Oaks,IN,18073,
22540,Fairview,IN,18135,
22576,Fairview Park,IN,18165,
22738,Farmersburg,IN,18153,
22792,Farmland,IN,18135,
22990,Ferdinand,IN,18037,
23188,Fillmore,IN,18133,
23278,Fishers,IN,18057,
23296,Fishersburg,IN,18095,
23386,Fish Lake,IN,18091,
23566,Flat Rock,IN,18145,
23692,Flora,IN,18015,
23728,Florence,IN,18155,
23800,Floyds Knobs,IN,18043,
23836,Folsomville,IN,18173,
23854,Fontanet,IN,18167,
23926,Forest,IN,18023,
24250,Fort Branch,IN,18051,
24286,Fortville,IN,18059,
25000,Fort Wayne,IN,18003,
25054,Foster,IN,18171,
25090,Fountain City,IN,18177,
25162,Fountaintown,IN,18145,
25180,Fowler,IN,18007,
25198,Fowlerton,IN,18053,
25212,Foxcliff Estates,IN,18109,
25288,Francesville,IN,18131,
25306,Francisco,IN,18051,
25324,Frankfort,IN,18023,
25450,Franklin,IN,18081,
25702,Frankton,IN,18095,
25720,Fredericksburg,IN,18175,
25810,Freelandville,IN,18083,
25864,Freetown,IN,18071,
25882,Fremont,IN,18151,
25972,French Lick,IN,18117,
26152,Fulton,IN,18049,
26206,Galena,IN,18043,
26242,Galveston,IN,18017,
26386,Garrett,IN,18033,
27000,Gary,IN,18089,
27054,Gas City,IN,18053,
27072,Gaston,IN,18035,
27216,Geneva,IN,18001,
27252,Geneva,IN,18145,
27270,Gentryville,IN,18147,
27324,Georgetown,IN,18043,
27720,Gilmer Park,IN,18141,
28062,Glenwood,IN,18041 18139,
28116,Glezen,IN,18125,
28296,Goldsmith,IN,18159,
28332,Goodland,IN,18111,
28386,Goshen,IN,18039,
28440,Gosport,IN,18119,
28494,Grabill,IN,18003,
28620,Grammer,IN,18005,
28692,Grandview,IN,18147,
28728,Grandview Lake,IN,18005,
28800,Granger,IN,18141,
28908,Grantsburg,IN,18025,
29070,Grayford,IN,18079,
29106,Graysville,IN,18153,
29358,Greencastle,IN,18133,
29448,Greendale,IN,18029,
29520,Greenfield,IN,18059,
29592,Green Hill,IN,18171,
29682,Greensboro,IN,18065,
29718,Greensburg,IN,18031,
29754,Greens Fork,IN,18177,
29772,Greentown,IN,18067,
29844,Greenville,IN,18043,
29898,Greenwood,IN,18081,
30024,Griffin,IN,18129,
30042,Griffith,IN,18089,
30060,Grissom AFB,IN,18017 18103,
30114,Groveland,IN,18133,
30150,Groverton,IN,18149,
30294,Gwynneville,IN,18145,
30402,Hagerstown,IN,18177,
30564,Hamburg,IN,18047,
30594,Hamilton,IN,18033 18151,
30708,Hamlet,IN,18149,
31000,Hammond,IN,18089,
31180,Hanna,IN,18091,
31216,Hanover,IN,18077,
31396,Hardinsburg,IN,18175,
31432,Harlan,IN,18003,
31486,Harmony,IN,18021,
32098,Harrison Lake,IN,18005,
32170,Harrodsburg,IN,18105,
32242,Hartford City,IN,18009,
32332,Hartsville,IN,18005,
32422,Hashtown,IN,18055,
32494,Hatfield,IN,18147,
32512,Haubstadt,IN,18051,
32584,Hayden,IN,18079,
32638,Haysville,IN,18037,
32728,Hazleton,IN,18051,
32768,Hartz Lake,IN,18149,
32818,Hebron,IN,18127,
32854,Hedrick,IN,18171,
32926,Helmer,IN,18151,
32944,Helmsburg,IN,18013,
32980,Heltonville,IN,18093,
32998,Hemlock,IN,18067,
33142,Henryville,IN,18019,
33178,Herbst,IN,18053,
33187,Heritage Lake,IN,18133,
33214,Hessen Cassel,IN,18003,
33392,Hidden Valley,IN,18029,
33466,Highland,IN,18089,
33484,Highland,IN,18163,
33826,Hillisburg,IN,18023,
33862,Hillsboro,IN,18045,
33952,Hillsdale,IN,18165,
34096,Hoagland,IN,18003,
34114,Hobart,IN,18089,
34168,Hobbs,IN,18159,
34186,Hoffman Lake,IN,18085,
34284,Holiday Woods,IN,18151,
34294,Holland,IN,18037,
34366,Holton,IN,18137,
34420,Homecroft,IN,18097,
34456,Homer,IN,18139,
34744,Hope,IN,18005,
34816,Hortonville,IN,18057,
34978,Howe,IN,18087,
35086,Hudson,IN,18151,
35104,Hudson Lake,IN,18091,
35266,Huntertown,IN,18003,
35284,Huntingburg,IN,18037,
35302,Huntington,IN,18069,
35392,Huron,IN,18093,
35500,Hymera,IN,18153,
35536,Idaville,IN,18181,
35626,Independence,IN,18171,
36003,Indianapolis city,IN,18097,
36306,Indian Village,IN,18141,
36342,Ingalls,IN,18095,
36468,Ireland,IN,18037,
37674,Jalapa,IN,18053,
37692,Jamestown,IN,18011 18063,
37764,Jasonville,IN,18055,
37782,Jasper,IN,18037,
38358,Jeffersonville,IN,18019,
38484,Jerome,IN,18067,
38547,Jimmerson Lake,IN,18151,
38664,Johnson,IN,18051,
38862,Jonesboro,IN,18053,
38916,Jonesville,IN,18005,
39042,Judah,IN,18093,
39078,Judson,IN,18121,
39096,Judyville,IN,18171,
39366,Kempton,IN,18159,
39402,Kendallville,IN,18113,
39438,Kennard,IN,18065,
39510,Kent,IN,18077,
39546,Kentland,IN,18111,
39618,Kewanna,IN,18049,
39654,Keystone,IN,18179,
39744,Kimmell,IN,18113,
39798,Kingman,IN,18045,
39816,Kingsbury,IN,18091,
39852,Kingsford Heights,IN,18091,
39942,Kirklin,IN,18023,
40266,Knightstown,IN,18065,
40302,Knightsville,IN,18021,
40374,Knox,IN,18149,
40392,Kokomo,IN,18067,
40464,Koontz Lake,IN,18099 18149,
40518,Kouts,IN,18127,
40536,Kramer,IN,18171,
40644,Laconia,IN,18061,
40662,La Crosse,IN,18091,
40698,Ladoga,IN,18107,
40788,Lafayette,IN,18157,
40842,La Fontaine,IN,18169,
40860,Lagrange,IN,18087,
40896,Lagro,IN,18169,
41004,Lake Bruce,IN,18049,
41022,Lake Cicott,IN,18017,
41058,Lake Dalecarlia,IN,18089,
41112,Lake Eliza,IN,18127,
41130,Lake Everett,IN,18003,
41211,Lake Holiday,IN,18107,
41215,Lake Holiday Hideaway,IN,18045,
41400,Lake of the Woods,IN,18099,
41444,Lake Santee,IN,18031 18047,
41463,Lakeshore Resort,IN,18047,
41530,Lakes of the Four Seasons,IN,18089 18127,
41535,Lake Station,IN,18089,
41562,Laketon,IN,18169,
41580,Lake View,IN,18047,
41652,Lake Village,IN,18111,
41670,Lakeville,IN,18141,
41706,Lakewood,IN,18167,
41796,Lamb,IN,18155,
41994,Landess,IN,18053,
42048,Lanesville,IN,18061,
42138,Laotto,IN,18113,
42192,La Paz,IN,18099,
42228,Lapel,IN,18095,
42246,La Porte,IN,18091,
42282,Larwill,IN,18183,
42318,Laud,IN,18183,
42372,Laurel,IN,18047,
42426,Lawrence,IN,18097,
42462,Lawrenceburg,IN,18029,
42516,Lawrenceport,IN,18093,
42606,Leavenworth,IN,18025,
42624,Lebanon,IN,18011,
42678,Leesburg,IN,18085,
42822,Leiters Ford,IN,18049,
42861,Leo-Cedarville,IN,18003,
42876,Leopold,IN,18123,
42930,Leroy,IN,18089,
42984,Letts,IN,18031,
43020,Lewis,IN,18167,
43074,Lewisville,IN,18065,
43434,Liberty,IN,18161,
43542,Liberty Center,IN,18179,
43596,Liberty Mills,IN,18169,
43632,Libertyville,IN,18167,
43686,Ligonier,IN,18113,
43776,Lincoln,IN,18017,
44082,Linden,IN,18107,
44154,Linn Grove,IN,18001,
44172,Linnsburg,IN,18107,
44190,Linton,IN,18055,
44370,Little York,IN,18175,
44424,Livonia,IN,18175,
44442,Lizton,IN,18063,
44658,Logansport,IN,18017,
44712,London,IN,18145,
44784,Long Beach,IN,18091,
44910,Loogootee,IN,18101,
45000,Losantville,IN,18135,
45144,Lowell,IN,18089,
45234,Lucerne,IN,18017,
45396,Lyford,IN,18121,
45468,Lynn,IN,18135,
45486,Lynnville,IN,18173,
45504,Lyons,IN,18055,
45648,McCordsville,IN,18059,
45720,Mace,IN,18107,
45774,Mackey,IN,18051,
45864,Macy,IN,18103,
45990,Madison,IN,18077,
46296,Malden,IN,18127,
46350,Manchester,IN,18029,
46422,Manilla,IN,18139,
46566,Maples,IN,18003,
46746,Marengo,IN,18025,
46764,Mariah Hill,IN,18147,
46782,Marietta,IN,18145,
46908,Marion,IN,18053,
47045,Marion,IN,18145,
47160,Markle,IN,18069 18179,
47178,Markleville,IN,18095,
47322,Marshall,IN,18121,
47340,Marshfield,IN,18171,
47430,Martinsburg,IN,18175,
47448,Martinsville,IN,18109,
47592,Matthews,IN,18053,
47628,Mauckport,IN,18061,
47736,Maxwell,IN,18059,
47826,Mays,IN,18139,
48132,Mecca,IN,18121,
48186,Medaryville,IN,18131,
48240,Medora,IN,18071,
48294,Mellott,IN,18045,
48330,Melody Hill,IN,18163,
48384,Memphis,IN,18019,
48402,Mentone,IN,18085,
48456,Meridian Hills,IN,18097,
48474,Merom,IN,18153,
48510,Merriam,IN,18113,
48528,Merrillville,IN,18089,
48563,Metamora,IN,18047,
48618,Metz,IN,18151,
48636,Mexico,IN,18103,
48672,Miami,IN,18103,
48744,Michiana Shores,IN,18091,
48798,Michigan City,IN,18091,
48816,Michigantown,IN,18023,
48906,Middlebury,IN,18021,
48924,Middlebury,IN,18039,
49014,Middletown,IN,18065,
49086,Midland,IN,18055,
49212,Mier,IN,18053,
49266,Milan,IN,18137,
49302,Milford,IN,18031,
49320,Milford,IN,18085,
49536,Millersburg,IN,18039,
49626,Millgrove,IN,18009,
49662,Millhousen,IN,18031,
49716,Milltown,IN,18025 18061,
49734,Millville,IN,18065,
49806,Milroy,IN,18139,
49860,Milton,IN,18177,
49892,Mineral Springs,IN,18005,
49932,Mishawaka,IN,18141,
49950,Mitchell,IN,18093,
50058,Modoc,IN,18135,
50094,Mongo,IN,18087,
50148,Monon,IN,18181,
50202,Monroe,IN,18001,
50526,Monroe City,IN,18083,
50562,Monroeville,IN,18003,
50580,Monrovia,IN,18109,
50616,Monterey,IN,18131,
50652,Montezuma,IN,18121,
50688,Montgomery,IN,18027,
50760,Monticello,IN,18181,
50778,Montmorenci,IN,18157,
50796,Montpelier,IN,18009,
50940,Mooreland,IN,18065,
50958,Moores Hill,IN,18029,
50976,Mooresville,IN,18109,
51102,Morgantown,IN,18109,
51138,Morocco,IN,18111,
51174,Morris,IN,18137,
51192,Morristown,IN,18145,
51318,Mount Auburn,IN,18177,
51336,Mount Ayr,IN,18111,
51354,Mount Carmel,IN,18047,
51408,Mount Etna,IN,18069,
51714,Mount Summit,IN,18065,
51732,Mount Vernon,IN,18129,
51840,Mulberry,IN,18023,
51876,Muncie,IN,18035,
51912,Munster,IN,18089,
52002,Napoleon,IN,18137,
52020,Nappanee,IN,18039 18085,
52038,Nashville,IN,18013,
52146,Needham,IN,18081,
52200,Needmore,IN,18093,
52326,New Albany,IN,18043,
52398,New Amsterdam,IN,18061,
52506,Newbern,IN,18005,
52524,Newberry,IN,18055,
52650,Newburgh,IN,18173,
52704,New Carlisle,IN,18141,
52740,New Castle,IN,18065,
52776,New Chicago,IN,18089,
52956,New Goshen,IN,18167,
52974,New Harmony,IN,18129,
52992,New Haven,IN,18003,
53118,New Lebanon,IN,18153,
53154,New Lisbon,IN,18065,
53190,New London,IN,18067,
53226,New Marion,IN,18137,
53262,New Market,IN,18107,
53298,New Middletown,IN,18061,
53352,New Palestine,IN,18059,
53370,New Paris,IN,18039,
53388,New Pekin,IN,18175,
53478,New Point,IN,18031,
53496,Newport,IN,18165,
53532,New Richmond,IN,18107,
53550,New Ross,IN,18107,
53586,New Salisbury,IN,18061,
53676,Newtonville,IN,18147,
53694,Newtown,IN,18045,
53712,New Trenton,IN,18047,
53820,New Washington,IN,18019,
53874,New Whiteland,IN,18081,
53982,Nineveh,IN,18081,
54180,Noblesville,IN,18057,
54612,North Crows Nest,IN,18097,
54792,North Grove,IN,18103,
54900,North Judson,IN,18149,
54918,North Liberty,IN,18141,
54954,North Manchester,IN,18169,
55080,North Salem,IN,18063,
55098,North Terre Haute,IN,18167,
55116,North Vernon,IN,18079,
55134,North Webster,IN,18085,
55350,Norway,IN,18181,
55386,Notre Dame,IN,18141,
55512,Nyona Lake,IN,18049,
55710,Oakland City,IN,18051,
55800,Oaktown,IN,18083,
55818,Oakville,IN,18035,
56052,Odon,IN,18027,
56088,Ogden Dunes,IN,18127,
56286,Oldenburg,IN,18047,
56646,Ontario,IN,18087,
56664,Onward,IN,18017,
56682,Oolitic,IN,18093,
56700,Ora,IN,18149,
56952,Orestes,IN,18095,
57006,Orland,IN,18151,
57024,Orleans,IN,18117,
57114,Osceola,IN,18141,
57132,Osgood,IN,18137,
57168,Ossian,IN,18179,
57186,Oswego,IN,18085,
57222,Otisco,IN,18019,
57258,Otterbein,IN,18007 18157,
57330,Otter Lake,IN,18151,
57384,Otwell,IN,18125,
57510,Owensburg,IN,18055,
57528,Owensville,IN,18051,
57546,Oxford,IN,18007,
57632,Painted Hills,IN,18109,
57672,Palestine,IN,18085,
57726,Palmyra,IN,18061,
57780,Paoli,IN,18117,
57870,Paragon,IN,18109,
57924,Paris Crossing,IN,18079,
57978,Parker City,IN,18135,
58050,Parkers Settlement,IN,18129,
58320,Patoka,IN,18051,
58374,Patricksburg,IN,18119,
58392,Patriot,IN,18155,
58500,Paxton,IN,18153,
58644,Pence,IN,18171,
58662,Pendleton,IN,18095,
58770,Penntown,IN,18137,
58788,Pennville,IN,18075,
58878,Peppertown,IN,18047,
58932,Perkinsville,IN,18095,
59238,Perrysville,IN,18165,
59328,Peru,IN,18103,
59364,Petersburg,IN,18125,
59400,Petersville,IN,18005,
59418,Petroleum,IN,18179,
59490,Philadelphia,IN,18059,
59598,Pierceton,IN,18085,
59616,Pierceville,IN,18137,
60084,Pine Village,IN,18171,
60192,Pittsboro,IN,18063,
60210,Pittsburg,IN,18015,
60246,Plainfield,IN,18063,
60264,Plainville,IN,18027,
60534,Pleasant Lake,IN,18151,
60552,Pleasant Mills,IN,18001,
60678,Pleasant View,IN,18145,
60696,Pleasant View Village,IN,18005,
60732,Pleasantville,IN,18153,
60822,Plymouth,IN,18099,
60894,Point Isabel,IN,18053,
60912,Poland,IN,18021,
61020,Poneto,IN,18179,
61092,Portage,IN,18127,
61164,Porter,IN,18127,
61236,Portland,IN,18075,
61416,Poseyville,IN,18129,
61470,Pottawattamie Park,IN,18091,
61686,Prairie Creek,IN,18167,
61758,Prairieton,IN,18167,
61866,Preble,IN,18001,
62028,Prince's Lakes,IN,18081,
62046,Princeton,IN,18051,
62154,Prospect,IN,18117,
62280,Pulaski,IN,18131,
62406,Putnamville,IN,18133,
62712,Raglesville,IN,18027,
62730,Ragsdale,IN,18083,
62856,Rainsville,IN,18171,
62892,Ramsey,IN,18061,
63072,Raub,IN,18007,
63432,Reddington,IN,18071,
63450,Redkey,IN,18075,
63756,Remington,IN,18073,
63792,Rensselaer,IN,18073,
63810,Reo,IN,18147,
63918,Reynolds,IN,18181,
64206,Richland,IN,18147,
64260,Richmond,IN,18177,
64422,Ridgeville,IN,18135,
64512,Riley,IN,18167,
64674,Rising Sun,IN,18115,
64728,River Forest,IN,18095,
64944,Riverwood,IN,18057,
64980,Roachdale,IN,18133,
64998,Roann,IN,18169,
65016,Roanoke,IN,18069,
65178,Rob Roy,IN,18045,
65214,Rochester,IN,18049,
65358,Rockfield,IN,18015,
65376,Rockford,IN,18071,
65484,Rockport,IN,18147,
65520,Rockville,IN,18121,
65556,Rocky Ripple,IN,18097,
65592,Roll,IN,18009,
65736,Rolling Prairie,IN,18091,
65808,Rome City,IN,18113,
65826,Romney,IN,18157,
65934,Rosedale,IN,18121,
65988,Roseland,IN,18141,
66006,Roselawn,IN,18073 18111,
66085,Ross,IN,18089,
66150,Rossville,IN,18023,
66222,Royal Center,IN,18017,
66312,Royerton,IN,18035,
66438,Rushville,IN,18139,
66510,Russellville,IN,18133,
66546,Russiaville,IN,18067,
66744,St. Anthony,IN,18037,
66762,St. Bernice,IN,18165,
66834,St. Joe,IN,18033,
66852,St. John,IN,18089,
66978,St. Leon,IN,18029,
67050,St. Mary of the Woods,IN,18167,
67176,St. Meinrad,IN,18147,
67194,St. Omer,IN,18031,
67212,St. Paul,IN,18031 18145,
67284,St. Wendel,IN,18129,
67302,Salamonia,IN,18075,
67464,Salem,IN,18175,
67518,Saline City,IN,18021,
67608,Salt Creek Commons,IN,18127,
67626,Saltillo,IN,18175,
67698,Sandborn,IN,18083,
67896,Sandusky,IN,18031,
68004,San Pierre,IN,18149,
68022,Santa Claus,IN,18147,
68058,Saratoga,IN,18135,
68076,Sardinia,IN,18031,
68103,Saugany Lake,IN,18091,
68202,Schaefer Lake,IN,18005,
68220,Schererville,IN,18089,
68238,Schneider,IN,18089,
68256,Schnellville,IN,18037,
68328,Scipio,IN,18079,
68364,Scircleville,IN,18023,
68382,Scotland,IN,18055,
68418,Scott,IN,18087,
68526,Scottsburg,IN,18143,
68652,Seelyville,IN,18167,
68670,Sellersburg,IN,18019,
68706,Selma,IN,18035,
68742,Servia,IN,18169,
68832,Seymour,IN,18071,
68868,Shadeland,IN,18157,
68976,Shamrock Lakes,IN,18009,
69048,Sharpsville,IN,18159,
69192,Shelburn,IN,18153,
69246,Shelby,IN,18089,
69318,Shelbyville,IN,18145,
69336,Shepardsville,IN,18167,
69354,Sheridan,IN,18057,
69480,Shipshewana,IN,18087,
69489,Shipshewana Lake,IN,18087,
69516,Shirley,IN,18059 18065,
69552,Shoals,IN,18101,
69642,Shorewood Forest,IN,18127,
69678,Sidney,IN,18085,
69768,Silver Lake,IN,18085,
69840,Simonton Lake,IN,18039,
69894,Sims,IN,18053,
70330,Smithville-Sanders,IN,18105,
70470,Snow Lake,IN,18151,
70506,Solsberry,IN,18055,
70524,Somerset,IN,18169,
70542,Somerville,IN,18051,
71000,South Bend,IN,18141,
71072,South Center,IN,18091,
71288,South Haven,IN,18127,
71396,South Milford,IN,18087,
71486,Southport,IN,18097,
71612,South Whitley,IN,18183,
71774,Spartanburg,IN,18135,
71828,Speedway,IN,18097,
71972,Spencer,IN,18119,
71990,Spencerville,IN,18033,
72008,Spiceland,IN,18065,
72206,Spring Grove,IN,18177,
72232,Spring Hill,IN,18097,
72296,Spring Lake,IN,18059,
72332,Springport,IN,18065,
72440,Spurgeon,IN,18125,
72584,Stanford,IN,18105,
72638,Star City,IN,18131,
72764,State Line City,IN,18171,
72782,Staunton,IN,18021,
72980,Stendal,IN,18125,
73160,Stewartsville,IN,18129,
73178,Stilesville,IN,18063,
73214,Stillwell,IN,18091,
73232,Stinesville,IN,18105,
73340,Stockwell,IN,18157,
73376,Stone Bluff,IN,18045,
73664,Straughn,IN,18065,
73790,Stroh,IN,18087,
74006,Sullivan,IN,18153,
74060,Sulphur Springs,IN,18065,
74078,Sumava Resorts,IN,18111,
74132,Summitville,IN,18095,
74168,Sunman,IN,18137,
74510,Swayzee,IN,18053,
74546,Sweetser,IN,18053,
74582,Switz City,IN,18055,
74744,Syracuse,IN,18039 18085,
74780,Tab,IN,18171,
74870,Talma,IN,18049,
74978,Taswell,IN,18025,
75104,Taylorsville,IN,18005,
75176,Tecumseh,IN,18167,
75194,Teegarden,IN,18099,
75248,Tell City,IN,18123,
75284,Templeton,IN,18007,
75302,Tennyson,IN,18173,
75428,Terre Haute,IN,18167,
75518,Thayer,IN,18111,
75626,Thorntown,IN,18011,
75860,Tippecanoe,IN,18099,
75986,Tipton,IN,18159,
76022,Toad Hop,IN,18167,
76076,Tocsin,IN,18179,
76184,Topeka,IN,18087,
76256,Town of Pines,IN,18127,
76310,Trafalgar,IN,18081,
76328,Trail Creek,IN,18091,
76526,Tri-Lakes,IN,18183,
76634,Troy,IN,18123,
76742,Tunnelton,IN,18093,
76886,Twelve Mile,IN,18017,
77030,Tyner,IN,18099,
77066,Ulen,IN,18011,
77084,Underwood,IN,18019,
77768,Union City,IN,18135,
77786,Uniondale,IN,18179,
77804,Union Mills,IN,18091,
77912,Universal,IN,18165,
77966,Upland,IN,18053,
78056,Urbana,IN,18169,
78110,Utica,IN,18019,
78290,Vallonia,IN,18071,
78326,Valparaiso,IN,18127,
78380,Van Bibber Lake,IN,18133,
78470,Van Buren,IN,18053,
78740,Veedersburg,IN,18045,
78758,Velpen,IN,18125,
78776,Vera Cruz,IN,18179,
78902,Vernon,IN,18079,
78974,Versailles,IN,18137,
79010,Vevay,IN,18155,
79028,Vicksburg,IN,18055,
79208,Vincennes,IN,18083,
79226,Vistula,IN,18039,
79370,Wabash,IN,18169,
79442,Wadesville,IN,18129,
79478,Wakarusa,IN,18039,
79568,Waldron,IN,18145,
79604,Walesboro,IN,18005,
79694,Walkerton,IN,18141,
79730,Wallace,IN,18045,
79784,Wall Lake,IN,18087,
79964,Walton,IN,18017,
80018,Wanatah,IN,18091,
80108,Warren,IN,18069,
80234,Warren Park,IN,18097,
80288,Warrington,IN,18059,
80306,Warsaw,IN,18085,
80504,Washington,IN,18027,
81278,Waterloo,IN,18033,
81458,Waveland,IN,18107,
81494,Waverly,IN,18109,
81530,Wawaka,IN,18113,
82034,Waynesville,IN,18005,
82052,Waynetown,IN,18107,
82142,Webster,IN,18177,
82250,Wellsboro,IN,18091,
82376,West Baden Springs,IN,18117,
82556,West College Corner,IN,18161,
82700,Westfield,IN,18057,
82790,West Harrison,IN,18029,
82862,West Lafayette,IN,18157,
82934,West Lebanon,IN,18171,
83042,West Middleton,IN,18067,
83204,Westphalia,IN,18083,
83222,West Point,IN,18157,
83276,Westport,IN,18031,
83384,West Terre Haute,IN,18167,
83420,Westville,IN,18091,
83456,Westwood,IN,18065,
83528,Wheatfield,IN,18073,
83564,Wheatland,IN,18083,
83600,Wheeler,IN,18127,
83816,Whiteland,IN,18081,
84014,Whitestown,IN,18011,
84086,Whitewater,IN,18177,
84122,Whiting,IN,18089,
84234,Wildwood,IN,18151,
84302,Wilkinson,IN,18059,
84338,Williams,IN,18093,
84356,Williamsburg,IN,18177,
84374,Williams Creek,IN,18097,
84410,Williamsport,IN,18171,
84482,Willow Branch,IN,18059,
84734,Winamac,IN,18131,
84752,Winchester,IN,18135,
84806,Windfall City,IN,18159,
84842,Windsor,IN,18135,
84878,Winfield,IN,18089,
84914,Wingate,IN,18107,
84950,Winona Lake,IN,18085,
84968,Winslow,IN,18125,
85058,Wolcott,IN,18181,
85076,Wolcottville,IN,18087 18113,
85130,Wolflake,IN,18113,
85184,Woodburn,IN,18003,
85400,Woodlawn Heights,IN,18095,
85562,Wooster,IN,18085,
85598,Worthington,IN,18055,
85724,Wyatt,IN,18141,
85742,Wynnedale,IN,18097,
85886,Yeoman,IN,18015,
86084,Yorktown,IN,18035,
86156,Young America,IN,18017,
86318,Zanesville,IN,18003 18179,
86372,Zionsville,IN,18011,
00100,Abbyville,KS,20155,
00125,Abilene,KS,20041,
00225,Ada,KS,20143,
00325,Admire,KS,20111,
00475,Agenda,KS,20157,
00550,Agra,KS,20147,
00825,Albert,KS,20009,
00950,Alden,KS,20159,
01050,Alexander,KS,20165,
01275,Allen,KS,20111,
01350,Alma,KS,20197,
01425,Almena,KS,20137,
01550,Altamont,KS,20099,
01575,Alta Vista,KS,20197,
01600,Alton,KS,20141,
01625,Altoona,KS,20205,
01675,Americus,KS,20111,
01725,Ames,KS,20029,
01775,Andale,KS,20173,
01800,Andover,KS,20015,
01975,Anthony,KS,20077,
02175,Arcadia,KS,20037,
02250,Argonia,KS,20191,
02300,Arkansas City,KS,20035,
02325,Arlington,KS,20155,
02375,Arma,KS,20037,
02600,Asherville,KS,20123,
02675,Ashland,KS,20025,
02850,Assaria,KS,20169,
02900,Atchison,KS,20005,
03025,Athol,KS,20183,
03050,Atlanta,KS,20035,
03100,Attica,KS,20077,
03150,Atwood,KS,20153,
03250,Auburn,KS,20177,
03300,Augusta,KS,20015,
03425,Aurora,KS,20029,
03600,Axtell,KS,20117,
03675,Baileyville,KS,20131,
03800,Bala,KS,20161,
03900,Baldwin City,KS,20045,
04225,Barnard,KS,20105,
04250,Barnes,KS,20201,
04350,Bartlett,KS,20099,
04400,Basehor,KS,20103,
04450,Bassett,KS,20001,
04575,Bavaria,KS,20169,
04625,Baxter Springs,KS,20021,
04775,Bazine,KS,20135,
04900,Beattie,KS,20117,
04925,Beaumont,KS,20015,
04950,Beaver,KS,20009,
05337,Bel Aire,KS,20173,
05500,Belle Plaine,KS,20191,
05600,Belleville,KS,20157,
05775,Beloit,KS,20123,
05825,Belpre,KS,20047,
05925,Belvue,KS,20149,
05975,Bendena,KS,20043,
06000,Benedict,KS,20205,
06075,Bennington,KS,20143,
06125,Bentley,KS,20173,
06175,Benton,KS,20015,
06275,Bern,KS,20131,
06500,Beverly,KS,20105,
06575,Big Bow,KS,20187,
06825,Bird City,KS,20023,
06950,Bison,KS,20165,
07600,Blue Mound,KS,20107,
07650,Blue Rapids,KS,20117,
07775,Bluff City,KS,20077,
07825,Bogue,KS,20065,
07975,Bonner Springs,KS,20091 20103 20209,
08300,Bremen,KS,20117,
08425,Brewster,KS,20193,
08450,Bridgeport,KS,20169,
08475,Bronson,KS,20011,
08575,Brookville,KS,20169,
08675,Brownell,KS,20135,
09000,Bucklin,KS,20057,
09050,Bucyrus,KS,20121,
09150,Buffalo,KS,20205,
09200,Buhler,KS,20155,
09225,Bunker Hill,KS,20167,
09250,Burden,KS,20035,
09275,Burdett,KS,20145,
09300,Burdick,KS,20127,
09350,Burlingame,KS,20139,
09400,Burlington,KS,20031,
09450,Burns,KS,20115,
09525,Burr Oak,KS,20089,
09575,Burrton,KS,20079,
09675,Bushong,KS,20111,
09700,Bushton,KS,20159,
09800,Byers,KS,20151,
09900,Caldwell,KS,20191,
10125,Cambridge,KS,20035,
10375,Caney,KS,20125,
10475,Canton,KS,20113,
10600,Carbondale,KS,20139,
10675,Carlton,KS,20041,
10925,Cassoday,KS,20015,
11025,Catharine,KS,20051,
11175,Cawker City,KS,20123,
11325,Cedar,KS,20183,
11425,Cedar Point,KS,20017,
11450,Cedar Vale,KS,20019,
12325,Centerville,KS,20107,
12425,Centralia,KS,20131,
12450,Centropolis,KS,20059,
12500,Chanute,KS,20133,
12550,Chapman,KS,20041,
12650,Chase,KS,20159,
12675,Chautauqua,KS,20019,
12775,Cheney,KS,20173,
12825,Cherokee,KS,20037,
12925,Cherryvale,KS,20125,
12950,Chetopa,KS,20099,
13100,Chicopee,KS,20037,
13275,Cimarron,KS,20069,
13375,Circleville,KS,20085,
13425,Claflin,KS,20009,
13625,Clay Center,KS,20027,
13675,Clayton,KS,20039 20137,
13925,Clearwater,KS,20173,
14200,Clifton,KS,20027 20201,
14275,Climax,KS,20073,
14475,Clyde,KS,20029,
14525,Coats,KS,20151,
14575,Codell,KS,20163,
14600,Coffeyville,KS,20125,
14650,Colby,KS,20193,
14700,Coldwater,KS,20033,
14900,Collyer,KS,20195,
14950,Colony,KS,20003,
15075,Columbus,KS,20021,
15100,Colwich,KS,20173,
15200,Concordia,KS,20029,
15325,Conway Springs,KS,20191,
15400,Coolidge,KS,20075,
15475,Copeland,KS,20069,
15725,Corning,KS,20131,
15900,Cottonwood Falls,KS,20017,
15925,Council Grove,KS,20127,
16025,Courtland,KS,20157,
16150,Coyville,KS,20205,
16325,Crestline,KS,20021,
16475,Croweburg,KS,20037,
16625,Cuba,KS,20157,
16675,Cullison,KS,20151,
16700,Culver,KS,20143,
16775,Cunningham,KS,20095,
16975,Damar,KS,20163,
17000,Danville,KS,20077,
17150,Dearing,KS,20125,
17225,Deerfield,KS,20093,
17525,Delia,KS,20085,
17600,Delphos,KS,20143,
17625,Denison,KS,20085,
17675,Dennis,KS,20099,
17750,Denton,KS,20043,
17800,Derby,KS,20173,
17850,De Soto,KS,20091 20103,
17875,Detroit,KS,20041,
17900,Devon,KS,20011,
17925,Dexter,KS,20035,
18050,Dighton,KS,20101,
18250,Dodge City,KS,20057,
18325,Dorrance,KS,20167,
18400,Douglass,KS,20015,
18500,Downs,KS,20141,
18600,Dresden,KS,20039,
18950,Dunlap,KS,20127,
19050,Durham,KS,20115,
19125,Dwight,KS,20127,
19275,Earlton,KS,20133,
19300,Eastborough,KS,20173,
19600,Easton,KS,20103,
19700,Eastshore,KS,20115,
19825,Edgerton,KS,20091,
19875,Edmond,KS,20137,
19900,Edna,KS,20099,
19925,Edson,KS,20181,
20000,Edwardsville,KS,20209,
20025,Effingham,KS,20005,
20050,Elbing,KS,20015,
20075,El Dorado,KS,20015,
20125,Elgin,KS,20019,
20250,Elk City,KS,20125,
20300,Elk Falls,KS,20049,
20350,Elkhart,KS,20129,
20425,Ellinwood,KS,20009,
20450,Ellis,KS,20051,
20500,Ellsworth,KS,20053,
20675,Elmdale,KS,20017,
20875,Elsmore,KS,20001,
20950,Elwood,KS,20043,
20975,Elyria,KS,20113,
21100,Emmett,KS,20149,
21275,Emporia,KS,20111,
21350,Englewood,KS,20025,
21400,Ensign,KS,20069,
21425,Enterprise,KS,20041,
21500,Erie,KS,20133,
21600,Esbon,KS,20089,
21650,Eskridge,KS,20197,
21675,Eudora,KS,20045,
21800,Eureka,KS,20073,
22025,Everest,KS,20013,
22425,Fairview,KS,20013,
22700,Fairway,KS,20091,
22775,Fall River,KS,20073,
22900,Falun,KS,20169,
23050,Farlington,KS,20037,
23600,Florence,KS,20115,
23650,Fontana,KS,20121,
23725,Ford,KS,20057,
23825,Formoso,KS,20089,
23890,Fort Dodge,KS,20057,
23975,Fort Riley,KS,20061 20161,
24000,Fort Scott,KS,20011,
24175,Fowler,KS,20119,
24275,Frankfort,KS,20117,
24325,Franklin,KS,20037,
24550,Frederick,KS,20159,
24575,Fredonia,KS,20205,
24850,Frontenac,KS,20037,
24925,Fulton,KS,20011,
24975,Furley,KS,20173,
25050,Galatia,KS,20009,
25100,Galena,KS,20021,
25150,Galesburg,KS,20133,
25200,Galva,KS,20113,
25325,Garden City,KS,20055,
25375,Garden Plain,KS,20173,
25425,Gardner,KS,20091,
25750,Garfield,KS,20145,
25900,Garland,KS,20011,
25925,Garnett,KS,20003,
25975,Gas,KS,20001,
26000,Gaylord,KS,20183,
26050,Gem,KS,20193,
26075,Geneseo,KS,20159,
26200,Geuda Springs,KS,20035 20191,
26300,Girard,KS,20037,
26325,Glade,KS,20147,
26375,Glasco,KS,20029,
26500,Glen Elder,KS,20123,
26725,Goddard,KS,20173,
26750,Goessel,KS,20115,
26775,Goff,KS,20131,
26875,Goodland,KS,20181,
27000,Gorham,KS,20167,
27125,Gove City,KS,20063,
27200,Grainfield,KS,20063,
27425,Grandview Plaza,KS,20061,
28200,Grantville,KS,20087,
28300,Great Bend,KS,20009,
28350,Greeley,KS,20003,
28412,Greeley County unified government,KS,20071,
28425,Green,KS,20027,
28625,Greenleaf,KS,20201,
28675,Greensburg,KS,20097,
28700,Greenwich,KS,20173,
28800,Grenola,KS,20049,
28850,Gridley,KS,20031,
28900,Grinnell,KS,20063,
29250,Gypsum,KS,20169,
29400,Haddam,KS,20201,
29550,Hallowell,KS,20021,
29600,Halstead,KS,20079,
29675,Hamilton,KS,20073,
29700,Hamlin,KS,20013,
29875,Hanover,KS,20201,
29925,Hanston,KS,20083,
30000,Hardtner,KS,20007,
30175,Harper,KS,20077,
30250,Harris,KS,20003,
30475,Hartford,KS,20111,
30575,Harveyville,KS,20197,
30700,Havana,KS,20125,
30725,Haven,KS,20155,
30775,Havensville,KS,20149,
30825,Haviland,KS,20097,
31100,Hays,KS,20051,
31125,Haysville,KS,20173,
31150,Hazelton,KS,20007,
31200,Healy,KS,20101,
31375,Hepler,KS,20037,
31400,Herington,KS,20041 20127,
31425,Herkimer,KS,20117,
31475,Herndon,KS,20153,
31600,Hesston,KS,20079,
31675,Hiawatha,KS,20013,
31850,Highland,KS,20043,
32175,Hill City,KS,20065,
32275,Hillsboro,KS,20115,
32300,Hillsdale,KS,20121,
32550,Hoisington,KS,20009,
32575,Holcomb,KS,20055,
32650,Hollenberg,KS,20201,
32825,Holton,KS,20085,
32850,Holyrood,KS,20053,
32875,Home,KS,20117,
33075,Hope,KS,20041,
33150,Horace,KS,20071,
33200,Horton,KS,20013,
33250,Howard,KS,20049,
33350,Hoxie,KS,20179,
33375,Hoyt,KS,20085,
33400,Hudson,KS,20185,
33425,Hugoton,KS,20189,
33450,Humboldt,KS,20001,
33500,Hunnewell,KS,20191,
33525,Hunter,KS,20123,
33575,Huron,KS,20005,
33625,Hutchinson,KS,20155,
33700,Idana,KS,20027,
33875,Independence,KS,20125,
34225,Ingalls,KS,20069,
34275,Inman,KS,20113,
34300,Iola,KS,20001,
34350,Ionia,KS,20089,
34550,Isabel,KS,20007,
34625,Iuka,KS,20151,
34975,Jamestown,KS,20029,
35375,Jennings,KS,20039,
35450,Jetmore,KS,20083,
35475,Jewell,KS,20089,
35600,Johnson City,KS,20187,
35750,Junction City,KS,20061,
35950,Kanopolis,KS,20053,
35975,Kanorado,KS,20181,
36000,Kansas City,KS,20209,
36200,Keats,KS,20161,
36225,Kechi,KS,20173,
36375,Kelly,KS,20131,
36550,Kensington,KS,20183,
36735,Kickapoo Site 1,KS,20013,
36736,Kickapoo Site 2,KS,20013,
36739,Kickapoo Site 5,KS,20013,
36740,Kickapoo Site 6,KS,20013,
36741,Kickapoo Site 7,KS,20013,
36744,Kickapoo Tribal Center,KS,20013,
36875,Kincaid,KS,20003,
36950,Kingman,KS,20095,
37075,Kinsley,KS,20047,
37125,Kiowa,KS,20007,
37200,Kipp,KS,20169,
37275,Kirwin,KS,20147,
37325,Kismet,KS,20175,
37375,Labette,KS,20099,
37500,La Crosse,KS,20165,
37575,La Cygne,KS,20107,
37675,Lafontaine,KS,20205,
37725,La Harpe,KS,20001,
37875,Lake City,KS,20007,
37975,Lake Quivira,KS,20091 20209,
38175,Lakin,KS,20093,
38325,Lancaster,KS,20005,
38400,Lane,KS,20059,
38500,Langdon,KS,20155,
38650,Lansing,KS,20103,
38700,Larned,KS,20145,
38775,Latham,KS,20015,
38800,Latimer,KS,20127,
38900,Lawrence,KS,20045,
39000,Leavenworth,KS,20103,
39075,Leawood,KS,20091,
39100,Lebanon,KS,20183,
39125,Lebo,KS,20031,
39150,Lecompton,KS,20045,
39225,Lehigh,KS,20115,
39350,Lenexa,KS,20091,
39400,Lenora,KS,20137,
39450,Leon,KS,20015,
39475,Leona,KS,20043,
39500,Leonardville,KS,20161,
39550,Leoti,KS,20203,
39650,LeRoy,KS,20031,
39700,Levant,KS,20193,
39725,Lewis,KS,20047,
39825,Liberal,KS,20175,
40250,Liberty,KS,20125,
40400,Liebenthal,KS,20165,
41300,Lincoln Center,KS,20105,
41325,Lincolnville,KS,20115,
41375,Lindsborg,KS,20113,
41425,Linn,KS,20201,
41465,Linn Valley,KS,20107,
41475,Linwood,KS,20103,
41575,Little River,KS,20159,
42100,Logan,KS,20147,
42425,Lone Elm,KS,20003,
42575,Longford,KS,20027,
42600,Long Island,KS,20147,
42650,Longton,KS,20049,
42800,Lorraine,KS,20053,
42825,Lost Springs,KS,20115,
42875,Louisburg,KS,20121,
42925,Louisville,KS,20149,
43050,Lowell,KS,20021,
43150,Lucas,KS,20167,
43175,Ludell,KS,20153,
43250,Luray,KS,20167,
43350,Lyndon,KS,20139,
43525,Lyons,KS,20159,
43675,McConnell AFB,KS,20173,
43700,McCracken,KS,20165,
43725,McCune,KS,20037,
43750,McDonald,KS,20153,
43775,McFarland,KS,20197,
43850,Macksville,KS,20185,
43900,McLouth,KS,20087,
43950,McPherson,KS,20113,
44050,Madison,KS,20073,
44150,Mahaska,KS,20201,
44200,Maize,KS,20173,
44225,Manchester,KS,20041,
44250,Manhattan,KS,20149 20161,
44300,Mankato,KS,20089,
44375,Manter,KS,20187,
44500,Maple Hill,KS,20197,
44550,Mapleton,KS,20011,
44600,Marienthal,KS,20203,
44750,Marion,KS,20115,
44925,Marquette,KS,20113,
45050,Marysville,KS,20117,
45150,Matfield Green,KS,20017,
45250,Mayetta,KS,20085,
45275,Mayfield,KS,20191,
45325,Meade,KS,20119,
45500,Medicine Lodge,KS,20007,
45700,Melvern,KS,20139,
45750,Menlo,KS,20193,
45875,Mentor,KS,20169,
45950,Meriden,KS,20087,
46000,Merriam,KS,20091,
46450,Milan,KS,20191,
46500,Mildred,KS,20001,
46525,Milford,KS,20061,
46925,Milton,KS,20191,
46950,Miltonvale,KS,20029,
47075,Minneapolis,KS,20143,
47150,Minneola,KS,20025,
47225,Mission,KS,20091,
47350,Mission Hills,KS,20091,
47425,Mission Woods,KS,20091,
47600,Moline,KS,20049,
47875,Montezuma,KS,20069,
47975,Mont Ida,KS,20003,
48025,Monument,KS,20109,
48125,Moran,KS,20001,
48225,Morganville,KS,20027,
48275,Morland,KS,20065,
48300,Morrill,KS,20013,
48450,Morrowville,KS,20201,
48600,Moscow,KS,20189,
48750,Mound City,KS,20107,
48800,Moundridge,KS,20113,
48825,Mound Valley,KS,20099,
48900,Mount Hope,KS,20173,
49025,Mulberry,KS,20037,
49075,Mullinville,KS,20097,
49100,Mulvane,KS,20173 20191,
49150,Munden,KS,20157,
49200,Munjor,KS,20051,
49250,Murdock,KS,20095,
49325,Muscotah,KS,20005,
49350,Narka,KS,20157,
49400,Nashville,KS,20095,
49425,Natoma,KS,20141,
49525,Navarre,KS,20041,
49550,Neal,KS,20073,
49650,Neodesha,KS,20205,
49825,Neosho Falls,KS,20207,
49875,Neosho Rapids,KS,20111,
49925,Ness City,KS,20135,
49950,Netawaka,KS,20085,
50150,New Albany,KS,20205,
50250,Newbury,KS,20197,
50300,New Cambria,KS,20169,
50425,New Salem,KS,20035,
50450,New Strawn,KS,20031,
50475,Newton,KS,20079,
50525,Nickerson,KS,20155,
50550,Nicodemus,KS,20065,
50600,Niles,KS,20143,
50750,Niotaze,KS,20019,
50925,Norcatur,KS,20039,
51225,North Newton,KS,20079,
51500,Norton,KS,20137,
51525,Nortonville,KS,20087,
51550,Norway,KS,20157,
51600,Norwich,KS,20095,
51700,Oak Hill,KS,20027,
51810,Oaklawn-Sunview,KS,20173,
51825,Oakley,KS,20063 20109 20193,
52000,Oberlin,KS,20039,
52175,Odin,KS,20009,
52200,Offerle,KS,20047,
52225,Ogallah,KS,20195,
52275,Ogden,KS,20161,
52525,Oketo,KS,20117,
52575,Olathe,KS,20091,
52700,Olivet,KS,20139,
52750,Olmitz,KS,20009,
52800,Olpe,KS,20111,
52825,Olsburg,KS,20149,
52875,Onaga,KS,20149,
52900,Oneida,KS,20131,
52925,Opolis,KS,20037,
53200,Osage City,KS,20139,
53225,Osawatomie,KS,20121,
53325,Osborne,KS,20141,
53375,Oskaloosa,KS,20087,
53450,Oswego,KS,20021 20099,
53525,Otis,KS,20165,
53550,Ottawa,KS,20059,
53725,Overbrook,KS,20139,
53775,Overland Park,KS,20091,
53850,Oxford,KS,20191,
53925,Ozawkie,KS,20087,
54125,Palco,KS,20163,
54200,Palmer,KS,20201,
54250,Paola,KS,20121,
54325,Paradise,KS,20167,
54400,Park,KS,20063,
54450,Park City,KS,20173,
54500,Parker,KS,20107,
54560,Parkerfield,KS,20035,
54575,Parkerville,KS,20127,
54675,Parsons,KS,20099,
54700,Partridge,KS,20155,
54875,Pawnee Rock,KS,20009,
54950,Paxico,KS,20197,
55100,Peabody,KS,20115,
55175,Peck,KS,20173 20191,
55225,Penalosa,KS,20095,
55450,Perry,KS,20087,
55525,Peru,KS,20019,
55675,Phillipsburg,KS,20147,
55750,Piedmont,KS,20073,
55775,Pierceville,KS,20055,
55875,Pilsen,KS,20115,
56000,Piqua,KS,20207,
56025,Pittsburg,KS,20037,
56100,Plains,KS,20119,
56150,Plainville,KS,20163,
56450,Pleasanton,KS,20107,
56725,Plevna,KS,20155,
57000,Pomona,KS,20059,
57100,Portis,KS,20141,
57300,Potwin,KS,20015,
57350,Powhattan,KS,20013,
57525,Prairie View,KS,20147,
57575,Prairie Village,KS,20091,
57625,Pratt,KS,20151,
57650,Prescott,KS,20107,
57675,Preston,KS,20151,
57700,Pretty Prairie,KS,20155,
57725,Princeton,KS,20059,
57850,Protection,KS,20033,
58100,Quenemo,KS,20139,
58250,Quinter,KS,20063,
58300,Radium,KS,20185,
58325,Radley,KS,20037,
58375,Ramona,KS,20115,
58450,Randall,KS,20089,
58475,Randolph,KS,20161,
58500,Ransom,KS,20135,
58525,Rantoul,KS,20059,
58550,Raymond,KS,20159,
58600,Reading,KS,20111,
58725,Redfield,KS,20011,
59000,Republic,KS,20157,
59050,Reserve,KS,20013,
59125,Rexford,KS,20193,
59200,Richfield,KS,20129,
59675,Richmond,KS,20059,
59875,Riley,KS,20161,
59975,Ringo,KS,20037,
60200,Riverton,KS,20021,
60325,Robinson,KS,20013,
60400,Rock,KS,20035,
60825,Roeland Park,KS,20091,
60900,Rolla,KS,20129,
61100,Rosalia,KS,20015,
61250,Rose Hill,KS,20015,
61275,Roseland,KS,20021,
61400,Rossville,KS,20177,
61550,Roxbury,KS,20113,
61600,Rozel,KS,20145,
61775,Rush Center,KS,20165,
61825,Russell,KS,20167,
61875,Russell Springs,KS,20109,
62025,Sabetha,KS,20013 20131,
62075,St. Benedict,KS,20131,
62175,St. Francis,KS,20023,
62200,St. George,KS,20149,
62275,St. John,KS,20185,
62375,St. Marks,KS,20173,
62400,St. Marys,KS,20149 20197,
62500,St. Paul,KS,20133,
62700,Salina,KS,20169,
63150,Satanta,KS,20081,
63200,Savonburg,KS,20001,
63275,Sawyer,KS,20151,
63325,Scammon,KS,20021,
63350,Scandia,KS,20157,
63425,Schoenchen,KS,20051,
63600,Scott City,KS,20171,
63650,Scottsville,KS,20123,
63675,Scranton,KS,20139,
63750,Sedan,KS,20019,
63800,Sedgwick,KS,20079 20173,
63875,Selden,KS,20179,
63950,Seneca,KS,20131,
64025,Severance,KS,20043,
64050,Severy,KS,20073,
64100,Seward,KS,20185,
64200,Shallow Water,KS,20171,
64325,Sharon,KS,20007,
64375,Sharon Springs,KS,20199,
64500,Shawnee,KS,20091,
65550,Silverdale,KS,20035,
65600,Silver Lake,KS,20177,
65650,Simpson,KS,20029 20123,
65925,Smith Center,KS,20183,
66100,Smolan,KS,20169,
66175,Soldier,KS,20085,
66275,Solomon,KS,20041 20169,
66475,Somerset,KS,20121,
66650,South Haven,KS,20191,
66750,South Hutchinson,KS,20155,
66800,South Mound,KS,20133,
67125,Spearville,KS,20057,
67175,Speed,KS,20147,
67250,Spivey,KS,20095,
67625,Spring Hill,KS,20091 20121,
67775,Stafford,KS,20185,
68025,Stark,KS,20133,
68200,Sterling,KS,20159,
68350,Stockton,KS,20163,
68650,Strong City,KS,20017,
68750,Stuttgart,KS,20147,
68775,Sublette,KS,20081,
68950,Summerfield,KS,20117,
69275,Sun City,KS,20007,
69525,Susank,KS,20009,
69725,Sycamore,KS,20125,
69775,Sylvan Grove,KS,20105,
69800,Sylvia,KS,20155,
69850,Syracuse,KS,20075,
69925,Talmage,KS,20041,
70000,Tampa,KS,20115,
70075,Tecumseh,KS,20177,
70250,Tescott,KS,20143,
70300,Thayer,KS,20133,
70357,The Highlands,KS,20155,
70625,Timken,KS,20165,
70675,Tipton,KS,20123,
70800,Tonganoxie,KS,20103,
71000,Topeka,KS,20177,
71050,Toronto,KS,20207,
71125,Towanda,KS,20015,
71450,Tribune,KS,20071,
71575,Troy,KS,20043,
71800,Turon,KS,20155,
71925,Tyro,KS,20125,
71950,Udall,KS,20035,
71975,Ulysses,KS,20067,
72525,Uniontown,KS,20011,
72600,Urbana,KS,20133,
72650,Utica,KS,20135,
73250,Valley Center,KS,20173,
73300,Valley Falls,KS,20087,
73450,Vassar,KS,20139,
73525,Vermillion,KS,20117,
73775,Victoria,KS,20051,
73950,Vining,KS,20027 20201,
74025,Viola,KS,20173,
74075,Virgil,KS,20073,
74225,Wabaunsee,KS,20197,
74425,Wakarusa,KS,20177,
74450,WaKeeney,KS,20195,
74525,Wakefield,KS,20027,
74575,Waldo,KS,20167,
74625,Waldron,KS,20077,
74750,Wallace,KS,20199,
74950,Walnut,KS,20037,
75200,Walton,KS,20079,
75325,Wamego,KS,20149 20197,
75825,Washington,KS,20201,
75950,Waterville,KS,20117,
76000,Wathena,KS,20043,
76050,Waverly,KS,20031,
76175,Wayside,KS,20125,
76250,Webber,KS,20089,
76350,Weir,KS,20021,
76425,Welda,KS,20003,
76475,Wellington,KS,20191,
76550,Wells,KS,20143,
76625,Wellsville,KS,20059,
76675,Weskan,KS,20199,
77150,West Mineral,KS,20021,
77200,Westmoreland,KS,20149,
77250,Westphalia,KS,20003,
77500,Westwood,KS,20091,
77525,Westwood Hills,KS,20091,
77550,Wetmore,KS,20131,
77700,Wheaton,KS,20149,
77825,White City,KS,20127,
77850,White Cloud,KS,20043,
78050,Whitewater,KS,20015,
78100,Whiting,KS,20085,
79000,Wichita,KS,20173,
79250,Willard,KS,20177 20197,
79300,Williamsburg,KS,20059,
79375,Williamstown,KS,20087,
79400,Willis,KS,20013,
79425,Willowbrook,KS,20155,
79550,Wilmore,KS,20033,
79625,Wilroads Gardens,KS,20057,
79650,Wilsey,KS,20127,
79675,Wilson,KS,20053,
79800,Winchester,KS,20087,
79850,Windom,KS,20113,
79950,Winfield,KS,20035,
80075,Winona,KS,20109,
80350,Woodbine,KS,20041,
80400,Woodruff,KS,20147,
80450,Woodston,KS,20163,
80500,Wright,KS,20057,
80650,Yale,KS,20037,
80700,Yates Center,KS,20207,
80750,Yoder,KS,20155,
80875,Zeandale,KS,20161,
80925,Zenda,KS,20095,
81025,Zurich,KS,20163,
00298,Adairville,KY,21141,
00514,Ages,KY,21095,
00694,Albany,KY,21053,
00802,Alexandria,KY,21037,
00946,Allen,KY,21071,
01000,Allensville,KY,21219,
01504,Anchorage,KY,21111,
01648,Annville,KY,21109,
01720,Anthoston,KY,21101,
01972,Arjay,KY,21013,
02044,Arlington,KY,21039,
02188,Artemus,KY,21121,
02368,Ashland,KY,21019,
02638,Auburn,KY,21141,
02656,Audubon Park,KY,21111,
02674,Augusta,KY,21023,
02764,Auxier,KY,21071,
03376,Bancroft,KY,21111,
03412,Bandana,KY,21007,
03556,Barbourmeade,KY,21111,
03574,Barbourville,KY,21121,
03628,Bardstown,KY,21179,
03664,Bardwell,KY,21039,
03718,Barlow,KY,21007,
04546,Beattyville,KY,21129,
04654,Beaver Dam,KY,21183,
04816,Bedford,KY,21223,
04978,Beech Grove,KY,21149,
05014,Beechmont,KY,21177,
05068,Beechwood Village,KY,21111,
05266,Belfry,KY,21195,
05374,Bellefonte,KY,21089,
05392,Bellemeade,KY,21111,
05428,Belleview,KY,21015,
05446,Bellevue,KY,21037,
05464,Bellewood,KY,21111,
05662,Benham,KY,21095,
05824,Benton,KY,21157,
05842,Berea,KY,21151,
05968,Berry,KY,21097,
06220,Betsy Layne,KY,21071,
06508,Big Clifty,KY,21085,
07012,Blackey,KY,21133,
07264,Blaine,KY,21127,
07390,Blandville,KY,21007,
07516,Bloomfield,KY,21179,
07858,Blue Ridge Manor,KY,21111,
08488,Bonnieville,KY,21099,
08614,Booneville,KY,21189,
08722,Boston,KY,21179,
08902,Bowling Green,KY,21227,
09100,Bradfordsville,KY,21155,
09226,Brandenburg,KY,21163,
09379,Breckinridge Center,KY,21225,
09406,Bremen,KY,21177,
09532,Briarwood,KY,21111,
09838,Brodhead,KY,21203,
09847,Broeck Pointe,KY,21111,
09856,Bromley,KY,21117,
09964,Brooks,KY,21029,
10000,Brooksville,KY,21023,
10162,Brownsboro Farm,KY,21111,
10198,Brownsboro Village,KY,21111,
10324,Brownsville,KY,21061,
10612,Buckhorn,KY,21193,
10648,Buckner,KY,21185,
10774,Buffalo,KY,21123,
11044,Burgin,KY,21167,
11098,Burkesville,KY,21057,
11170,Burlington,KY,21015,
11188,Burna,KY,21139,
11278,Burnside,KY,21199,
11530,Butler,KY,21191,
11692,Cadiz,KY,21221,
11854,Calhoun,KY,21149,
11872,California,KY,21037,
12016,Calvert City,KY,21157,
12052,Camargo,KY,21173,
12066,Cambridge,KY,21111,
12142,Campbellsburg,KY,21103,
12160,Campbellsville,KY,21217,
12358,Campton,KY,21237,
12538,Caneyville,KY,21085,
12610,Cannonsburg,KY,21019,
12898,Carlisle,KY,21181,
13024,Carrollton,KY,21041,
13060,Carrsville,KY,21139,
13420,Catlettsburg,KY,21019,
13492,Cave City,KY,21009,
13582,Cawood,KY,21095,
13600,Cayce,KY,21075,
13636,Cecilia,KY,21093,
13870,Centertown,KY,21183,
13978,Central City,KY,21177,
14068,Cerulean,KY,21221,
14266,Chaplin,KY,21179,
15148,Clarkson,KY,21085,
15166,Claryville,KY,21037,
15202,Clay,KY,21233,
15238,Clay City,KY,21197,
15490,Cleaton,KY,21177,
15742,Clinton,KY,21105,
15904,Cloverport,KY,21027,
16110,Coal Run Village,KY,21195,
16354,Coldiron,KY,21095,
16372,Cold Spring,KY,21037,
16395,Coldstream,KY,21111,
16750,Columbia,KY,21001,
16768,Columbus,KY,21105,
16822,Combs,KY,21193,
16894,Concord,KY,21135,
17362,Corbin,KY,21121 21125 21235,
17434,Corinth,KY,21081 21209,
17686,Corydon,KY,21101,
17848,Covington,KY,21117,
17938,Coxton,KY,21095,
17956,Crab Orchard,KY,21137,
18190,Crayne,KY,21055,
18270,Creekside,KY,21111,
18352,Crescent Springs,KY,21117,
18424,Crestview,KY,21037,
18442,Crestview Hills,KY,21117,
18496,Crestwood,KY,21185,
18568,Crittenden,KY,21081 21117,
18658,Crofton,KY,21047,
18766,Crossgate,KY,21111,
19108,Cumberland,KY,21095,
19234,Cunningham,KY,21039,
19288,Curdsville,KY,21059,
19432,Cynthiana,KY,21097,
19882,Danville,KY,21021,
20224,Dawson Springs,KY,21033 21107,
20350,Dayton,KY,21037,
21322,Dexter,KY,21035,
21358,Diablock,KY,21193,
21682,Dixon,KY,21233,
21844,Doe Valley,KY,21163,
22204,Douglass Hills,KY,21111,
22222,Dover,KY,21161,
22348,Drakesboro,KY,21177,
22474,Druid Hills,KY,21111,
22582,Dry Ridge,KY,21081,
23014,Dunmor,KY,21141 21177,
23104,Dwale,KY,21071,
23230,Earlington,KY,21107,
23284,East Bernstadt,KY,21125,
23824,Eddyville,KY,21143,
23932,Edgewood,KY,21117,
23968,Edmonton,KY,21169,
24094,Ekron,KY,21163,
24274,Elizabethtown,KY,21093,
24292,Elizaville,KY,21069,
24328,Elk Creek,KY,21215,
24382,Elkhorn City,KY,21195,
24400,Elkton,KY,21219,
24778,Elsmere,KY,21117,
24904,Eminence,KY,21103,
24922,Emlyn,KY,21235,
25300,Erlanger,KY,21015 21117,
25552,Eubank,KY,21137 21199,
25606,Evarts,KY,21095,
25786,Ewing,KY,21069,
25876,Ezel,KY,21175,
26020,Fairfield,KY,21179,
26182,Fairview,KY,21047 21219,
26236,Fairview,KY,21117,
26434,Falmouth,KY,21191,
26452,Fancy Farm,KY,21083,
26528,Farley,KY,21145,
26560,Farmers,KY,21205,
26614,Farmington,KY,21083,
27010,Ferguson,KY,21199,
27262,Fincastle,KY,21111,
27730,Flat Lick,KY,21121,
27802,Flatwoods,KY,21089,
27846,Fleming-Neon,KY,21133,
27856,Flemingsburg,KY,21069,
27982,Florence,KY,21015,
28270,Fordsville,KY,21183,
28342,Forest Hills,KY,21111,
28486,Fort Campbell North,KY,21047,
28540,Fort Knox,KY,21093 21163,
28558,Fort Mitchell,KY,21117,
28594,Fort Thomas,KY,21037,
28612,Fort Wright,KY,21117,
28666,Fountain Run,KY,21171,
28785,Fox Chase,KY,21029,
28882,Francisville,KY,21015,
28900,Frankfort,KY,21073,
28918,Franklin,KY,21213,
29080,Fredonia,KY,21033,
29134,Freeburn,KY,21195,
29260,Frenchburg,KY,21165,
29566,Fulton,KY,21075,
29872,Gamaliel,KY,21171,
30232,Garrison,KY,21135,
30700,Georgetown,KY,21209,
30718,Germantown,KY,21023 21161,
30808,Ghent,KY,21041,
30880,Gilbertsville,KY,21157,
31114,Glasgow,KY,21009,
31204,Glencoe,KY,21077,
31348,Glenview,KY,21111,
31402,Glenview Hills,KY,21111,
31420,Glenview Manor,KY,21111,
31870,Goose Creek,KY,21111,
31960,Goshen,KY,21185,
32032,Gracey,KY,21047,
32212,Grand Rivers,KY,21139,
32428,Gratz,KY,21187,
32523,Graymoor-Devondale,KY,21111,
32572,Grayson,KY,21043,
32968,Greensburg,KY,21087,
32986,Green Spring,KY,21111,
33004,Greenup,KY,21089,
33022,Greenville,KY,21177,
33562,Guthrie,KY,21219,
34390,Hanson,KY,21107,
34534,Hardin,KY,21157,
34552,Hardinsburg,KY,21027,
34660,Hardyville,KY,21099,
34732,Harlan,KY,21095,
34966,Harrodsburg,KY,21167,
35020,Hartford,KY,21183,
35200,Hawesville,KY,21091,
35362,Hazard,KY,21193,
35380,Hazel,KY,21035,
35398,Hazel Green,KY,21237,
35542,Hebron,KY,21015,
35545,Hebron Estates,KY,21029,
35866,Henderson,KY,21101,
35902,Hendron,KY,21145,
36102,Heritage Creek,KY,21111,
36298,Hickman,KY,21075,
36316,Hickory,KY,21083,
36374,Hickory Hill,KY,21111,
36460,High Bridge,KY,21113,
36604,Highland Heights,KY,21037,
36865,Hills and Dales,KY,21111,
36982,Hillview,KY,21029,
37108,Hindman,KY,21119,
37234,Hiseville,KY,21009,
37396,Hodgenville,KY,21123,
37576,Hollow Creek,KY,21111,
37630,Hollyvilla,KY,21111,
37918,Hopkinsville,KY,21047,
38008,Horse Cave,KY,21099,
38170,Houston Acres,KY,21111,
38670,Hunters Hollow,KY,21029,
38814,Hurstbourne,KY,21111,
38818,Hurstbourne Acres,KY,21111,
38836,Hustonville,KY,21137,
38908,Hyden,KY,21131,
39142,Independence,KY,21117,
39304,Indian Hills,KY,21111,
39430,Inez,KY,21159,
39592,Ironville,KY,21019,
39646,Irvine,KY,21065,
39664,Irvington,KY,21027,
39700,Island,KY,21149,
39952,Jackson,KY,21025,
40114,Jamestown,KY,21207,
40204,Jeff,KY,21193,
40222,Jeffersontown,KY,21111,
40240,Jeffersonville,KY,21173,
40312,Jenkins,KY,21133,
41338,Junction City,KY,21021 21137,
41716,Keene,KY,21113,
42094,Kenton Vale,KY,21117,
42112,Kenvir,KY,21095,
42292,Kevil,KY,21007 21145,
42598,Kingsley,KY,21111,
43030,Knottsville,KY,21059,
43264,Kuttawa,KY,21143,
43336,La Center,KY,21007,
43444,LaFayette,KY,21047,
43480,La Grange,KY,21185,
43606,Lakeside Park,KY,21117,
43668,Lakeview Heights,KY,21205,
43840,Lancaster,KY,21079,
43900,Langdon Place,KY,21111,
44146,Lawrenceburg,KY,21005,
44344,Lebanon,KY,21155,
44362,Lebanon Junction,KY,21029,
44434,Ledbetter,KY,21139,
44686,Leitchfield,KY,21085,
45064,Lewisburg,KY,21141,
45136,Lewisport,KY,21091,
46027,Lexington-Fayette,KY,21067,
46072,Liberty,KY,21045,
46540,Lincolnshire,KY,21111,
47062,Livermore,KY,21149,
47098,Livingston,KY,21203,
47476,London,KY,21125,
47710,Loretto,KY,21155,
47854,Louisa,KY,21127,
48000,Louisville,KY,21111,
48006,Louisville/Jefferson County metro government,KY,21111,
48072,Lovelaceville,KY,21007,
48234,Lowes,KY,21083,
48288,Loyall,KY,21095,
48378,Ludlow,KY,21117,
48540,Lynch,KY,21095,
48558,Lyndon,KY,21111,
48648,Lynnview,KY,21111,
48810,McCarr,KY,21195,
48954,McDowell,KY,21071,
49026,Maceo,KY,21059,
49098,McHenry,KY,21183,
49116,McKee,KY,21109,
49134,McKinney,KY,21137,
49206,Mackville,KY,21229,
49278,McRoberts,KY,21133,
49368,Madisonville,KY,21107,
49476,Magnolia,KY,21123,
49656,Manchester,KY,21051,
49746,Manitou,KY,21107,
49800,Manor Creek,KY,21111,
50034,Marion,KY,21055,
50124,Marrowbone,KY,21057,
50286,Martin,KY,21071,
50412,Maryhill Estates,KY,21111,
50520,Masonville,KY,21059,
50556,Massac,KY,21145,
50898,Mayfield,KY,21083,
50952,Mayking,KY,21133,
51006,Mays Lick,KY,21161,
51024,Maysville,KY,21161,
51042,Maytown,KY,21071,
51193,Meadowbrook Farm,KY,21111,
51258,Meadow Vale,KY,21111,
51294,Meadowview Estates,KY,21111,
51438,Melbourne,KY,21037,
51564,Mentor,KY,21037,
51924,Middlesborough,KY,21013,
51978,Middletown,KY,21111,
52140,Midway,KY,21239,
52302,Millersburg,KY,21017 21181,
52464,Millstone,KY,21133,
52590,Milton,KY,21223,
52842,Mockingbird Valley,KY,21111,
53076,Monterey,KY,21187,
53130,Monticello,KY,21231,
53328,Moorland,KY,21111,
53418,Morehead,KY,21205,
53472,Morganfield,KY,21225,
53490,Morgantown,KY,21031,
53616,Mortons Gap,KY,21107,
53670,Moseleyville,KY,21059,
53976,Mount Olivet,KY,21201,
54084,Mount Sterling,KY,21173,
54174,Mount Vernon,KY,21203,
54228,Mount Washington,KY,21029,
54480,Muldraugh,KY,21093 21163,
54570,Munfordville,KY,21099,
54642,Murray,KY,21035,
54660,Murray Hill,KY,21111,
55092,Nebo,KY,21107,
55596,New Castle,KY,21103,
55758,New Haven,KY,21179,
55794,New Hope,KY,21179,
55884,Newport,KY,21037,
56136,Nicholasville,KY,21113,
56550,Norbourne Estates,KY,21111,
56694,North Corbin,KY,21121 21125,
56730,Northfield,KY,21111,
56820,North Middletown,KY,21017,
56910,Nortonville,KY,21107,
56928,Norwood,KY,21111,
57030,Oakbrook,KY,21015,
57090,Oak Grove,KY,21047,
57144,Oakland,KY,21227,
57658,Old Brownsboro Place,KY,21111,
57918,Olive Hill,KY,21043,
58062,Oneida,KY,21051,
58116,Onton,KY,21233,
58200,Orchard Grass Hills,KY,21185,
58620,Owensboro,KY,21059,
58692,Owenton,KY,21187,
58710,Owingsville,KY,21011,
58836,Paducah,KY,21145,
58962,Paintsville,KY,21115,
59124,Panther,KY,21059,
59196,Paris,KY,21017,
59232,Park City,KY,21009,
59255,Park Hills,KY,21117,
59322,Parkway Village,KY,21111,
59466,Pathfork,KY,21095,
59592,Payne Gap,KY,21133,
59934,Pembroke,KY,21047,
60258,Perryville,KY,21021,
60312,Petersburg,KY,21015,
60492,Pewee Valley,KY,21185,
60600,Phelps,KY,21195,
60654,Philpot,KY,21059,
60852,Pikeville,KY,21195,
61122,Pine Knot,KY,21147,
61248,Pineville,KY,21013,
61356,Pioneer Village,KY,21029,
61374,Pippa Passes,KY,21119,
61536,Plano,KY,21227,
61554,Plantation,KY,21111,
61680,Pleasant Ridge,KY,21059 21183,
61734,Pleasant View,KY,21235,
61788,Pleasureville,KY,21103 21211,
61860,Plum Springs,KY,21227,
62202,Poole,KY,21101 21233,
62370,Poplar Hills,KY,21111,
62652,Powderly,KY,21177,
62940,Prestonsburg,KY,21071,
62958,Prestonville,KY,21041,
63138,Princeton,KY,21033,
63264,Prospect,KY,21111 21185,
63372,Providence,KY,21233,
63426,Pryorsburg,KY,21083,
63804,Rabbit Hash,KY,21015,
63858,Raceland,KY,21089,
63912,Radcliff,KY,21093,
64092,Ravenna,KY,21065,
64146,Raywick,KY,21155,
64632,Reidland,KY,21145,
65208,Richlawn,KY,21111,
65226,Richmond,KY,21151,
65388,Rineyville,KY,21093,
65559,River Bluff,KY,21185,
65766,Riverwood,KY,21111,
65874,Robards,KY,21101,
65982,Rochester,KY,21031,
66162,Rockholds,KY,21235,
66216,Rockport,KY,21183,
66486,Rolling Fields,KY,21111,
66504,Rolling Hills,KY,21111,
66846,Rosine,KY,21183,
67458,Russell,KY,21089,
67494,Russell Springs,KY,21207,
67512,Russellville,KY,21141,
67602,Ryland Heights,KY,21117,
67638,Sacramento,KY,21149,
67656,Sadieville,KY,21209,
67710,St. Charles,KY,21107,
67854,St. Joseph,KY,21059,
67890,St. Mary,KY,21155,
67944,St. Matthews,KY,21111,
67998,St. Regis Park,KY,21111,
68052,Salem,KY,21139,
68160,Salt Lick,KY,21011,
68214,Salvisa,KY,21167,
68232,Salyersville,KY,21153,
68358,Sanders,KY,21041,
68556,Sandy Hook,KY,21063,
68646,Sardis,KY,21161 21201,
68952,Science Hill,KY,21199,
69114,Scottsville,KY,21003,
69222,Sebree,KY,21233,
69258,Sedalia,KY,21083,
69384,Seneca Gardens,KY,21111,
69852,Sharpsburg,KY,21011,
70050,Shelbyville,KY,21211,
70086,Shepherdsville,KY,21029,
70284,Shively,KY,21111,
70644,Silver Grove,KY,21037,
70752,Simpsonville,KY,21211,
71130,Slaughters,KY,21233,
71364,Smithfield,KY,21103,
71382,Smithland,KY,21139,
71454,Smiths Grove,KY,21227,
71688,Somerset,KY,21199,
71724,Sonora,KY,21093,
71760,Sorgho,KY,21059,
71814,South Carrollton,KY,21177,
71976,Southgate,KY,21037,
72138,South Park View,KY,21111,
72210,South Shore,KY,21089,
72255,South Wallins,KY,21095,
72264,South Williamson,KY,21195,
72372,Sparta,KY,21077 21187,
72570,Spottsville,KY,21101,
72660,Springfield,KY,21229,
72770,Spring Mill,KY,21111,
72790,Spring Valley,KY,21111,
73038,Stamping Ground,KY,21209,
73110,Stanford,KY,21137,
73146,Stanley,KY,21059,
73164,Stanton,KY,21197,
73362,Stearns,KY,21147,
74064,Strathmoor Manor,KY,21111,
74082,Strathmoor Village,KY,21111,
74316,Sturgis,KY,21225,
74586,Summer Shade,KY,21169,
74604,Summersville,KY,21087,
75190,Sycamore,KY,21111,
75270,Symsonia,KY,21083,
75738,Taylor Mill,KY,21117,
75810,Taylorsville,KY,21215,
75963,Ten Broeck,KY,21111,
76380,Thornhill,KY,21111,
76620,Thruston,KY,21059,
77124,Tolu,KY,21055,
77160,Tompkinsville,KY,21171,
77592,Trenton,KY,21219,
78384,Union,KY,21015,
78492,Uniontown,KY,21225,
78672,Upton,KY,21093 21123,
78708,Utica,KY,21059,
79068,Vanceburg,KY,21135,
79194,Van Lear,KY,21115,
79464,Verona,KY,21015,
79482,Versailles,KY,21239,
79590,Vicco,KY,21119 21193,
79698,Villa Hills,KY,21117,
79734,Vine Grove,KY,21093,
79860,Virgie,KY,21195,
80310,Wallins Creek,KY,21095,
80490,Walton,KY,21015 21117,
80616,Warfield,KY,21159,
80706,Warsaw,KY,21077,
80832,Water Valley,KY,21083,
80913,Watterson Park,KY,21111,
80958,Waverly,KY,21225,
81012,Wayland,KY,21071,
81372,Wellington,KY,21111,
81624,West Buechel,KY,21111,
81858,West Liberty,KY,21175,
81876,West Louisville,KY,21059,
81930,West Point,KY,21093,
81948,Westport,KY,21185,
82056,West Van Lear,KY,21115,
82146,Westwood,KY,21019,
82164,Westwood,KY,21111,
82200,Wheatcroft,KY,21233,
82272,Wheelwright,KY,21071,
82722,White Plains,KY,21107,
82776,Whitesburg,KY,21133,
82830,Whitesville,KY,21059,
82938,Whitley City,KY,21147,
83064,Wickliffe,KY,21007,
83172,Wilder,KY,21037,
83208,Wildwood,KY,21111,
83334,Williamsburg,KY,21235,
83406,Williamstown,KY,21081 21191,
83424,Willisburg,KY,21229,
83550,Wilmore,KY,21113,
83676,Winchester,KY,21049,
83784,Windy Hills,KY,21111,
83856,Wingo,KY,21083,
84414,Woodburn,KY,21227,
84432,Woodbury,KY,21031,
84486,Woodland Hills,KY,21111,
84522,Woodlawn,KY,21037,
84576,Woodlawn Park,KY,21111,
84864,Worthington,KY,21089,
84891,Worthington Hills,KY,21111,
84900,Worthville,KY,21041,
85008,Wurtland,KY,21089,
85224,Yelvington,KY,21059,
00100,Abbeville,LA,22113,
00240,Abita Springs,LA,22103,
00415,Addis,LA,22121,
00835,Albany,LA,22063,
00975,Alexandria,LA,22079,
01780,Ama,LA,22089,
01815,Amelia,LA,22101,
01885,Amite City,LA,22105,
01920,Anacoco,LA,22115,
02165,Angie,LA,22117,
02550,Arabi,LA,22087,
02655,Arcadia,LA,22013,
03110,Arnaudville,LA,22097 22099,
03145,Ashland,LA,22069,
03320,Athens,LA,22027,
03390,Atlanta,LA,22127,
03810,Avondale,LA,22051,
03985,Baker,LA,22033,
04020,Baldwin,LA,22101,
04055,Ball,LA,22079,
04230,Banks Springs,LA,22021,
04300,Barataria,LA,22051,
04580,Basile,LA,22001 22039,
04615,Baskin,LA,22041,
04685,Bastrop,LA,22067,
05000,Baton Rouge,LA,22033,
05105,Bawcomville,LA,22073,
05175,Bayou Blue,LA,22057 22109,
05210,Bayou Cane,LA,22109,
05255,Bayou Corne,LA,22007,
05260,Bayou Country Club,LA,22057,
05315,Bayou Gauche,LA,22089,
05350,Bayou Goula,LA,22047,
05378,Bayou L'Ourse,LA,22007,
05525,Bayou Vista,LA,22101,
05945,Belcher,LA,22017,
06120,Belle Chasse,LA,22075,
06260,Belle Rose,LA,22007,
06750,Belmont,LA,22085,
06925,Benton,LA,22015,
07030,Bernice,LA,22111,
07100,Berwick,LA,22101,
07205,Bienville,LA,22013,
07730,Blanchard,LA,22017,
08150,Bogalusa,LA,22117,
08535,Bonita,LA,22067,
08710,Boothville,LA,22075,
08745,Bordelonville,LA,22009,
08920,Bossier City,LA,22015,
09095,Bourg,LA,22109,
09130,Boutte,LA,22089,
09165,Boyce,LA,22079,
09235,Branch,LA,22001,
09340,Breaux Bridge,LA,22099,
09480,Bridge City,LA,22051,
10075,Broussard,LA,22055 22099,
10145,Brownfields,LA,22033,
10225,Brownsville,LA,22073,
10600,Brusly,LA,22121,
10705,Bryceland,LA,22013,
10950,Bunkie,LA,22009,
10985,Buras,LA,22075,
11580,Cade,LA,22099,
11825,Calhoun,LA,22073,
11930,Calvin,LA,22127,
12000,Cameron,LA,22023,
12280,Campti,LA,22069,
12420,Cankton,LA,22097,
12665,Carencro,LA,22055,
12840,Carlyss,LA,22019,
13260,Castor,LA,22013,
13330,Catahoula,LA,22099,
13575,Cecilia,LA,22099,
13855,Center Point,LA,22009,
13925,Centerville,LA,22101,
13960,Central,LA,22033,
14100,Chackbay,LA,22057,
14135,Chalmette,LA,22087,
14310,Charenton,LA,22101,
14450,Chataignier,LA,22039,
14485,Chatham,LA,22049,
14520,Chauvin,LA,22109,
14660,Cheneyville,LA,22079,
15150,Choctaw,LA,22057,
15290,Choudrant,LA,22061,
15465,Church Point,LA,22001,
15605,Claiborne,LA,22073,
15745,Clarence,LA,22069,
15780,Clarks,LA,22021,
15850,Clayton,LA,22029,
15990,Clinton,LA,22037,
16375,Colfax,LA,22043,
16655,Collinston,LA,22067,
16830,Columbia,LA,22021,
17180,Convent,LA,22093,
17215,Converse,LA,22085,
17880,Cottonport,LA,22009,
17915,Cotton Valley,LA,22119,
18055,Coushatta,LA,22081,
18125,Covington,LA,22103,
18295,Creola,LA,22043,
18335,Crescent,LA,22047,
18650,Crowley,LA,22001,
18790,Cullen,LA,22119,
18930,Cut Off,LA,22057,
19490,Darrow,LA,22005,
20050,Delacroix,LA,22087,
20155,Delcambre,LA,22045 22113,
20190,Delhi,LA,22083,
20330,Delta,LA,22065,
20435,Denham Springs,LA,22063,
20575,DeQuincy,LA,22019,
20610,DeRidder,LA,22011 22115,
20680,Des Allemands,LA,22057 22089,
20820,Destrehan,LA,22089,
20890,Deville,LA,22079,
21135,Dixie Inn,LA,22119,
21170,Dodson,LA,22127,
21240,Donaldsonville,LA,22005,
21388,Dorseyville,LA,22047,
21450,Downsville,LA,22061 22111,
21590,Doyline,LA,22119,
21765,Dry Prong,LA,22043,
21800,Dubach,LA,22061,
21835,Dubberly,LA,22119,
21940,Dulac,LA,22109,
22255,Duson,LA,22001 22055,
22465,East Hodge,LA,22049,
22610,Eastwood,LA,22015,
22640,Echo,LA,22079,
22722,Eden Isle,LA,22103,
22815,Edgard,LA,22095,
22850,Edgefield,LA,22081,
23025,Egan,LA,22001,
23235,Elizabeth,LA,22003,
23567,Elmwood,LA,22051,
23620,Elton,LA,22053,
23725,Empire,LA,22075,
24145,Epps,LA,22123,
24180,Erath,LA,22113,
24215,Eros,LA,22049,
24250,Erwinville,LA,22121,
24390,Estelle,LA,22051,
24460,Estherwood,LA,22001,
24565,Eunice,LA,22001 22097,
24775,Evergreen,LA,22009,
25160,Farmerville,LA,22111,
25335,Fenton,LA,22053,
25440,Ferriday,LA,22029,
25545,Fifth Ward,LA,22009,
25615,Fisher,LA,22085,
25860,Florien,LA,22085,
26140,Folsom,LA,22103,
26280,Fordoche,LA,22077,
26350,Forest,LA,22123,
26420,Forest Hill,LA,22079,
26665,Fort Jesup,LA,22085,
26674,Fort Johnson North,LA,22115,
26676,Fort Johnson South,LA,22115,
27155,Franklin,LA,22101,
27190,Franklinton,LA,22117,
27435,French Settlement,LA,22063,
27540,Frierson,LA,22031,
28065,Galliano,LA,22057,
28275,Gardere,LA,22033,
28345,Garyville,LA,22095,
28660,Georgetown,LA,22043,
28835,Gibsland,LA,22013,
28940,Gilbert,LA,22041,
29010,Gilliam,LA,22017,
29045,Gillis,LA,22019,
29150,Glencoe,LA,22101,
29220,Glenmora,LA,22079,
29395,Gloster,LA,22031,
29640,Golden Meadow,LA,22057,
29745,Goldonna,LA,22069,
29850,Gonzales,LA,22005,
29990,Good Pine,LA,22059,
30515,Grambling,LA,22061,
30550,Gramercy,LA,22093,
30690,Grand Cane,LA,22031,
30760,Grand Coteau,LA,22097,
30830,Grand Isle,LA,22051,
30900,Grand Point,LA,22093,
31180,Gray,LA,22109,
31250,Grayson,LA,22021,
31565,Greensburg,LA,22091,
31705,Greenwood,LA,22017,
31915,Gretna,LA,22051,
32020,Grosse Tete,LA,22047,
32055,Gueydan,LA,22113,
32405,Hackberry,LA,22023,
32510,Hahnville,LA,22089,
32650,Hall Summit,LA,22081,
32755,Hammond,LA,22105,
32930,Harahan,LA,22051,
33210,Harrisonburg,LA,22025,
33245,Harvey,LA,22051,
33420,Haughton,LA,22015,
33490,Hayes,LA,22019,
33525,Haynesville,LA,22027,
33735,Heflin,LA,22119,
33875,Henderson,LA,22099,
34015,Hessmer,LA,22009,
34085,Hester,LA,22093,
35100,Hodge,LA,22049,
35870,Homer,LA,22027,
36045,Hornbeck,LA,22115,
36150,Hosston,LA,22017,
36255,Houma,LA,22109,
36885,Ida,LA,22017,
37025,Independence,LA,22105,
37410,Iota,LA,22001,
37445,Iowa,LA,22019,
37830,Jackson,LA,22037,
37935,Jamestown,LA,22013,
38075,Jeanerette,LA,22045,
38092,Jean Lafitte,LA,22051,
38145,Jefferson,LA,22051,
38285,Jena,LA,22059,
38355,Jennings,LA,22053,
38670,Jonesboro,LA,22049,
38775,Jonesville,LA,22025,
38845,Jordan Hill,LA,22127,
38880,Joyce,LA,22127,
38985,Junction City,LA,22027 22111,
39055,Kaplan,LA,22113,
39085,Keachi,LA,22031,
39475,Kenner,LA,22051,
39545,Kentwood,LA,22105,
39650,Kilbourne,LA,22123,
39685,Killian,LA,22063,
39720,Killona,LA,22089,
39755,Kinder,LA,22003,
40210,Kraemer,LA,22057,
40280,Krotz Springs,LA,22097,
40420,Labadieville,LA,22007,
40595,Lacassine,LA,22053,
40665,Lacombe,LA,22103,
40735,Lafayette,LA,22055,
40840,Lafitte,LA,22051,
40878,Lafourche Crossing,LA,22057,
41050,Lake Arthur,LA,22053,
41155,Lake Charles,LA,22019,
41400,Lake Providence,LA,22035,
41470,Lakeshore,LA,22073,
41645,Lakeview,LA,22017,
42030,Laplace,LA,22095,
42135,Larose,LA,22057,
42520,Lawtell,LA,22097,
42695,Lebeau,LA,22097,
42800,Lecompte,LA,22079,
43010,Leesville,LA,22115,
43255,Lemannville,LA,22005 22093,
43395,Leonville,LA,22097,
43640,Lewisburg,LA,22103,
43920,Lillie,LA,22111,
44235,Lisbon,LA,22027,
44655,Livingston,LA,22063,
44690,Livonia,LA,22077,
44900,Lockport,LA,22057,
44970,Lockport Heights,LA,22057,
45040,Logansport,LA,22031,
45460,Longstreet,LA,22031,
45530,Longville,LA,22011,
45670,Loreauville,LA,22045,
46370,Lucky,LA,22013,
46615,Luling,LA,22089,
46720,Lutcher,LA,22093,
46755,Lydia,LA,22045,
47315,McNary,LA,22079,
47560,Madisonville,LA,22103,
48085,Mamou,LA,22039,
48225,Mandeville,LA,22103,
48260,Mangham,LA,22083,
48365,Mansfield,LA,22031,
48400,Mansura,LA,22009,
48470,Many,LA,22085,
48610,Maringouin,LA,22047,
48645,Marion,LA,22111,
48750,Marksville,LA,22009,
48785,Marrero,LA,22051,
48890,Marthaville,LA,22069,
48925,Martin,LA,22081,
49170,Mathews,LA,22057,
49240,Maurice,LA,22113,
49730,Melville,LA,22097,
49800,Meraux,LA,22087,
49870,Mermentau,LA,22001,
49905,Mer Rouge,LA,22067,
49940,Merrydale,LA,22033,
50010,Merryville,LA,22011,
50115,Metairie,LA,22051,
50325,Midland,LA,22001,
50395,Midway,LA,22059,
50815,Milton,LA,22055,
50885,Minden,LA,22119,
50990,Minorca,LA,22029,
51410,Monroe,LA,22073,
51550,Montegut,LA,22109,
51585,Monterey,LA,22029,
51620,Montgomery,LA,22043,
51645,Monticello,LA,22033,
51690,Montpelier,LA,22091,
51795,Montz,LA,22089,
51800,Moonshine,LA,22093,
51830,Mooringsport,LA,22017,
51970,Moreauville,LA,22009,
52040,Morgan City,LA,22099 22101,
52075,Morganza,LA,22077,
52250,Morrow,LA,22097,
52320,Morse,LA,22001,
52425,Moss Bluff,LA,22019,
52565,Mound,LA,22065,
52740,Mount Lebanon,LA,22013,
53370,Napoleonville,LA,22007,
53475,Natalbany,LA,22105,
53510,Natchez,LA,22069,
53545,Natchitoches,LA,22069,
53930,Newellton,LA,22107,
54035,New Iberia,LA,22045,
54175,New Llano,LA,22115,
55000,New Orleans,LA,22071,
55074,New Orleans Station,LA,22075,
55105,New Roads,LA,22077,
55140,New Sarpy,LA,22089,
55420,Noble,LA,22085,
55525,Norco,LA,22089,
55910,North Hodge,LA,22049,
56170,North Vacherie,LA,22093,
56295,Norwood,LA,22037,
56540,Oakdale,LA,22003,
56820,Oak Grove,LA,22123,
57205,Oak Ridge,LA,22067,
57450,Oberlin,LA,22003,
57590,Oil City,LA,22017,
57905,Olla,LA,22059,
58045,Opelousas,LA,22097,
58150,Oretta,LA,22011,
58360,Ossun,LA,22055,
58745,Paincourtville,LA,22007,
58780,Palmetto,LA,22097,
58920,Paradis,LA,22089,
59165,Parks,LA,22099,
59340,Patterson,LA,22101,
59375,Paulina,LA,22093,
59445,Pearl River,LA,22103,
59795,Perry,LA,22113,
60075,Pierre Part,LA,22007,
60495,Pine Prairie,LA,22039,
60530,Pineville,LA,22079,
60565,Pioneer,LA,22123,
60600,Pitkin,LA,22115,
60670,Plain Dealing,LA,22015,
60880,Plaquemine,LA,22047,
60985,Plaucheville,LA,22009,
61055,Pleasant Hill,LA,22085,
61160,Pleasure Bend,LA,22095,
61440,Pointe a la Hache,LA,22075,
61473,Point Place,LA,22069,
61580,Pollock,LA,22043,
61615,Ponchatoula,LA,22105,
61790,Port Allen,LA,22121,
61825,Port Barre,LA,22097,
62070,Port Sulphur,LA,22075,
62105,Port Vincent,LA,22063,
62245,Powhatan,LA,22069,
62280,Poydras,LA,22087,
62385,Prairieville,LA,22005,
62510,Presquille,LA,22109,
62647,Prien,LA,22019,
62733,Prospect,LA,22043,
62770,Provencal,LA,22069,
63120,Quitman,LA,22049,
63155,Raceland,LA,22057,
63645,Rayne,LA,22001,
63680,Rayville,LA,22083,
63855,Red Chute,LA,22015,
63890,Reddell,LA,22039,
64100,Reeves,LA,22003,
64310,Reserve,LA,22095,
64590,Richmond,LA,22065,
64660,Richwood,LA,22073,
64765,Ridgecrest,LA,22029,
64905,Ringgold,LA,22013,
64975,Rio,LA,22117,
65150,River Ridge,LA,22051,
65290,Roanoke,LA,22053,
65325,Robeline,LA,22069,
65535,Rock Hill,LA,22043,
65710,Rodessa,LA,22017,
65850,Romeville,LA,22093,
66060,Rosedale,LA,22047,
66165,Roseland,LA,22105,
66200,Rosepine,LA,22115,
66655,Ruston,LA,22061,
67215,St. Francisville,LA,22125,
67250,St. Gabriel,LA,22047,
67303,St. George,LA,22033,
67355,St. James,LA,22093,
67495,St. Joseph,LA,22107,
67600,St. Martinville,LA,22099,
67635,St. Maurice,LA,22127,
67740,St. Rose,LA,22089,
67880,Saline,LA,22013,
68125,Sarepta,LA,22119,
68300,Schriever,LA,22109,
68475,Scott,LA,22055,
69455,Shongaloo,LA,22119,
70000,Shreveport,LA,22015 22017,
70175,Sibley,LA,22119,
70245,Sicily Island,LA,22025,
70385,Sikes,LA,22127,
70525,Simmesport,LA,22009,
70595,Simpson,LA,22115,
70630,Simsboro,LA,22061,
70665,Singer,LA,22011,
70675,Siracusaville,LA,22101,
70770,Slaughter,LA,22037,
70805,Slidell,LA,22103,
71190,Sorrel,LA,22101,
71225,Sorrento,LA,22005,
71820,South Mansfield,LA,22031,
72092,South Vacherie,LA,22093,
72170,Spearsville,LA,22111,
72310,Spokane,LA,22029,
72415,Springfield,LA,22063,
72485,Springhill,LA,22119,
72800,Stanley,LA,22031,
72975,Starks,LA,22019,
73010,Start,LA,22083,
73255,Sterlington,LA,22073,
73395,Stonewall,LA,22031,
73570,Sugartown,LA,22011,
73640,Sulphur,LA,22019,
73955,Sun,LA,22103,
74060,Sunset,LA,22097,
74235,Supreme,LA,22007,
74340,Swartz,LA,22073,
74550,Taft,LA,22089,
74690,Tallulah,LA,22065,
74760,Tangipahoa,LA,22105,
75180,Terrytown,LA,22051,
75425,Thibodaux,LA,22057,
75670,Tickfaw,LA,22105,
75740,Timberlane,LA,22051,
76440,Triumph,LA,22075,
76475,Trout,LA,22059,
76615,Tullos,LA,22059 22127,
76685,Turkey Creek,LA,22039,
77035,Union,LA,22093,
77490,Urania,LA,22059,
77910,Varnado,LA,22117,
78015,Venice,LA,22075,
78050,Ventress,LA,22077,
78470,Vidalia,LA,22029,
78540,Vienna,LA,22061,
78545,Vienna Bend,LA,22069,
78715,Ville Platte,LA,22039,
78820,Vinton,LA,22019,
78855,Violet,LA,22087,
78890,Vivian,LA,22017,
79100,Waggaman,LA,22051,
79240,Walker,LA,22063,
79275,Wallace,LA,22095,
79310,Wallace Ridge,LA,22025,
79870,Washington,LA,22097,
79940,Waterproof,LA,22107,
80010,Watson,LA,22063,
80360,Welcome,LA,22093,
80430,Welsh,LA,22053,
80815,Westlake,LA,22019,
80955,West Monroe,LA,22073,
81165,Westwego,LA,22051,
81375,White Castle,LA,22047,
82215,Wilson,LA,22037,
82460,Winnfield,LA,22127,
82495,Winnsboro,LA,22041,
82565,Wisner,LA,22041,
83002,Woodmere,LA,22051,
83125,Woodworth,LA,22079,
83335,Youngsville,LA,22055,
83405,Zachary,LA,22033,
83685,Zwolle,LA,22085,
00135,Abington,MA,25023,
00530,Acushnet Center,MA,25005,
00590,Adams,MA,25003,
00840,Agawam Town,MA,25013,
01185,Amesbury,MA,25009,
01370,Amherst Town,MA,25015,
01430,Andover,MA,25009,
01640,Arlington,MA,25017,
02515,Athol,MA,25027,
02690,Attleboro,MA,25005,
03040,Ayer,MA,25017,
03355,Baldwinville,MA,25027,
03690,Barnstable Town,MA,25001,
03705,Barre,MA,25027,
04790,Belchertown,MA,25015,
04965,Bellingham,MA,25021,
05105,Belmont,MA,25017,
05595,Beverly,MA,25009,
06050,Blandford,MA,25013,
06170,Bliss Corner,MA,25005,
07000,Boston,MA,25025,
07140,Bourne,MA,25001,
07385,Boxford,MA,25009,
07740,Braintree Town,MA,25021,
07945,Brewster,MA,25001,
08130,Bridgewater Town,MA,25023,
09000,Brockton,MA,25023,
09070,Brookfield,MA,25027,
09210,Brookline,MA,25021,
09875,Burlington,MA,25017,
10015,Buzzards Bay,MA,25001,
11000,Cambridge,MA,25017,
11945,Cedar Crest,MA,25023,
12960,Chatham,MA,25001,
13205,Chelsea,MA,25025,
13310,Cheshire,MA,25003,
13450,Chester,MA,25013,
13660,Chicopee,MA,25013,
14430,Clinton,MA,25027,
14570,Cochituate,MA,25017,
15340,Cordaville,MA,25027,
16285,Danvers,MA,25009,
16530,Dedham,MA,25021,
16635,Deerfield,MA,25011,
16740,Dennis,MA,25001,
16810,Dennis Port,MA,25001,
16840,Devens,MA,25017 25027,
17370,Dover,MA,25021,
17860,Duxbury,MA,25023,
18595,East Brookfield,MA,25027,
18840,East Dennis,MA,25001,
18875,East Douglas,MA,25027,
18980,East Falmouth,MA,25001,
19365,Easthampton,MA,25015,
19400,East Harwich,MA,25001,
20310,East Pepperell,MA,25017,
20380,East Sandwich,MA,25001,
21115,Edgartown,MA,25007,
21815,Essex,MA,25009,
21990,Everett,MA,25017,
23000,Fall River,MA,25005,
23070,Falmouth,MA,25001,
23840,Fiskdale,MA,25027,
23875,Fitchburg,MA,25027,
24190,Forestdale,MA,25001,
24855,Foxborough,MA,25021,
24960,Framingham,MA,25017,
25172,Franklin Town,MA,25021,
25485,Gardner,MA,25027,
26150,Gloucester,MA,25009,
26500,Granby,MA,25015,
26780,Great Barrington,MA,25003,
27060,Greenfield,MA,25011,
27130,Green Harbor,MA,25023,
27445,Groton,MA,25017,
28425,Hanscom AFB,MA,25017,
28460,Hanson,MA,25023,
29055,Harwich Center,MA,25001,
29090,Harwich Port,MA,25001,
29230,Hatfield,MA,25015,
29405,Haverhill,MA,25009,
30175,Hingham,MA,25023,
30420,Holbrook,MA,25021,
30630,Holland,MA,25013,
30840,Holyoke,MA,25013,
30980,Hopedale,MA,25027,
31050,Hopkinton,MA,25017,
31295,Housatonic,MA,25003,
31575,Hudson,MA,25017,
31680,Hull,MA,25023,
31750,Huntington,MA,25015,
32275,Ipswich,MA,25009,
33185,Kingston,MA,25023,
34550,Lawrence,MA,25009,
34620,Lee,MA,25003,
34935,Lenox,MA,25003,
35040,Lenox Dale,MA,25003,
35075,Leominster,MA,25027,
35250,Lexington,MA,25017,
36020,Littleton Common,MA,25017,
36335,Longmeadow,MA,25013,
37000,Lowell,MA,25017,
37385,Lunenburg,MA,25027,
37490,Lynn,MA,25009,
37595,Lynnfield,MA,25009,
37735,Madaket,MA,25019,
37875,Malden,MA,25017,
38230,Mansfield Center,MA,25005,
38435,Marblehead,MA,25009,
38575,Marion Center,MA,25023,
38715,Marlborough,MA,25017,
38820,Marshfield,MA,25023,
38960,Marshfield Hills,MA,25023,
39152,Mashpee Neck,MA,25001,
39485,Mattapoisett Center,MA,25023,
39660,Maynard,MA,25017,
39730,Medfield,MA,25021,
39835,Medford,MA,25017,
40115,Melrose,MA,25017,
40675,Methuen,MA,25009,
40885,Middleborough Center,MA,25023,
41200,Milford,MA,25027,
41410,Millers Falls,MA,25011,
41532,Millis-Clicquot,MA,25021,
41725,Milton,MA,25021,
41960,Monomoscoy Island,MA,25001,
42180,Monson Center,MA,25013,
42670,Monument Beach,MA,25001,
43615,Nahant,MA,25009,
43755,Nantucket,MA,25019,
44140,Needham,MA,25021,
45000,New Bedford,MA,25005,
45245,Newburyport,MA,25009,
45500,New Seabury,MA,25001,
45560,Newton,MA,25017,
46225,North Adams,MA,25003,
46330,Northampton,MA,25015,
46598,North Attleborough Town,MA,25005,
46785,Northborough,MA,25027,
47100,North Brookfield,MA,25027,
47590,North Eastham,MA,25001,
47730,North Falmouth,MA,25001,
47800,Northfield,MA,25011,
48220,North Lakeville,MA,25023,
48710,North Pembroke,MA,25023,
48780,North Plymouth,MA,25023,
49165,North Scituate,MA,25023,
49200,North Seekonk,MA,25005,
49700,Northwest Harwich,MA,25001,
49710,North Westport,MA,25005,
50005,Norton Center,MA,25005,
50285,Norwood,MA,25021,
50425,Oak Bluffs,MA,25007,
50862,Ocean Bluff-Brant Rock,MA,25023,
50880,Ocean Grove,MA,25005,
51160,Onset,MA,25023,
51230,Orange,MA,25011,
51405,Orleans,MA,25001,
51790,Oxford,MA,25027,
52144,Palmer Town,MA,25013,
52490,Peabody,MA,25009,
52770,Pepperell,MA,25017,
53085,Petersham,MA,25027,
53680,Pinehurst,MA,25017,
53960,Pittsfield,MA,25003,
54275,Plymouth,MA,25023,
54450,Pocasset,MA,25001,
55070,Popponesset,MA,25001,
55090,Popponesset Island,MA,25001,
55535,Provincetown,MA,25001,
55745,Quincy,MA,25021,
56000,Randolph Town,MA,25021,
56095,Raynham Center,MA,25005,
56165,Reading,MA,25017,
56585,Revere,MA,25025,
57845,Rockport,MA,25009,
58370,Rowley,MA,25009,
58615,Russell,MA,25013,
58790,Rutland,MA,25027,
58965,Sagamore,MA,25001,
59105,Salem,MA,25009,
59210,Salisbury,MA,25009,
59700,Sandwich,MA,25001,
60050,Saugus,MA,25009,
60295,Scituate,MA,25023,
60505,Seabrook,MA,25001,
60627,Seconsett Island,MA,25001,
60820,Sharon,MA,25021,
61205,Shelburne Falls,MA,25011,
61555,Shirley,MA,25017,
61940,Siasconset,MA,25019,
62300,Smith Mills,MA,25005,
62465,Somerset,MA,25005,
62535,Somerville,MA,25017,
62780,South Ashburnham,MA,25027,
63345,Southbridge Town,MA,25027,
63620,South Deerfield,MA,25011,
63655,South Dennis,MA,25001,
63690,South Duxbury,MA,25023,
64460,South Lancaster,MA,25027,
66035,South Yarmouth,MA,25001,
66070,Spencer,MA,25027,
67000,Springfield,MA,25013,
67700,Stoneham,MA,25017,
68120,Sturbridge,MA,25027,
68680,Swampscott,MA,25009,
69170,Taunton,MA,25005,
69205,Teaticket,MA,25001,
69585,The Pinehills,MA,25023,
70115,Topsfield,MA,25009,
70325,Townsend,MA,25017,
70815,Turners Falls,MA,25011,
71445,Upton,MA,25027,
71970,Vineyard Haven,MA,25007,
72250,Wakefield,MA,25017,
72460,Walpole,MA,25021,
72600,Waltham,MA,25017,
72845,Ware,MA,25015,
73020,Wareham Center,MA,25023,
73055,Warren,MA,25027,
73405,Watertown,MA,25017,
73930,Webster,MA,25027,
74210,Wellesley,MA,25021,
75050,Westborough,MA,25027,
75365,West Brookfield,MA,25027,
75505,West Chatham,MA,25001,
75680,West Concord,MA,25017,
75820,West Dennis,MA,25001,
75960,West Falmouth,MA,25001,
76030,Westfield,MA,25013,
77890,West Springfield Town,MA,25013,
78410,West Wareham,MA,25023,
78445,West Warren,MA,25027,
78795,West Yarmouth,MA,25001,
78850,Weweantic,MA,25023,
78972,Weymouth Town,MA,25021,
79390,White Island Shores,MA,25023,
79495,Whitinsville,MA,25027,
79705,Wilbraham,MA,25013,
79950,Williamstown,MA,25003,
80195,Wilmington,MA,25017,
80370,Winchendon,MA,25027,
80545,Winchester,MA,25017,
81005,Winthrop Town,MA,25025,
81035,Woburn,MA,25017,
81245,Woods Hole,MA,25001,
82000,Worcester,MA,25027,
82595,Yarmouth Port,MA,25001,
00125,Aberdeen,MD,24025,
00175,Aberdeen Proving Ground,MD,24025,
00200,Abingdon,MD,24025,
00225,Accident,MD,24023,
00250,Accokeek,MD,24033,
00350,Adamstown,MD,24021,
00400,Adelphi,MD,24033,
00712,Algonquin,MD,24019,
00800,Allen,MD,24045,
01450,Andrews AFB,MD,24033,
01600,Annapolis,MD,24003,
01635,Annapolis Neck,MD,24003,
01750,Antietam,MD,24043,
01925,Aquasco,MD,24033,
01975,Arbutus,MD,24005,
02025,Arden on the Severn,MD,24003,
02275,Arnold,MD,24003,
02762,Ashton-Sandy Spring,MD,24031,
02825,Aspen Hill,MD,24031,
03500,Baden,MD,24033,
03514,Bagtown,MD,24043,
03575,Bakersville,MD,24043,
03800,Ballenger Creek,MD,24021,
04000,Baltimore,MD,24510,
04050,Baltimore Highlands,MD,24005,
04250,Barclay,MD,24035,
04475,Barnesville,MD,24031,
04525,Barrelville,MD,24001,
04625,Barton,MD,24001,
04650,Bartonsville,MD,24021,
05250,Beaver Creek,MD,24043,
05525,Bel Air,MD,24001,
05550,Bel Air,MD,24025,
05825,Bel Air North,MD,24025,
05950,Bel Air South,MD,24025,
06400,Beltsville,MD,24033,
06550,Benedict,MD,24017,
06662,Bensville,MD,24017,
06800,Berlin,MD,24047,
06925,Berwyn Heights,MD,24033,
07125,Bethesda,MD,24031,
07200,Betterton,MD,24029,
07285,Bier,MD,24001,
07375,Big Pool,MD,24043,
07400,Big Spring,MD,24043,
07625,Bishopville,MD,24047,
07675,Bivalve,MD,24045,
07850,Bladensburg,MD,24033,
08050,Bloomington,MD,24023,
08625,Boonsboro,MD,24043,
08775,Bowie,MD,24033,
08800,Bowleys Quarters,MD,24005,
08850,Bowling Green,MD,24001,
08862,Bowmans Addition,MD,24001,
09100,Braddock Heights,MD,24021,
09325,Brandywine,MD,24033,
09400,Breathedsville,MD,24043,
09500,Brentwood,MD,24033,
10150,Brock Hall,MD,24033,
10225,Brookeville,MD,24031,
10475,Brooklyn Park,MD,24003,
10500,Brookmont,MD,24031,
10575,Brookview,MD,24019,
10650,Broomes Island,MD,24009,
10737,Brown Station,MD,24033,
10800,Brownsville,MD,24043,
10900,Brunswick,MD,24021,
10925,Bryans Road,MD,24017,
10950,Bryantown,MD,24017,
11050,Buckeystown,MD,24021,
11400,Burkittsville,MD,24021,
11550,Burnt Mills,MD,24031,
11750,Burtonsville,MD,24031,
11900,Butlertown,MD,24029,
12075,Cabin John,MD,24031,
12150,California,MD,24037,
12175,Callaway,MD,24037,
12300,Calvert Beach,MD,24009,
12350,Calverton,MD,24031 24033,
12400,Cambridge,MD,24019,
12600,Camp Springs,MD,24033,
12912,Cape St. Claire,MD,24003,
13000,Capitol Heights,MD,24033,
13225,Carlos,MD,24001,
13325,Carney,MD,24005,
14125,Catonsville,MD,24005,
14225,Cavetown,MD,24043,
14300,Cearfoss,MD,24043,
14325,Cecilton,MD,24015,
14550,Cedar Heights,MD,24033,
14800,Cedarville,MD,24033,
14950,Centreville,MD,24035,
15075,Chance,MD,24039,
15400,Charlestown,MD,24015,
15475,Charlotte Hall,MD,24037,
15500,Charlton,MD,24043,
15925,Chesapeake Beach,MD,24009,
15950,Chesapeake City,MD,24015,
16025,Chesapeake Landing,MD,24029,
16050,Chesapeake Ranch Estates,MD,24009,
16125,Chester,MD,24035,
16225,Chestertown,MD,24029,
16550,Cheverly,MD,24033,
16620,Chevy Chase,MD,24031,
16625,Chevy Chase,MD,24031,
16720,Chevy Chase Section Five,MD,24031,
16730,Chevy Chase Section Three,MD,24031,
16775,Chevy Chase View,MD,24031,
16787,Chevy Chase Village,MD,24031,
16800,Chewsville,MD,24043,
16875,Chillum,MD,24033,
17000,Choptank,MD,24011,
17050,Church Creek,MD,24019,
17100,Church Hill,MD,24035,
17350,Clarksburg,MD,24031,
17475,Clarysville,MD,24001,
17600,Clear Spring,MD,24043,
17900,Clinton,MD,24033,
18150,Cloverly,MD,24031,
18200,Cobb Island,MD,24017,
18250,Cockeysville,MD,24005,
18475,Colesville,MD,24031,
18750,College Park,MD,24033,
18850,Colmar Manor,MD,24033,
19125,Columbia,MD,24027,
19825,Coral Hills,MD,24033,
19900,Cordova,MD,24041,
19975,Corriganville,MD,24001,
20050,Cottage City,MD,24033,
20500,Crellin,MD,24023,
20525,Cresaptown,MD,24001,
20775,Crisfield,MD,24039,
20875,Crofton,MD,24003,
20925,Croom,MD,24033,
21075,Crownsville,MD,24003,
21150,Crumpton,MD,24035,
21325,Cumberland,MD,24001,
21475,Damascus,MD,24031,
21550,Dames Quarter,MD,24039,
21675,Danville,MD,24001,
21750,Dargan,MD,24043,
21800,Darlington,MD,24025,
21825,Darnestown,MD,24031,
21925,Dawson,MD,24001,
22050,Deale,MD,24003,
22100,Deal Island,MD,24039,
22275,Deer Park,MD,24023,
22600,Delmar,MD,24045,
22725,Denton,MD,24011,
22775,Derwood,MD,24031,
22825,Detmold,MD,24001,
23025,District Heights,MD,24033,
23500,Downsville,MD,24043,
23700,Drum Point,MD,24009,
23975,Dundalk,MD,24005,
24050,Dunkirk,MD,24009,
24200,Eagle Harbor,MD,24033,
24250,Eakles Mill,MD,24043,
24450,East New Market,MD,24019,
24475,Easton,MD,24041,
24650,East Riverdale,MD,24033,
24825,Eckhart Mines,MD,24001,
24850,Eden,MD,24039,
24925,Edesville,MD,24029,
24950,Edgemere,MD,24005,
25000,Edgemont,MD,24043,
25050,Edgewater,MD,24003,
25150,Edgewood,MD,24025,
25425,Edmonston,MD,24033,
25575,Eldersburg,MD,24013,
25600,Eldorado,MD,24019,
25750,Elkridge,MD,24027,
25800,Elkton,MD,24015,
25925,Ellerslie,MD,24001,
26000,Ellicott City,MD,24027,
26025,Elliott,MD,24019,
26200,Emmitsburg,MD,24021,
26550,Ernstville,MD,24043,
26600,Essex,MD,24005,
27250,Fairland,MD,24031,
27325,Fairlee,MD,24029,
27375,Fairmount,MD,24039,
27400,Fairmount Heights,MD,24033,
27425,Fairplay,MD,24043,
27500,Fairview,MD,24043,
27580,Fairwood,MD,24033,
27700,Fallston,MD,24025,
27900,Federalsburg,MD,24011,
28075,Ferndale,MD,24003,
28275,Finzel,MD,24023,
28300,Fishing Creek,MD,24019,
28425,Flintstone,MD,24001,
28512,Flower Hill,MD,24031,
28640,Forest Glen,MD,24031,
28725,Forest Heights,MD,24033,
29000,Forestville,MD,24033,
29400,Fort Meade,MD,24003,
29450,Fort Ritchie,MD,24043,
29525,Fort Washington,MD,24033,
29712,Fountainhead-Orchard Hills,MD,24043,
29790,Four Corners,MD,24031,
30100,Franklin,MD,24001,
30325,Frederick,MD,24021,
30567,Frenchtown-Rumbly,MD,24039,
30575,Friendly,MD,24033,
30650,Friendship,MD,24003,
30800,Friendship Heights Village,MD,24031,
30850,Friendsville,MD,24023,
30900,Frostburg,MD,24001,
30950,Fruitland,MD,24045,
31025,Fulton,MD,24027,
31100,Funkstown,MD,24043,
31175,Gaithersburg,MD,24031,
31225,Galena,MD,24029,
31250,Galestown,MD,24019,
31275,Galesville,MD,24003,
31350,Gambrills,MD,24003,
31400,Gapland,MD,24043,
31525,Garrett Park,MD,24031,
31575,Garretts Mill,MD,24043,
31625,Garrison,MD,24005,
31875,Georgetown,MD,24029,
32025,Germantown,MD,24031,
32175,Gilmore,MD,24001,
32250,Girdletree,MD,24047,
32350,Glassmanor,MD,24033,
32500,Glenarden,MD,24033,
32650,Glen Burnie,MD,24003,
32900,Glen Echo,MD,24031,
33250,Glenmont,MD,24031,
33400,Glenn Dale,MD,24033,
33850,Golden Beach,MD,24037,
33950,Goldsboro,MD,24011,
34150,Gorman,MD,24023,
34350,Graceham,MD,24021,
34425,Grahamtown,MD,24001,
34525,Grantsville,MD,24023,
34550,Grasonville,MD,24035,
34775,Greenbelt,MD,24033,
35200,Greensboro,MD,24011,
35225,Greensburg,MD,24043,
35412,Green Valley,MD,24021,
36075,Hagerstown,MD,24043,
36125,Halfway,MD,24043,
36500,Hampstead,MD,24013,
36512,Hampton,MD,24005,
36600,Hancock,MD,24043,
37600,Havre de Grace,MD,24025,
37875,Hebron,MD,24045,
37925,Henderson,MD,24011,
38025,Herald Harbor,MD,24003,
38437,Highfield-Cascade,MD,24043,
38475,Highland,MD,24027,
38500,Highland Beach,MD,24003,
38850,Hillandale,MD,24031 24033,
38975,Hillcrest Heights,MD,24033,
39175,Hillsboro,MD,24011,
40200,Honeygo,MD,24005,
40700,Hughesville,MD,24017,
41025,Huntingtown,MD,24009,
41125,Hurlock,MD,24019,
41175,Hutton,MD,24023,
41250,Hyattsville,MD,24033,
41475,Ilchester,MD,24027,
41500,Indian Head,MD,24017,
41700,Indian Springs,MD,24043,
42325,Jarrettsville,MD,24025,
42350,Jefferson,MD,24021,
42450,Jennings,MD,24023,
42550,Jessup,MD,24003 24027,
42575,Jesterville,MD,24045,
42875,Joppatowne,MD,24025,
42950,Jugtown,MD,24043,
43100,Keedysville,MD,24043,
43200,Kemp Mill,MD,24031,
43280,Kemps Mill,MD,24043,
43475,Kennedyville,MD,24029,
43500,Kensington,MD,24031,
43725,Kent Narrows,MD,24035,
43900,Kettering,MD,24033,
44325,Kingstown,MD,24035,
44350,Kingsville,MD,24005,
44450,Kitzmiller,MD,24023,
44525,Klondike,MD,24001,
44715,Konterra,MD,24033,
44817,Lake Arbor,MD,24033,
44975,Lake Shore,MD,24003,
45325,Landover,MD,24033,
45400,Landover Hills,MD,24033,
45525,Langley Park,MD,24033,
45550,Lanham,MD,24033,
45650,Lansdowne,MD,24005,
45750,La Plata,MD,24017,
45825,Largo,MD,24033,
45900,Laurel,MD,24033,
46075,La Vale,MD,24001,
46150,Layhill,MD,24031,
46250,Laytonsville,MD,24031,
46375,Leisure World,MD,24031,
46400,Leitersburg,MD,24043,
46475,Leonardtown,MD,24037,
46650,Lewistown,MD,24021,
46725,Lexington Park,MD,24037,
46800,Libertytown,MD,24021,
47040,Linganore,MD,24021,
47125,Linthicum,MD,24003,
47250,Lisbon,MD,24027,
47275,Little Orleans,MD,24001,
47450,Lochearn,MD,24005,
47525,Loch Lynn Heights,MD,24023,
47875,Lonaconing,MD,24001,
48025,Long Beach,MD,24009,
48775,Luke,MD,24001,
48800,Lusby,MD,24009,
48875,Lutherville,MD,24005,
49325,McCoole,MD,24001,
49700,Madison,MD,24019,
49950,Manchester,MD,24013,
50375,Mapleville,MD,24043,
50525,Mardela Springs,MD,24045,
50680,Marlboro Meadows,MD,24033,
50685,Marlboro Village,MD,24033,
50750,Marlow Heights,MD,24033,
50775,Marlton,MD,24033,
50965,Martin's Additions,MD,24031,
51025,Marydel,MD,24011,
51075,Maryland City,MD,24003,
51125,Maryland Park,MD,24033,
51425,Maugansville,MD,24043,
51575,Mayo,MD,24003,
51587,Mays Chapel,MD,24005,
51800,Mechanicsville,MD,24037,
51940,Melwood,MD,24033,
51945,Mercersville,MD,24043,
52225,Middleburg,MD,24043,
52300,Middle River,MD,24005,
52425,Middletown,MD,24021,
52475,Midland,MD,24001,
52525,Midlothian,MD,24001,
52562,Milford Mill,MD,24005,
52825,Millington,MD,24029 24035,
52975,Mitchellville,MD,24033,
53100,Monrovia,MD,24021,
53325,Montgomery Village,MD,24031,
53625,Morningside,MD,24033,
53700,Moscow,MD,24001,
53750,Mount Aetna,MD,24043,
53800,Mountain Lake Park,MD,24023,
53875,Mount Airy,MD,24013 24021,
53925,Mount Briar,MD,24043,
54125,Mount Lena,MD,24043,
54275,Mount Rainier,MD,24033,
54325,Mount Savage,MD,24001,
54375,Mount Vernon,MD,24039,
54875,Myersville,MD,24021,
54925,Nanticoke,MD,24045,
54930,Nanticoke Acres,MD,24045,
55000,National,MD,24001,
55018,National Harbor,MD,24033,
55050,Naval Academy,MD,24003,
55325,Newark,MD,24047,
55400,New Carrollton,MD,24033,
55650,New Market,MD,24021,
55925,New Windsor,MD,24013,
55950,Nikep,MD,24001,
56300,North Beach,MD,24009,
56337,North Bethesda,MD,24031,
56375,North Brentwood,MD,24033,
56400,North Chevy Chase,MD,24031,
56450,North East,MD,24015,
56712,North Kensington,MD,24031,
56725,North Laurel,MD,24027,
56875,North Potomac,MD,24031,
57650,Oakland,MD,24023,
58215,Ocean,MD,24001,
58225,Ocean City,MD,24047,
58275,Ocean Pines,MD,24047,
58300,Odenton,MD,24003,
58775,Oldtown,MD,24001,
58900,Olney,MD,24031,
59325,Overlea,MD,24005,
59375,Owings,MD,24009,
59425,Owings Mills,MD,24005,
59450,Oxford,MD,24041,
59500,Oxon Hill,MD,24033,
59787,Paramount-Long Meadow,MD,24043,
60275,Parkville,MD,24005,
60325,Parole,MD,24003,
60425,Parsonsburg,MD,24045,
60475,Pasadena,MD,24003,
60770,Pecktonville,MD,24043,
60950,Peppermill Village,MD,24033,
60975,Perry Hall,MD,24005,
61075,Perryman,MD,24025,
61150,Perryville,MD,24015,
61400,Pikesville,MD,24005,
61700,Pinesburg,MD,24043,
61875,Piney Point,MD,24037,
62025,Pittsville,MD,24045,
62100,Pleasant Grove,MD,24001,
62175,Pleasant Hills,MD,24025,
62475,Pocomoke City,MD,24047,
62575,Point of Rocks,MD,24021,
62675,Pomfret,MD,24017,
62775,Pondsville,MD,24043,
62850,Poolesville,MD,24031,
63075,Port Deposit,MD,24015,
63225,Port Tobacco Village,MD,24017,
63300,Potomac,MD,24031,
63375,Potomac Heights,MD,24017,
63425,Potomac Park,MD,24001,
63725,Powellville,MD,24045,
63825,Preston,MD,24011,
63950,Prince Frederick,MD,24009,
64000,Princess Anne,MD,24039,
64375,Pylesville,MD,24025,
64475,Quantico,MD,24045,
64495,Queen Anne,MD,24033,
64500,Queen Anne,MD,24035 24041,
64568,Queensland,MD,24033,
64600,Queenstown,MD,24035,
64950,Randallstown,MD,24005,
65150,Rawlings,MD,24001,
65312,Redland,MD,24031,
65550,Reid,MD,24043,
65600,Reisterstown,MD,24005,
66000,Ridgely,MD,24011,
66150,Ringgold,MD,24043,
66275,Rising Sun,MD,24015,
66400,Riva,MD,24003,
66635,Riverdale Park,MD,24033,
66762,Riverside,MD,24025,
66850,Riviera Beach,MD,24003,
67000,Robinwood,MD,24043,
67400,Rock Hall,MD,24029,
67500,Rock Point,MD,24017,
67675,Rockville,MD,24031,
67950,Rohrersville,MD,24043,
68265,Romancoke,MD,24035,
68300,Rosaryville,MD,24033,
68400,Rosedale,MD,24005,
68600,Rosemont,MD,24021,
68700,Rossville,MD,24005,
69200,Sabillasville,MD,24021,
69425,St. George Island,MD,24037,
69550,St. James,MD,24043,
69675,St. Leonard,MD,24009,
69825,St. Michaels,MD,24041,
69925,Salisbury,MD,24045,
70175,Sandy Hook,MD,24043,
70300,San Mar,MD,24043,
70475,Savage,MD,24027,
70525,Scaggsville,MD,24027,
70775,Seabrook,MD,24033,
70850,Seat Pleasant,MD,24033,
70900,Secretary,MD,24019,
71150,Severn,MD,24003,
71200,Severna Park,MD,24003,
71450,Shady Side,MD,24003,
71460,Shaft,MD,24001,
71600,Sharpsburg,MD,24043,
71650,Sharptown,MD,24045,
72350,Silver Hill,MD,24033,
72450,Silver Spring,MD,24031,
72887,Smith Island,MD,24039,
72900,Smithsburg,MD,24043,
73075,Snow Hill,MD,24047,
73325,Solomons,MD,24009,
73350,Somerset,MD,24031,
73600,South Kensington,MD,24031,
73650,South Laurel,MD,24033,
74050,Spencerville,MD,24031,
74282,Springdale,MD,24033,
74350,Spring Gap,MD,24001,
74560,Spring Ridge,MD,24021,
75025,Stevensville,MD,24035,
75150,Still Pond,MD,24029,
75200,Stockton,MD,24047,
75650,Sudlersville,MD,24035,
75725,Suitland,MD,24033,
75810,Summerfield,MD,24033,
76450,Swanton,MD,24023,
76550,Sykesville,MD,24013,
76650,Takoma Park,MD,24031,
76675,Tall Timbers,MD,24037,
76725,Taneytown,MD,24013,
76925,Taylors Island,MD,24019,
77100,Temple Hills,MD,24033,
77200,Templeville,MD,24011 24035,
77262,Ten Mile Creek,MD,24031,
77825,Thurmont,MD,24021,
77912,Tilghman Island,MD,24041,
77925,Tilghmanton,MD,24043,
78050,Timonium,MD,24005,
78120,Tolchester,MD,24029,
78425,Towson,MD,24005,
78575,Trappe,MD,24041,
78650,Travilah,MD,24031,
78705,Trego-Rohrersville Station,MD,24043,
79225,Tyaskin,MD,24045,
79350,Union Bridge,MD,24013,
79675,University Park,MD,24033,
79875,Upper Marlboro,MD,24033,
79900,Urbana,MD,24021,
80075,Vale Summit,MD,24001,
80600,Vienna,MD,24019,
81175,Waldorf,MD,24017,
81250,Walker Mill,MD,24033,
81275,Walkersville,MD,24021,
81675,Washington Grove,MD,24031,
81925,Waterview,MD,24045,
82625,West Denton,MD,24011,
82750,Westernport,MD,24001,
83025,West Laurel,MD,24033,
83100,Westminster,MD,24013,
83225,West Ocean City,MD,24047,
83290,Westphalia,MD,24033,
83337,West Pocomoke,MD,24039,
83746,Whaleyville,MD,24047,
83775,Wheaton,MD,24031,
84225,Whitehaven,MD,24045,
84350,White Marsh,MD,24005,
84375,White Oak,MD,24031,
84784,Wildewood,MD,24037,
84950,Willards,MD,24045,
85100,Williamsport,MD,24043,
85175,Williston,MD,24011,
85395,Wilson-Conococheague,MD,24043,
86275,Woodland,MD,24001,
86475,Woodlawn,MD,24005,
86525,Woodlawn,MD,24033,
86710,Woodmore,MD,24033,
86750,Woodsboro,MD,24021,
87000,Worton,MD,24029,
87150,Yarrowsburg,MD,24043,
87275,Zihlman,MD,24001,
00695,Alfred,ME,23031,
01360,Anson,ME,23025,
01675,Ashland,ME,23003,
02060,Auburn,ME,23001,
02100,Augusta,ME,23011,
02795,Bangor,ME,23019,
02830,Bar Harbor,ME,23009,
03355,Bath,ME,23023,
03950,Belfast,ME,23027,
04685,Berwick,ME,23031,
04790,Bethel,ME,23017,
04860,Biddeford,ME,23031,
04965,Bingham,ME,23025,
05350,Blaine,ME,23003,
05665,Blue Hill,ME,23009,
06085,Boothbay Harbor,ME,23015,
06330,Bowdoinham,ME,23023,
06645,Bradley,ME,23019,
06925,Brewer,ME,23019,
07135,Bridgton,ME,23005,
08360,Brownville Junction,ME,23021,
08395,Brunswick,ME,23005,
08780,Bucksport,ME,23009,
09585,Calais,ME,23029,
09690,Camden,ME,23013,
10320,Cape Neddick,ME,23031,
10565,Caribou,ME,23003,
11090,Casco,ME,23005,
11230,Castine,ME,23009,
12770,Chisholm,ME,23007,
13435,Clinton,ME,23011,
14275,Corinna,ME,23019,
14450,Cornish,ME,23031,
14800,Cousins Island,ME,23005,
15500,Cumberland Center,ME,23005,
16200,Damariscotta,ME,23015,
16375,Danforth,ME,23029,
17495,Dexter,ME,23019,
17705,Dixfield,ME,23017,
18230,Dover-Foxcroft,ME,23021,
18965,Dunstan,ME,23005,
19385,Eagle Lake,ME,23003,
21065,East Millinocket,ME,23019,
21730,Eastport,ME,23029,
23200,Ellsworth,ME,23009,
24285,Fairfield,ME,23025,
24480,Falmouth,ME,23005,
24530,Falmouth Foreside,ME,23005,
24635,Farmingdale,ME,23011,
24740,Farmington,ME,23007,
25580,Fort Fairfield,ME,23003,
25720,Fort Kent,ME,23003,
26490,Freeport,ME,23005,
26875,Fryeburg,ME,23017,
27085,Gardiner,ME,23011,
28205,Gorham,ME,23005,
28555,Grand Isle,ME,23003,
28835,Gray,ME,23005,
29220,Greene,ME,23001,
29500,Greenville,ME,23021,
30060,Guilford,ME,23021,
30550,Hallowell,ME,23011,
30760,Hampden,ME,23019,
31705,Hartland,ME,23025,
33945,Houlton,ME,23003,
34225,Howland,ME,23019,
35030,Island Falls,ME,23003,
35975,Jonesport,ME,23029,
36500,Kennebunk,ME,23031,
36710,Kennebunkport,ME,23031,
36885,Kezar Falls,ME,23017 23031,
36990,Kingfield,ME,23007,
37235,Kittery,ME,23031,
37375,Kittery Point,ME,23031,
37795,Lake Arrowhead,ME,23031,
38740,Lewiston,ME,23001,
39265,Limestone,ME,23003,
39440,Lincoln,ME,23019,
40000,Lisbon,ME,23001,
40105,Lisbon Falls,ME,23001,
40350,Little Falls,ME,23005,
40470,Littlejohn Island,ME,23005,
40735,Livermore Falls,ME,23001,
41575,Lubec,ME,23029,
41925,Machias,ME,23029,
42485,Madawaska,ME,23003,
42625,Madison,ME,23025,
43220,Mapleton,ME,23003,
43675,Mars Hill,ME,23003,
44235,Mattawamkeag,ME,23019,
44620,Mechanic Falls,ME,23001,
45250,Mexico,ME,23017,
45565,Milbridge,ME,23029,
45635,Milford,ME,23019,
45845,Millinocket,ME,23019,
45985,Milo,ME,23021,
48050,Naples,ME,23005,
48610,Newcastle,ME,23015,
49100,Newport,ME,23019,
49800,Norridgewock,ME,23025,
49975,North Anson,ME,23025,
50290,North Berwick,ME,23031,
51095,Northeast Harbor,ME,23009,
53685,North Windham,ME,23005,
53965,Norway,ME,23017,
54350,Oakfield,ME,23003,
54490,Oak Hill,ME,23005,
54525,Oakland,ME,23011,
55120,Old Orchard Beach,ME,23031,
55225,Old Town,ME,23019,
55575,Orono,ME,23019,
56240,Oxford,ME,23017,
57115,Patten,ME,23019,
58970,Pittsfield,ME,23025,
60545,Portland,ME,23005,
60825,Presque Isle,ME,23003,
61735,Randolph,ME,23011,
61805,Rangeley,ME,23007,
62610,Richmond,ME,23023,
63590,Rockland,ME,23013,
64255,Rumford,ME,23017,
64535,Sabattus,ME,23001,
64675,Saco,ME,23031,
65725,Sanford,ME,23031,
66600,Searsport,ME,23027,
68875,Skowhegan,ME,23025,
69995,South Berwick,ME,23031,
70660,South Eliot,ME,23031,
71780,South Paris,ME,23017,
71990,South Portland,ME,23005,
72830,Southwest Harbor,ME,23009,
72900,South Windham,ME,23005,
73635,Standish,ME,23005,
73985,Steep Falls,ME,23005,
76330,Thomaston,ME,23013,
76925,Topsham,ME,23023,
77765,Turner,ME,23001,
78220,Unity,ME,23027,
78535,Van Buren,ME,23003,
78640,Vanceboro,ME,23029,
78815,Veazie,ME,23019,
79515,Waldoboro,ME,23015,
80250,Washburn,ME,23003,
80740,Waterville,ME,23011,
82105,Westbrook,ME,23005,
83330,West Kennebunk,ME,23031,
85815,Wilton,ME,23007,
86480,Winslow,ME,23011,
86620,Winter Harbor,ME,23009,
86725,Winterport,ME,23027,
86935,Winthrop,ME,23011,
87040,Wiscasset,ME,23015,
87250,Woodland,ME,23029,
87810,Yarmouth,ME,23005,
88160,York Harbor,ME,23031,
00380,Addison,MI,26091,
00440,Adrian,MI,26091,
00480,Advance,MI,26029,
00620,Ahmeek,MI,26083,
00700,Akron,MI,26157,
00860,Alanson,MI,26047,
00900,Alba,MI,26009,
00980,Albion,MI,26025,
01060,Alden,MI,26009,
01180,Algonac,MI,26147,
01260,Allegan,MI,26005,
01300,Allen,MI,26059,
01340,Allendale,MI,26139,
01380,Allen Park,MI,26163,
01540,Alma,MI,26057,
01660,Almont,MI,26087,
01740,Alpena,MI,26007,
01800,Alpha,MI,26071,
01960,Amasa,MI,26071,
03000,Ann Arbor,MI,26161,
03200,Applegate,MI,26151,
03300,Arcadia,MI,26101,
03400,Argentine,MI,26049,
03520,Armada,MI,26099,
03740,Ashley,MI,26057,
03880,Athens,MI,26025,
03920,Atlanta,MI,26119,
03960,Atlantic Mine,MI,26061,
04020,Attica,MI,26087,
04080,Auburn,MI,26017,
04105,Auburn Hills,MI,26125,
04120,Au Gres,MI,26011,
04160,Augusta,MI,26077,
04280,Au Sable,MI,26069,
04740,Bad Axe,MI,26063,
04940,Baldwin,MI,26085,
05080,Bancroft,MI,26155,
05140,Bangor,MI,26159,
05320,Baraga,MI,26013,
05466,Barnes Lake,MI,26087,
05500,Baroda,MI,26021,
05580,Barryton,MI,26107,
05660,Barton Hills,MI,26161,
05880,Bath,MI,26037,
05920,Battle Creek,MI,26025,
06020,Bay City,MI,26017,
06120,Bay Port,MI,26063,
06180,Bay Shore,MI,26029 26047,
06260,Bay View,MI,26047,
06360,Beal City,MI,26073,
06430,Bear Lake,MI,26079,
06460,Bear Lake,MI,26101,
06660,Beaverton,MI,26051,
06820,Beecher,MI,26049,
06880,Beechwood,MI,26139,
06900,Belding,MI,26067,
06980,Bellaire,MI,26009,
07020,Belleville,MI,26163,
07060,Bellevue,MI,26045,
07220,Bendon,MI,26019,
07520,Benton Harbor,MI,26021,
07540,Benton Heights,MI,26021,
07580,Benzonia,MI,26019,
07620,Bergland,MI,26131,
07660,Berkley,MI,26125,
07860,Berrien Springs,MI,26021,
07960,Bessemer,MI,26053,
08100,Beulah,MI,26019,
08160,Beverly Hills,MI,26125,
08180,Big Bay,MI,26103,
08300,Big Rapids,MI,26107,
08460,Bingham Farms,MI,26125,
08540,Birch Run,MI,26145,
08640,Birmingham,MI,26125,
09000,Blissfield,MI,26091,
09180,Bloomfield Hills,MI,26125,
09220,Bloomingdale,MI,26159,
09560,Boon,MI,26165,
09820,Boyne City,MI,26029,
09840,Boyne Falls,MI,26029,
10160,Breckenridge,MI,26057,
10180,Breedsville,MI,26159,
10300,Brethren,MI,26101,
10440,Bridgeport,MI,26145,
10580,Bridgman,MI,26021,
10620,Brighton,MI,26093,
10680,Brimley,MI,26033,
10760,Britton,MI,26091,
10860,Bronson,MI,26023,
11000,Brooklyn,MI,26075,
11180,Brown City,MI,26087 26151,
11200,Brownlee Park,MI,26025,
11320,Bruce Crossing,MI,26131,
11380,Brutus,MI,26047,
11400,Buchanan,MI,26021,
11480,Buckley,MI,26165,
11555,Buena Vista,MI,26145,
11800,Burlington,MI,26025,
11920,Burr Oak,MI,26149,
12000,Burt,MI,26145,
12060,Burton,MI,26049,
12260,Byron,MI,26155,
12280,Byron Center,MI,26081,
12290,Caberfae,MI,26165,
12320,Cadillac,MI,26165,
12480,Caledonia,MI,26081,
12580,Calumet,MI,26061,
12680,Cambria,MI,26059,
12760,Camden,MI,26059,
12980,Canada Creek Ranch,MI,26119,
13010,Canadian Lakes,MI,26107,
13100,Cannonsburg,MI,26081,
13140,Capac,MI,26147,
13220,Carleton,MI,26115,
13400,Carney,MI,26109,
13420,Caro,MI,26157,
13480,Carp Lake,MI,26047,
13600,Carson City,MI,26117,
13620,Carsonville,MI,26151,
13760,Caseville,MI,26063,
13820,Casnovia,MI,26081 26121,
13860,Caspian,MI,26071,
13880,Cass City,MI,26157,
13900,Cassopolis,MI,26027,
14020,Cedar,MI,26089,
14200,Cedar Springs,MI,26081,
14260,Cement City,MI,26075 26091,
14320,Center Line,MI,26099,
14400,Central Lake,MI,26009,
14460,Centreville,MI,26149,
14780,Charlevoix,MI,26029,
14820,Charlotte,MI,26045,
14900,Chassell,MI,26061,
14940,Chatham,MI,26003,
15000,Cheboygan,MI,26031,
15020,Chelsea,MI,26161,
15140,Chesaning,MI,26145,
15715,Chums Corner,MI,26055,
15920,Clare,MI,26035 26073,
16140,Clarksville,MI,26067,
16160,Clawson,MI,26125,
16280,Clayton,MI,26091,
16420,Clifford,MI,26087,
16440,Climax,MI,26077,
16480,Clinton,MI,26091,
16620,Clio,MI,26049,
17020,Coldwater,MI,26023,
17100,Coleman,MI,26111,
17320,Coloma,MI,26021,
17360,Colon,MI,26149,
17460,Columbiaville,MI,26087,
17690,Comstock Northwest,MI,26077,
17700,Comstock Park,MI,26081,
17740,Concord,MI,26075,
17840,Constantine,MI,26149,
17900,Conway,MI,26047,
18020,Coopersville,MI,26139,
18040,Copemish,MI,26101,
18080,Copper City,MI,26061,
18100,Copper Harbor,MI,26083,
18300,Corunna,MI,26155,
18580,Covington,MI,26013,
18880,Cross Village,MI,26047,
18920,Croswell,MI,26151,
19060,Crystal,MI,26117,
19135,Crystal Downs Country Club,MI,26019,
19140,Crystal Falls,MI,26071,
19195,Crystal Mountain,MI,26019,
19420,Custer,MI,26105,
19500,Cutlerville,MI,26081,
19560,Daggett,MI,26109,
19780,Dansville,MI,26065,
19880,Davison,MI,26049,
21000,Dearborn,MI,26163,
21020,Dearborn Heights,MI,26163,
21040,Decatur,MI,26159,
21100,Deckerville,MI,26151,
21180,Deerfield,MI,26091,
21560,Delton,MI,26015,
21780,De Tour Village,MI,26033,
22000,Detroit,MI,26163,
22040,Detroit Beach,MI,26115,
22120,DeWitt,MI,26037,
22160,Dexter,MI,26161,
22380,Dimondale,MI,26045,
22500,Dodgeville,MI,26061,
22520,Dollar Bay,MI,26061,
22660,Dorr,MI,26005,
22740,Douglas,MI,26005,
22880,Dowagiac,MI,26027,
22900,Dowling,MI,26015,
23140,Dryden,MI,26087,
23380,Dundee,MI,26115,
23500,Durand,MI,26155,
23560,Eagle,MI,26037,
23600,Eagle Harbor,MI,26083,
23740,Eagle River,MI,26083,
23980,East Grand Rapids,MI,26081,
24020,East Jordan,MI,26029,
24060,Eastlake,MI,26101,
24120,East Lansing,MI,26037 26065,
24290,Eastpointe,MI,26099,
24300,Eastport,MI,26009,
24420,East Tawas,MI,26069,
24500,Eastwood,MI,26077,
24540,Eaton Rapids,MI,26045,
24580,Eau Claire,MI,26021,
24740,Ecorse,MI,26163,
24880,Edgemont Park,MI,26065,
25000,Edmore,MI,26117,
25040,Edwardsburg,MI,26027,
25180,Elberta,MI,26019,
25320,Elk Rapids,MI,26009,
25360,Elkton,MI,26063,
25420,Ellsworth,MI,26009,
25580,Elm Hall,MI,26057,
25780,Elsie,MI,26037,
25940,Emmett,MI,26147,
25980,Empire,MI,26089,
26360,Escanaba,MI,26041,
26420,Essexville,MI,26017,
26460,Estral Beach,MI,26115,
26500,Eureka,MI,26037,
26640,Evart,MI,26133,
26820,Ewen,MI,26131,
27080,Fairgrove,MI,26157,
27160,Fair Plain,MI,26021,
27320,Falmouth,MI,26113,
27380,Farmington,MI,26125,
27440,Farmington Hills,MI,26125,
27500,Farwell,MI,26035,
27740,Fennville,MI,26005,
27760,Fenton,MI,26049 26093 26125,
27880,Ferndale,MI,26125,
27960,Ferrysburg,MI,26139,
28000,Fife Lake,MI,26055,
28060,Filer City,MI,26101,
28360,Flat Rock,MI,26115 26163,
29000,Flint,MI,26049,
29200,Flushing,MI,26049,
29580,Forest Hills,MI,26081,
29660,Forestville,MI,26151,
29920,Fostoria,MI,26157,
29940,Fountain,MI,26105,
30040,Fowler,MI,26037,
30060,Fowlerville,MI,26093,
30200,Frankenmuth,MI,26145,
30260,Frankfort,MI,26019,
30340,Franklin,MI,26125,
30420,Fraser,MI,26099,
30540,Freeland,MI,26145,
30580,Freeport,MI,26015,
30600,Free Soil,MI,26105,
30700,Fremont,MI,26123,
31000,Fruitport,MI,26121,
31120,Fulton,MI,26083,
31160,Gaastra,MI,26071,
31180,Gagetown,MI,26157,
31200,Gaines,MI,26049,
31260,Galesburg,MI,26077,
31300,Galien,MI,26021,
31380,Garden,MI,26041,
31420,Garden City,MI,26163,
31720,Gaylord,MI,26137,
32020,Gibraltar,MI,26163,
32300,Gladstone,MI,26041,
32320,Gladwin,MI,26051,
32360,Glen Arbor,MI,26089,
32640,Gobles,MI,26159,
32980,Goodrich,MI,26049,
33260,Grand Beach,MI,26021,
33280,Grand Blanc,MI,26049,
33340,Grand Haven,MI,26139,
33420,Grand Ledge,MI,26037 26045,
33440,Grand Marais,MI,26003,
34000,Grand Rapids,MI,26081,
34160,Grandville,MI,26081,
34360,Grant,MI,26123,
34480,Grass Lake,MI,26075,
34620,Grawn,MI,26055,
34640,Grayling,MI,26039,
34980,Greenland,MI,26131,
35100,Greenville,MI,26117,
35300,Greilickville,MI,26089,
35480,Grosse Pointe,MI,26163,
35520,Grosse Pointe Farms,MI,26163,
35540,Grosse Pointe Park,MI,26163,
35580,Grosse Pointe Woods,MI,26163,
35760,Gwinn,MI,26103,
36280,Hamtramck,MI,26163,
36300,Hancock,MI,26061,
36380,Hanover,MI,26075,
36460,Harbor Beach,MI,26063,
36560,Harbor Springs,MI,26047,
36585,Hardwood Acres,MI,26019,
36590,Haring,MI,26165,
36700,Harper Woods,MI,26163,
36720,Harrietta,MI,26165,
36800,Harrison,MI,26035,
36860,Harrisville,MI,26001,
36920,Hart,MI,26127,
36960,Hartford,MI,26159,
37020,Hartland,MI,26093,
37080,Harvey,MI,26103,
37100,Haslett,MI,26065,
37120,Hastings,MI,26015,
37420,Hazel Park,MI,26125,
37600,Hemlock,MI,26145,
37620,Henderson,MI,26155,
37760,Hermansville,MI,26109,
37820,Hersey,MI,26133,
37860,Hesperia,MI,26123 26127,
37960,Hickory Corners,MI,26015,
38180,Highland Park,MI,26163,
38380,Hillman,MI,26007 26119,
38460,Hillsdale,MI,26059,
38640,Holland,MI,26005 26139,
38700,Holly,MI,26125,
38780,Holt,MI,26065,
38920,Homer,MI,26025,
39080,Honor,MI,26019,
39180,Hopkins,MI,26005,
39340,Horton Bay,MI,26029,
39360,Houghton,MI,26061,
39400,Houghton Lake,MI,26143,
39500,Howard City,MI,26117,
39540,Howell,MI,26093,
39634,Hubbard Lake,MI,26001,
39660,Hubbardston,MI,26037 26067,
39680,Hubbell,MI,26061,
39720,Hudson,MI,26091,
39800,Hudsonville,MI,26139,
40000,Huntington Woods,MI,26125,
40160,Hurontown,MI,26061,
40240,Ida,MI,26115,
40320,Imlay City,MI,26087,
40480,Indian River,MI,26031,
40680,Inkster,MI,26163,
40800,Interlochen,MI,26055,
40860,Ionia,MI,26067,
40960,Iron Mountain,MI,26043,
40980,Iron River,MI,26071,
41040,Ironton,MI,26029,
41060,Ironwood,MI,26053,
41220,Ishpeming,MI,26103,
41340,Ithaca,MI,26057,
41420,Jackson,MI,26075,
41540,Jasper,MI,26091,
41680,Jenison,MI,26139,
41720,Jennings,MI,26113,
41920,Jonesville,MI,26059,
42160,Kalamazoo,MI,26077,
42240,Kaleva,MI,26101,
42260,Kalkaska,MI,26079,
42460,Keego Harbor,MI,26125,
42780,Kent City,MI,26081,
42820,Kentwood,MI,26081,
43180,Kincheloe,MI,26033,
43220,Kinde,MI,26063,
43300,Kingsford,MI,26043,
43340,Kingsley,MI,26055,
43380,Kingston,MI,26157,
43558,K. I. Sawyer,MI,26103,
44200,Laingsburg,MI,26155,
44440,Lake Angelus,MI,26125,
44460,Lake Ann,MI,26019,
44480,Lake City,MI,26113,
44520,Lake Fenton,MI,26049,
44620,Lake Gogebic,MI,26131,
44715,Lake Isabella,MI,26073,
44752,Lake LeAnn,MI,26059,
44760,Lake Leelanau,MI,26089,
44780,Lake Linden,MI,26061,
44820,Lake Michigan Beach,MI,26021,
44880,Lake Odessa,MI,26067,
44940,Lake Orion,MI,26125,
45000,Lakeport,MI,26147,
45144,Lakes of the North,MI,26009,
45190,Lake Victoria,MI,26037,
45240,Lakeview,MI,26117,
45340,Lakewood Club,MI,26121,
45420,Lambertville,MI,26115,
45440,Lamont,MI,26139,
45540,L'Anse,MI,26013,
46000,Lansing,MI,26037 26045 26065,
46040,Lapeer,MI,26087,
46320,Lathrup Village,MI,26125,
46360,Laurium,MI,26061,
46440,Lawrence,MI,26159,
46500,Lawton,MI,26159,
46800,Leland,MI,26089,
46880,Lennon,MI,26049 26155,
46940,Leonard,MI,26125,
47100,Le Roy,MI,26133,
47180,Leslie,MI,26065,
47230,Level Park-Oak Park,MI,26025,
47240,Levering,MI,26047,
47260,Lewiston,MI,26119,
47280,Lexington,MI,26151,
47560,Lincoln,MI,26001,
47800,Lincoln Park,MI,26163,
47820,Linden,MI,26049,
47980,Litchfield,MI,26059,
49000,Livonia,MI,26163,
49400,Loomis,MI,26073,
49450,Lost Lake Woods,MI,26001,
49540,Lowell,MI,26081,
49640,Ludington,MI,26105,
49700,Luna Pier,MI,26115,
49720,Lupton,MI,26129,
49740,Luther,MI,26085,
49900,Lyons,MI,26067,
49980,McBain,MI,26113,
50000,McBride,MI,26117,
50280,Mackinac Island,MI,26097,
50320,Mackinaw City,MI,26031 26047,
50560,Madison Heights,MI,26125,
50620,Mancelona,MI,26009,
50660,Manchester,MI,26161,
50720,Manistee,MI,26101,
50755,Manistee Lake,MI,26079,
50760,Manistique,MI,26153,
50830,Manitou Beach-Devils Lake,MI,26091,
50880,Manton,MI,26165,
50920,Maple City,MI,26089,
50970,Maple Grove,MI,26019,
51200,Maple Rapids,MI,26037,
51460,Marcellus,MI,26027,
51540,Marenisco,MI,26053,
51600,Marine City,MI,26147,
51660,Marion,MI,26133,
51820,Marlette,MI,26151,
51900,Marquette,MI,26103,
51940,Marshall,MI,26025,
51980,Martin,MI,26005,
52080,Marysville,MI,26147,
52180,Mason,MI,26065,
52280,Mass City,MI,26131,
52380,Mattawan,MI,26159,
52440,Maybee,MI,26115,
52540,Mayville,MI,26157,
52720,Mears,MI,26127,
52760,Mecosta,MI,26107,
52920,Melvin,MI,26151,
52940,Melvindale,MI,26163,
52960,Memphis,MI,26099 26147,
52980,Mendon,MI,26149,
53020,Menominee,MI,26109,
53180,Merrill,MI,26145,
53320,Mesick,MI,26165,
53340,Metamora,MI,26087,
53500,Michiana,MI,26021,
53520,Michigamme,MI,26103,
53580,Michigan Center,MI,26075,
53730,Middletown,MI,26155,
53760,Middleville,MI,26015,
53780,Midland,MI,26017 26111,
53920,Milan,MI,26115 26161,
53960,Milford,MI,26125,
54025,Millburg,MI,26021,
54120,Millersburg,MI,26141,
54132,Millers Lake,MI,26087,
54220,Millington,MI,26157,
54560,Minden City,MI,26151,
54660,Mio,MI,26135,
54820,Mohawk,MI,26083,
55020,Monroe,MI,26115,
55100,Montague,MI,26121,
55220,Montgomery,MI,26059,
55280,Montrose,MI,26049,
55500,Morenci,MI,26091,
55540,Morley,MI,26107,
55560,Morrice,MI,26155,
55820,Mount Clemens,MI,26099,
55960,Mount Morris,MI,26049,
56020,Mount Pleasant,MI,26073,
56080,Muir,MI,26067,
56140,Mulliken,MI,26045,
56200,Munising,MI,26003,
56320,Muskegon,MI,26121,
56360,Muskegon Heights,MI,26121,
56620,Napoleon,MI,26075,
56680,Nashville,MI,26015,
56760,Naubinway,MI,26097,
56860,Negaunee,MI,26103,
56960,Nessen City,MI,26019,
57080,Newaygo,MI,26123,
57100,New Baltimore,MI,26099,
57140,Newberry,MI,26095,
57220,New Buffalo,MI,26021,
57280,New Era,MI,26127,
57380,New Haven,MI,26099,
57520,New Lothrop,MI,26155,
57660,New Troy,MI,26021,
57760,Niles,MI,26021 26027,
57920,North Adams,MI,26059,
58080,North Branch,MI,26087,
58640,North Muskegon,MI,26121,
58740,Northport,MI,26089,
58945,Northview,MI,26081,
58980,Northville,MI,26125 26163,
59140,Norton Shores,MI,26121,
59220,Norway,MI,26043,
59320,Norwood,MI,26029,
59440,Novi,MI,26125,
59520,Nunica,MI,26139,
59740,Oak Hill,MI,26101,
59860,Oakley,MI,26145,
59920,Oak Park,MI,26125,
60180,Oden,MI,26047,
60340,Okemos,MI,26065,
60580,Olivet,MI,26045,
60640,Omena,MI,26089,
60660,Omer,MI,26011,
60680,Onaway,MI,26141,
60740,Onekama,MI,26101,
60840,Onsted,MI,26091,
60860,Ontonagon,MI,26131,
61020,Orchard Lake Village,MI,26125,
61220,Ortonville,MI,26125,
61320,Oscoda,MI,26069,
61500,Ossineke,MI,26007,
61600,Otisville,MI,26049,
61620,Otsego,MI,26005,
61760,Otter Lake,MI,26049 26087,
61860,Ovid,MI,26037,
61920,Owendale,MI,26063,
61940,Owosso,MI,26155,
62020,Oxford,MI,26125,
62120,Painesdale,MI,26061,
62180,Palmer,MI,26103,
62260,Palo,MI,26067,
62340,Parchment,MI,26077,
62400,Paris,MI,26107,
62500,Parkdale,MI,26101,
62740,Parma,MI,26075,
62980,Paw Paw,MI,26159,
63020,Paw Paw Lake,MI,26021,
63200,Pearl Beach,MI,26147,
63260,Peck,MI,26151,
63280,Pelkie,MI,26013,
63300,Pellston,MI,26047,
63540,Pentwater,MI,26127,
63660,Perrinton,MI,26057,
63700,Perry,MI,26155,
63800,Petersburg,MI,26115,
63820,Petoskey,MI,26047,
63900,Pewamo,MI,26067,
64020,Pierson,MI,26117,
64060,Pigeon,MI,26063,
64100,Pilgrim,MI,26019,
64140,Pinckney,MI,26093,
64160,Pinconning,MI,26017,
64600,Pittsford,MI,26059,
64740,Plainwell,MI,26005,
64900,Pleasant Ridge,MI,26125,
65060,Plymouth,MI,26163,
65420,Pon-she-wa-ing,MI,26047,
65440,Pontiac,MI,26125,
65560,Portage,MI,26077,
65680,Port Austin,MI,26063,
65800,Port Hope,MI,26063,
65820,Port Huron,MI,26147,
65860,Portland,MI,26067,
65900,Port Sanilac,MI,26151,
66000,Posen,MI,26141,
66100,Potterville,MI,26045,
66140,Powers,MI,26109,
66300,Prescott,MI,26129,
66343,Presque Isle Harbor,MI,26141,
66400,Prudenville,MI,26143,
66640,Quincy,MI,26023,
66720,Quinnesec,MI,26043,
66980,Ramsay,MI,26053,
67140,Rapid City,MI,26079,
67160,Rapid River,MI,26041,
67280,Ravenna,MI,26121,
67500,Reading,MI,26059,
67820,Reed City,MI,26133,
67900,Reese,MI,26145 26157,
67980,Republic,MI,26103,
68240,Richland,MI,26077,
68380,Richmond,MI,26099 26147,
68720,Riverdale,MI,26057,
68760,River Rouge,MI,26163,
68880,Riverview,MI,26163,
68990,Robin Glen-Indiantown,MI,26145,
69020,Rochester,MI,26125,
69035,Rochester Hills,MI,26125,
69060,Rock,MI,26041,
69080,Rockford,MI,26081,
69120,Rockland,MI,26131,
69180,Rockwood,MI,26163,
69260,Rogers City,MI,26141,
69400,Romeo,MI,26099,
69420,Romulus,MI,26163,
69520,Roosevelt Park,MI,26121,
69540,Roscommon,MI,26143,
69640,Rosebush,MI,26073,
69680,Rose City,MI,26129,
69800,Roseville,MI,26099,
69880,Rothbury,MI,26127,
70040,Royal Oak,MI,26125,
70160,Ruby,MI,26147,
70520,Saginaw,MI,26145,
70640,St. Charles,MI,26145,
70680,St. Clair,MI,26147,
70760,St. Clair Shores,MI,26099,
70800,St. Helen,MI,26143,
70840,St. Ignace,MI,26097,
70900,St. James,MI,26029,
70940,St. Johns,MI,26037,
70960,St. Joseph,MI,26021,
71000,St. Louis,MI,26057,
71140,Saline,MI,26161,
71340,Sand Lake,MI,26069,
71360,Sand Lake,MI,26081,
71540,Sandusky,MI,26151,
71560,Sanford,MI,26111,
71660,Saranac,MI,26067,
71700,Saugatuck,MI,26005,
71740,Sault Ste. Marie,MI,26033,
71860,Schoolcraft,MI,26077,
72060,Scotts,MI,26077,
72080,Scottville,MI,26105,
72180,Sebewaing,MI,26063,
72700,Shaftsburg,MI,26155,
72840,Shelby,MI,26127,
72960,Shepherd,MI,26073,
73100,Sheridan,MI,26117,
73420,Sherwood,MI,26023,
73560,Shields,MI,26145,
73660,Shoreham,MI,26021,
73730,Shorewood-Tower Hills-Harbert,MI,26021,
74120,Skanee,MI,26013,
74200,Skidway Lake,MI,26129,
74380,Snover,MI,26151,
74740,South Boardman,MI,26079,
74900,Southfield,MI,26125,
74960,Southgate,MI,26163,
74975,South Gull Lake,MI,26077,
74980,South Haven,MI,26005 26159,
75100,South Lyon,MI,26125,
75140,South Monroe,MI,26115,
75220,South Range,MI,26061,
75280,South Rockwood,MI,26115,
75420,Sparta,MI,26081,
75620,Spring Arbor,MI,26075,
75700,Springfield,MI,26025,
75820,Spring Lake,MI,26139,
75860,Springport,MI,26075,
76120,Standish,MI,26011,
76220,Stanton,MI,26117,
76240,Stanwood,MI,26107,
76380,Stephenson,MI,26109,
76420,Sterling,MI,26011,
76460,Sterling Heights,MI,26099,
76500,Stevensville,MI,26021,
76560,Stockbridge,MI,26065,
76720,Stony Point,MI,26115,
76820,Stronach,MI,26101,
76960,Sturgis,MI,26149,
77420,Sunfield,MI,26045,
77600,Suttons Bay,MI,26089,
77700,Swartz Creek,MI,26049,
77860,Sylvan Lake,MI,26125,
78140,Tawas City,MI,26069,
79000,Taylor,MI,26163,
79120,Tecumseh,MI,26091,
79160,Tekonsha,MI,26025,
79240,Temperance,MI,26115,
79600,Thompsonville,MI,26019,
79680,Three Lakes,MI,26013,
79720,Three Oaks,MI,26021,
79760,Three Rivers,MI,26149,
80200,Tower,MI,26031,
80340,Traverse City,MI,26055 26089,
80420,Trenton,MI,26163,
80480,Trimountain,MI,26061,
80660,Trowbridge Park,MI,26103,
80700,Troy,MI,26125,
80720,Trufant,MI,26117,
80820,Turner,MI,26011,
80960,Tustin,MI,26133,
81020,Twining,MI,26011,
81040,Twin Lake,MI,26121,
81200,Ubly,MI,26063,
81360,Union City,MI,26023 26025,
81420,Unionville,MI,26157,
81540,Utica,MI,26099,
81680,Vandalia,MI,26027,
81700,Vanderbilt,MI,26137,
81740,Vandercook Lake,MI,26075,
81840,Vassar,MI,26157,
81960,Vermontville,MI,26045,
82020,Vernon,MI,26155,
82300,Vicksburg,MI,26077,
82450,Village of Clarkston,MI,26125,
82453,Village of Grosse Pointe Shores,MI,26099 26163,
82490,Vineyard Lake,MI,26075,
82680,Wacousta,MI,26037,
82780,Wakefield,MI,26053,
82880,Waldron,MI,26059,
82960,Walker,MI,26081,
83020,Walkerville,MI,26127,
83060,Walled Lake,MI,26125,
83140,Walloon Lake,MI,26029,
84000,Warren,MI,26099,
84360,Watersmeet,MI,26053,
84500,Watervliet,MI,26021,
84800,Waverly,MI,26045,
84880,Wayland,MI,26005,
84940,Wayne,MI,26163,
85080,Webberville,MI,26065,
85110,Wedgewood,MI,26165,
85140,Weidman,MI,26073,
85300,Wellston,MI,26101,
85580,West Branch,MI,26129,
85700,West Ishpeming,MI,26103,
86000,Westland,MI,26163,
86050,West Monroe,MI,26115,
86120,Westphalia,MI,26037,
86380,Westwood,MI,26077,
86680,White Cloud,MI,26123,
86780,Whitehall,MI,26121,
86920,White Pigeon,MI,26149,
86960,White Pine,MI,26131,
87060,Whitmore Lake,MI,26093 26161,
87140,Whittemore,MI,26069,
87420,Williamston,MI,26065,
87920,Winn,MI,26073,
88140,Wixom,MI,26125,
88220,Wolf Lake,MI,26121,
88240,Wolverine,MI,26031,
88260,Wolverine Lake,MI,26125,
88380,Woodhaven,MI,26163,
88420,Woodland,MI,26015,
88480,Woodland Beach,MI,26115,
88900,Wyandotte,MI,26163,
88940,Wyoming,MI,26081,
89000,Yale,MI,26147,
89140,Ypsilanti,MI,26161,
89240,Zeba,MI,26013,
89260,Zeeland,MI,26139,
89320,Zilwaukee,MI,26145,
00172,Ada,MN,27107,
00190,Adams,MN,27099,
00262,Adrian,MN,27105,
00316,Afton,MN,27163,
00460,Aitkin,MN,27001,
00496,Akeley,MN,27057,
00622,Albany,MN,27145,
00676,Alberta,MN,27149,
00694,Albert Lea,MN,27047,
00730,Albertville,MN,27171,
00838,Alden,MN,27047,
00892,Aldrich,MN,27159,
00928,Alexandria,MN,27041,
01162,Alpha,MN,27063,
01234,Altura,MN,27169,
01252,Alvarado,MN,27089,
01324,Amboy,MN,27013,
01486,Andover,MN,27003,
01558,Angle Inlet,MN,27077,
01684,Annandale,MN,27171,
01720,Anoka,MN,27003,
01864,Appleton,MN,27151,
01900,Apple Valley,MN,27037,
01972,Arco,MN,27081,
02026,Arden Hills,MN,27123,
02134,Argyle,MN,27089,
02152,Arlington,MN,27143,
02422,Ashby,MN,27051,
02548,Askov,MN,27115,
02692,Atwater,MN,27067,
02728,Audubon,MN,27005,
02872,Aurora,MN,27137,
02908,Austin,MN,27099,
03052,Avoca,MN,27101,
03070,Avon,MN,27145,
03106,Babbitt,MN,27137,
03124,Backus,MN,27021,
03160,Badger,MN,27135,
03196,Bagley,MN,27029,
03214,Baker,MN,27027,
03250,Balaton,MN,27083,
03282,Baldwin,MN,27141,
03376,Ball Club,MN,27061,
03574,Barnesville,MN,27027,
03628,Barnum,MN,27017,
03682,Barrett,MN,27051,
03718,Barry,MN,27011,
03970,Battle Lake,MN,27111,
04024,Baudette,MN,27077,
04042,Baxter,MN,27035,
04114,Bayport,MN,27163,
04204,Beardsley,MN,27011,
04348,Beaulieu,MN,27087,
04456,Beaver Bay,MN,27075,
04492,Beaver Creek,MN,27133,
04618,Becker,MN,27141,
04672,Bejou,MN,27087,
04762,Belgrade,MN,27145,
04798,Bellechester,MN,27049 27157,
04834,Belle Plaine,MN,27139,
04960,Bellingham,MN,27073,
05014,Beltrami,MN,27119,
05050,Belview,MN,27127,
05068,Bemidji,MN,27007,
05104,Bena,MN,27021,
05212,Benson,MN,27151,
05482,Bertha,MN,27153,
05554,Bethel,MN,27003,
05644,Bigelow,MN,27105,
05680,Big Falls,MN,27071,
05698,Bigfork,MN,27061,
05744,Big Lake,MN,27017,
05752,Big Lake,MN,27141,
05896,Bingham Lake,MN,27033,
06058,Birchwood Village,MN,27163,
06076,Bird Island,MN,27129,
06112,Biscay,MN,27085,
06148,Biwabik,MN,27137,
06256,Blackduck,MN,27007,
06382,Blaine,MN,27003 27123,
06490,Blomkest,MN,27067,
06580,Blooming Prairie,MN,27039 27147,
06616,Bloomington,MN,27053,
06688,Blue Earth,MN,27043,
06778,Bluffton,MN,27111,
06814,Bock,MN,27095,
07030,Borup,MN,27107,
07048,Bovey,MN,27061,
07066,Bowlus,MN,27097,
07138,Boyd,MN,27073,
07174,Boy River,MN,27021,
07282,Braham,MN,27059 27065,
07300,Brainerd,MN,27035,
07336,Brandon,MN,27041,
07462,Breckenridge,MN,27167,
07516,Breezy Point,MN,27035,
07660,Brewster,MN,27105,
07678,Bricelyn,MN,27043,
07948,Brooklyn Center,MN,27053,
07966,Brooklyn Park,MN,27053,
07984,Brook Park,MN,27115,
08038,Brooks,MN,27125,
08056,Brookston,MN,27137,
08092,Brooten,MN,27121 27145,
08110,Browerville,MN,27153,
08164,Brownsdale,MN,27099,
08200,Browns Valley,MN,27155,
08218,Brownsville,MN,27055,
08254,Brownton,MN,27085,
08290,Bruno,MN,27115,
08416,Buckman,MN,27097,
08452,Buffalo,MN,27171,
08488,Buffalo Lake,MN,27129,
08524,Buhl,MN,27137,
08794,Burnsville,MN,27037,
08902,Burtrum,MN,27153,
08992,Butterfield,MN,27165,
09154,Byron,MN,27109,
09226,Caledonia,MN,27055,
09280,Callaway,MN,27005,
09316,Calumet,MN,27061,
09370,Cambridge,MN,27059,
09496,Campbell,MN,27167,
09604,Canby,MN,27173,
09730,Cannon Falls,MN,27049,
09802,Canton,MN,27045,
09964,Carlos,MN,27041,
10018,Carlton,MN,27017,
10144,Carver,MN,27019,
10252,Cass Lake,MN,27021,
10468,Cedar Mills,MN,27093,
10576,Center City,MN,27025,
10648,Centerville,MN,27003,
10792,Ceylon,MN,27091,
10846,Champlin,MN,27053,
10900,Chandler,MN,27101,
10918,Chanhassen,MN,27019 27053,
10972,Chaska,MN,27019,
11008,Chatfield,MN,27045 27109,
11296,Chickamaw Beach,MN,27021,
11350,Chisago City,MN,27025,
11386,Chisholm,MN,27137,
11440,Chokio,MN,27149,
11494,Circle Pines,MN,27003,
11548,Clara City,MN,27023,
11566,Claremont,MN,27039,
11602,Clarissa,MN,27153,
11656,Clarkfield,MN,27173,
11674,Clarks Grove,MN,27047,
11746,Clearbrook,MN,27029,
11764,Clear Lake,MN,27141,
11800,Clearwater,MN,27145 27171,
11836,Clements,MN,27127,
11872,Cleveland,MN,27079,
11962,Climax,MN,27119,
11980,Clinton,MN,27011,
12088,Clitherall,MN,27111,
12124,Clontarf,MN,27151,
12160,Cloquet,MN,27017,
12376,Coates,MN,27037,
12394,Cobden,MN,27015,
12412,Cohasset,MN,27061,
12430,Cokato,MN,27171,
12484,Cold Spring,MN,27145,
12502,Coleraine,MN,27061,
12664,Cologne,MN,27019,
12700,Columbia Heights,MN,27003,
12718,Columbus,MN,27003,
12772,Comfrey,MN,27015 27033,
12862,Comstock,MN,27027,
12952,Conger,MN,27047,
13006,Cook,MN,27137,
13114,Coon Rapids,MN,27003,
13168,Corcoran,MN,27053,
13384,Correll,MN,27011,
13420,Cosmos,MN,27093,
13456,Cottage Grove,MN,27163,
13564,Cottonwood,MN,27083,
13582,Courtland,MN,27103,
13708,Credit River,MN,27139,
13780,Cromwell,MN,27017,
13870,Crookston,MN,27119,
13924,Crosby,MN,27035,
13978,Crosslake,MN,27035,
14054,Crown College,MN,27019,
14158,Crystal,MN,27053,
14320,Currie,MN,27101,
14428,Cuyuna,MN,27035,
14446,Cyrus,MN,27121,
14518,Dakota,MN,27169,
14626,Dalton,MN,27111,
14716,Danube,MN,27129,
14734,Danvers,MN,27151,
14770,Darfur,MN,27165,
14842,Darwin,MN,27093,
14878,Dassel,MN,27093,
14968,Dawson,MN,27073,
15022,Dayton,MN,27053 27171,
15148,Deephaven,MN,27053,
15184,Deer Creek,MN,27111,
15310,Deer River,MN,27061,
15346,Deerwood,MN,27035,
15418,De Graff,MN,27151,
15454,Delano,MN,27171,
15472,Delavan,MN,27043,
15544,Delhi,MN,27127,
15616,Dellwood,MN,27163,
15670,Denham,MN,27115,
15706,Dennison,MN,27049 27131,
15724,Dent,MN,27111,
15832,Detroit Lakes,MN,27005,
15886,Dexter,MN,27099,
15976,Dilworth,MN,27027,
15994,Dodge Center,MN,27039,
16030,Donaldson,MN,27069,
16084,Donnelly,MN,27149,
16156,Doran,MN,27167,
16264,Dover,MN,27109,
16300,Dovray,MN,27101,
16390,Dresbach,MN,27169,
17000,Duluth,MN,27137,
17090,Dumont,MN,27155,
17126,Dundas,MN,27131,
17144,Dundee,MN,27105,
17180,Dunnell,MN,27091,
17288,Eagan,MN,27037,
17342,Eagle Bend,MN,27153,
17378,Eagle Lake,MN,27013,
17486,East Bethel,MN,27003,
17612,East Grand Forks,MN,27119,
17630,East Gull Lake,MN,27021,
17738,Easton,MN,27043,
17882,Ebro,MN,27029,
17900,Echo,MN,27173,
18116,Eden Prairie,MN,27053,
18134,Eden Valley,MN,27093 27145,
18152,Edgerton,MN,27117,
18188,Edina,MN,27053,
18260,Effie,MN,27061,
18368,Eitzen,MN,27055,
18386,Elba,MN,27169,
18440,Elbow Lake,MN,27005 27029,
18458,Elbow Lake,MN,27051,
18530,Elgin,MN,27157,
18566,Elizabeth,MN,27111,
18662,Elko New Market,MN,27139,
18674,Elk River,MN,27141,
18728,Elkton,MN,27099,
18746,Ellendale,MN,27147,
18836,Ellsworth,MN,27105,
18872,Elmdale,MN,27097,
18998,Elmore,MN,27043,
19088,Elrosa,MN,27145,
19142,Ely,MN,27137,
19160,Elysian,MN,27079 27161,
19286,Emily,MN,27035,
19340,Emmons,MN,27047,
19358,Empire,MN,27037,
19556,Erhard,MN,27111,
19700,Erskine,MN,27119,
19718,Esko,MN,27017,
19754,Essig,MN,27015,
19880,Evan,MN,27015,
19898,Evansville,MN,27041,
19934,Eveleth,MN,27137,
20078,Excelsior,MN,27053,
20114,Eyota,MN,27109,
20222,Fairfax,MN,27129,
20276,Fairhaven,MN,27145,
20330,Fairmont,MN,27091,
20420,Falcon Heights,MN,27123,
20546,Faribault,MN,27131,
20618,Farmington,MN,27037,
20690,Farwell,MN,27121,
20798,Federal Dam,MN,27021,
20834,Felton,MN,27027,
20906,Fergus Falls,MN,27111,
20978,Fertile,MN,27119,
21032,Fifty Lakes,MN,27035,
21104,Finland,MN,27075,
21122,Finlayson,MN,27115,
21158,Fisher,MN,27119,
21196,Fish Lake,MN,27063,
21266,Flensburg,MN,27097,
21338,Floodwood,MN,27137,
21410,Florence,MN,27083,
21536,Foley,MN,27009,
21608,Forada,MN,27041,
21770,Forest Lake,MN,27163,
21824,Foreston,MN,27095,
21932,Fort Ripley,MN,27035,
21986,Fosston,MN,27119,
22094,Fountain,MN,27045,
22202,Foxhome,MN,27167,
22364,Franklin,MN,27129,
22472,Frazee,MN,27005,
22526,Freeborn,MN,27047,
22652,Freeport,MN,27145,
22814,Fridley,MN,27003,
22904,Frontenac,MN,27049,
22940,Frost,MN,27043,
22958,Fulda,MN,27101,
22976,Funkley,MN,27007,
23084,Garden City,MN,27013,
23120,Garfield,MN,27041,
23192,Garrison,MN,27035,
23228,Garvin,MN,27083,
23246,Gary,MN,27107,
23300,Gaylord,MN,27143,
23318,Gem Lake,MN,27123,
23354,Geneva,MN,27047,
23444,Genola,MN,27097,
23498,Georgetown,MN,27027,
23660,Ghent,MN,27083,
23678,Gibbon,MN,27143,
23714,Gilbert,MN,27137,
23804,Gilman,MN,27009,
23948,Glencoe,MN,27085,
24056,Glenville,MN,27047,
24074,Glenwood,MN,27121,
24182,Glyndon,MN,27027,
24308,Golden Valley,MN,27053,
24344,Gonvick,MN,27029,
24398,Goodhue,MN,27049,
24434,Goodland,MN,27061,
24470,Goodridge,MN,27113,
24506,Good Thunder,MN,27013,
24524,Goodview,MN,27169,
24758,Graceville,MN,27011,
24884,Granada,MN,27091,
24992,Grand Marais,MN,27031,
25010,Grand Meadow,MN,27099,
25118,Grand Rapids,MN,27061,
25280,Granite Falls,MN,27023 27173,
25334,Grant,MN,27163,
25424,Grasston,MN,27065,
25604,Greenbush,MN,27135,
25622,Greenfield,MN,27053,
25658,Green Isle,MN,27143,
25874,Greenwald,MN,27145,
25918,Greenwood,MN,27053,
26000,Grey Eagle,MN,27153,
26126,Grove City,MN,27093,
26216,Grygla,MN,27089,
26270,Gully,MN,27119,
26378,Hackensack,MN,27021,
26450,Hadley,MN,27101,
26576,Hallock,MN,27069,
26612,Halma,MN,27069,
26630,Halstad,MN,27107,
26666,Hamburg,MN,27019,
26738,Ham Lake,MN,27003,
26828,Hammond,MN,27157,
26864,Hampton,MN,27037,
26936,Hancock,MN,27149,
26972,Hanley Falls,MN,27173,
26990,Hanover,MN,27053 27171,
27008,Hanska,MN,27015,
27098,Harding,MN,27097,
27116,Hardwick,MN,27133,
27188,Harmony,MN,27045,
27278,Harris,MN,27025,
27404,Hartland,MN,27047,
27530,Hastings,MN,27037 27163,
27566,Hatfield,MN,27117,
27746,Hawley,MN,27027,
27872,Hayfield,MN,27039,
27944,Hayward,MN,27047,
28016,Hazel Run,MN,27173,
28124,Hector,MN,27129,
28214,Heidelberg,MN,27079,
28394,Henderson,MN,27143,
28430,Hendricks,MN,27081,
28484,Hendrum,MN,27107,
28520,Henning,MN,27111,
28574,Henriette,MN,27115,
28646,Herman,MN,27051,
28682,Hermantown,MN,27137,
28700,Heron Lake,MN,27063,
28754,Hewitt,MN,27153,
28790,Hibbing,MN,27137,
28862,High Forest,MN,27109,
29096,Hill City,MN,27001,
29150,Hillman,MN,27097,
29204,Hills,MN,27133,
29258,Hilltop,MN,27003,
29294,Hinckley,MN,27115,
29402,Hitterdal,MN,27027,
29474,Hoffman,MN,27051,
29510,Hokah,MN,27055,
29582,Holdingford,MN,27145,
29618,Holland,MN,27117,
29636,Hollandale,MN,27047,
29672,Holloway,MN,27151,
29870,Holt,MN,27089,
30014,Homer,MN,27169,
30140,Hopkins,MN,27053,
30230,Houston,MN,27055,
30284,Howard Lake,MN,27171,
30302,Hoyt Lakes,MN,27137,
30320,Hubbard,MN,27057,
30392,Hugo,MN,27163,
30446,Humboldt,MN,27069,
30644,Hutchinson,MN,27085,
30806,Ihlen,MN,27117,
30842,Independence,MN,27053,
30950,Inger,MN,27061,
31040,International Falls,MN,27071,
31076,Inver Grove Heights,MN,27037,
31094,Iona,MN,27101,
31238,Iron Junction,MN,27137,
31274,Ironton,MN,27035,
31328,Isanti,MN,27059,
31472,Isle,MN,27095,
31526,Ivanhoe,MN,27081,
31562,Jackson,MN,27063,
31706,Janesville,MN,27161,
31760,Jasper,MN,27117 27133,
31796,Jeffers,MN,27033,
31832,Jenkins,MN,27035,
32012,Johnson,MN,27011,
32174,Jordan,MN,27139,
32372,Kandiyohi,MN,27067,
32444,Karlstad,MN,27069,
32462,Kasota,MN,27079,
32498,Kasson,MN,27039,
32570,Keewatin,MN,27061,
32606,Kelliher,MN,27007,
32642,Kellogg,MN,27157,
32732,Kennedy,MN,27069,
32750,Kenneth,MN,27133,
32768,Kensington,MN,27041,
32786,Kent,MN,27167,
32840,Kenyon,MN,27049,
32876,Kerkhoven,MN,27151,
32912,Kerrick,MN,27115,
32966,Kettle River,MN,27017,
33056,Kiester,MN,27043,
33110,Kilkenny,MN,27079,
33164,Kimball,MN,27145,
33236,Kinbrae,MN,27105,
33344,Kingston,MN,27093,
33416,Kinney,MN,27137,
33578,Knife River,MN,27075,
33866,La Crescent,MN,27055 27169,
33920,Lafayette,MN,27103,
34100,Lake Benton,MN,27081,
34136,Lake Bronson,MN,27069,
34172,Lake City,MN,27049 27157,
34190,Lake Crystal,MN,27013,
34244,Lake Elmo,MN,27163,
34316,Lakefield,MN,27063,
34370,Lake George,MN,27057,
34478,Lake Henry,MN,27145,
34622,Lakeland,MN,27163,
34658,Lakeland Shores,MN,27163,
34676,Lake Lillian,MN,27067,
34784,Lake Park,MN,27005,
34865,Lake St. Croix Beach,MN,27163,
34928,Lake Shore,MN,27021,
35180,Lakeville,MN,27037,
35198,Lake Wilson,MN,27101,
35288,Lamberton,MN,27127,
35378,Lancaster,MN,27069,
35414,Landfall,MN,27163,
35450,Lanesboro,MN,27045,
35558,Lansing,MN,27099,
35612,Laporte,MN,27057,
35648,La Prairie,MN,27061,
35702,La Salle,MN,27165,
35720,Lastrup,MN,27097,
35738,Lauderdale,MN,27123,
36134,Le Center,MN,27079,
36404,Lengby,MN,27119,
36494,Leonard,MN,27029,
36530,Leonidas,MN,27137,
36548,Leota,MN,27105,
36620,Le Roy,MN,27099,
36728,Lester Prairie,MN,27085,
36746,Le Sueur,MN,27079 27143,
36800,Lewiston,MN,27169,
36818,Lewisville,MN,27165,
36836,Lexington,MN,27003,
37016,Lilydale,MN,27037,
37304,Lindstrom,MN,27025,
37322,Lino Lakes,MN,27003,
37412,Lismore,MN,27105,
37448,Litchfield,MN,27093,
37502,Little Canada,MN,27123,
37556,Little Falls,MN,27097,
37592,Littlefork,MN,27071,
37656,Little Rock,MN,27007,
37970,Long Beach,MN,27121,
38006,Long Lake,MN,27053,
38060,Long Prairie,MN,27153,
38114,Longville,MN,27021,
38150,Lonsdale,MN,27131,
38222,Loretto,MN,27053,
38258,Louisburg,MN,27073,
38366,Lowry,MN,27121,
38420,Lucan,MN,27127,
38546,Lutsen,MN,27031,
38564,Luverne,MN,27133,
38654,Lyle,MN,27099,
38708,Lynd,MN,27083,
38888,Mabel,MN,27045,
38996,McGrath,MN,27001,
39014,McGregor,MN,27001,
39050,McIntosh,MN,27119,
39140,McKinley,MN,27137,
39230,Madelia,MN,27165,
39266,Madison,MN,27073,
39320,Madison Lake,MN,27013,
39338,Magnolia,MN,27133,
39392,Mahnomen,MN,27087,
39394,Mahnomen,MN,27137,
39428,Mahtomedi,MN,27163,
39446,Mahtowa,MN,27017,
39716,Manchester,MN,27047,
39806,Manhattan Beach,MN,27035,
39878,Mankato,MN,27013 27079 27103,
39986,Mantorville,MN,27039,
40166,Maple Grove,MN,27053,
40220,Maple Lake,MN,27171,
40256,Maple Plain,MN,27053,
40310,Mapleton,MN,27013,
40346,Mapleview,MN,27099,
40382,Maplewood,MN,27123,
40418,Marble,MN,27061,
40526,Marietta,MN,27073,
40562,Marine on St. Croix,MN,27163,
40598,Marion,MN,27109,
40688,Marshall,MN,27083,
40814,Martin Lake,MN,27003,
41138,Mayer,MN,27019,
41210,Maynard,MN,27023,
41282,Mazeppa,MN,27157,
41372,Meadowlands,MN,27137,
41426,Medford,MN,27147,
41462,Medicine Lake,MN,27053,
41480,Medina,MN,27053,
41534,Meire Grove,MN,27145,
41570,Melrose,MN,27145,
41660,Menahga,MN,27159,
41678,Mendota,MN,27037,
41696,Mendota Heights,MN,27037,
41714,Mentor,MN,27119,
41804,Merrifield,MN,27035,
41912,Middle River,MN,27089,
42010,Midway,MN,27087,
42092,Miesville,MN,27037,
42110,Milaca,MN,27095,
42146,Milan,MN,27023,
42254,Millerville,MN,27041,
42290,Millville,MN,27157,
42362,Milroy,MN,27127,
42398,Miltona,MN,27041,
43000,Minneapolis,MN,27053,
43036,Minneiska,MN,27157 27169,
43126,Minneota,MN,27083,
43144,Minnesota City,MN,27169,
43198,Minnesota Lake,MN,27013 27043,
43252,Minnetonka,MN,27053,
43306,Minnetrista,MN,27053,
43540,Mizpah,MN,27071,
43720,Montevideo,MN,27023,
43738,Montgomery,MN,27079,
43774,Monticello,MN,27171,
43810,Montrose,MN,27171,
43864,Moorhead,MN,27027,
43954,Moose Lake,MN,27017,
44044,Mora,MN,27065,
44116,Morgan,MN,27127,
44242,Morris,MN,27149,
44296,Morristown,MN,27131,
44368,Morton,MN,27129,
44422,Motley,MN,27021 27097,
44476,Mound,MN,27053,
44530,Mounds View,MN,27123,
44548,Mountain Iron,MN,27137,
44566,Mountain Lake,MN,27033,
44818,Murdock,MN,27151,
44890,Myrtle,MN,27047,
44944,Nashua,MN,27167,
44980,Nashwauk,MN,27061,
45016,Nassau,MN,27073,
45052,Naytahwaush,MN,27087,
45106,Nelson,MN,27041,
45196,Nerstrand,MN,27131,
45279,Nett Lake,MN,27071 27137,
45340,Nevis,MN,27057,
45376,New Auburn,MN,27143,
45430,New Brighton,MN,27123,
45520,Newfolden,MN,27089,
45556,New Germany,MN,27019,
45628,New Hope,MN,27053,
45682,New London,MN,27067,
45772,New Munich,MN,27145,
45790,Newport,MN,27163,
45808,New Prague,MN,27079 27139,
45862,New Richland,MN,27161,
46024,New Trier,MN,27037,
46042,New Ulm,MN,27015,
46060,New York Mills,MN,27111,
46150,Nicollet,MN,27103,
46258,Nielsville,MN,27119,
46294,Nimrod,MN,27159,
46348,Nisswa,MN,27035,
46492,Norcross,MN,27051,
46798,North Branch,MN,27025,
46924,Northfield,MN,27037 27131,
47068,North Mankato,MN,27013 27103,
47104,North Oaks,MN,27123,
47122,Northome,MN,27071,
47212,Northrop,MN,27091,
47221,North St. Paul,MN,27123,
47520,Norwood Young America,MN,27019,
47536,Nowthen,MN,27003,
47680,Oakdale,MN,27163,
47690,Oak Grove,MN,27003,
47914,Oak Park Heights,MN,27163,
48058,Odessa,MN,27011,
48094,Odin,MN,27165,
48130,Ogema,MN,27005,
48166,Ogilvie,MN,27065,
48184,Okabena,MN,27063,
48202,Oklee,MN,27125,
48256,Olivia,MN,27129,
48310,Onamia,MN,27095,
48562,Ormsby,MN,27091 27165,
48580,Orono,MN,27053,
48598,Oronoco,MN,27109,
48634,Orr,MN,27137,
48706,Ortonville,MN,27011,
48760,Osage,MN,27005,
48796,Osakis,MN,27041 27153,
48976,Oslo,MN,27089,
49012,Osseo,MN,27053,
49030,Ostrander,MN,27045,
49138,Otsego,MN,27171,
49210,Ottertail,MN,27111,
49300,Owatonna,MN,27147,
49498,Palisade,MN,27001,
49732,Parkers Prairie,MN,27111,
49768,Park Rapids,MN,27057,
49966,Paynesville,MN,27145,
50056,Pease,MN,27095,
50164,Pelican Rapids,MN,27111,
50200,Pemberton,MN,27013,
50344,Pennock,MN,27067,
50416,Pequot Lakes,MN,27035,
50470,Perham,MN,27111,
50506,Perley,MN,27107,
50596,Peterson,MN,27045,
50740,Pickwick,MN,27169,
50776,Pierz,MN,27097,
50902,Pillager,MN,27021,
51028,Pine Bend,MN,27087,
51064,Pine City,MN,27115,
51136,Pine Island,MN,27049 27109,
51234,Pine Point,MN,27005,
51280,Pine River,MN,27021,
51316,Pine Springs,MN,27163,
51388,Pipestone,MN,27117,
51424,Plainview,MN,27157,
51460,Plato,MN,27085,
51712,Plummer,MN,27125,
51730,Plymouth,MN,27053,
51892,Ponemah,MN,27007,
52144,Porter,MN,27173,
52450,Preston,MN,27045,
52522,Princeton,MN,27095 27141,
52558,Prinsburg,MN,27067,
52594,Prior Lake,MN,27139,
52630,Proctor,MN,27137,
52756,Quamba,MN,27065,
52882,Racine,MN,27099,
53026,Ramsey,MN,27003,
53080,Randall,MN,27097,
53098,Randolph,MN,27037,
53134,Ranier,MN,27071,
53296,Raymond,MN,27023 27067,
53386,Redby,MN,27007,
53458,Red Lake,MN,27007,
53476,Red Lake Falls,MN,27125,
53620,Red Wing,MN,27049,
53656,Redwood Falls,MN,27127,
53710,Regal,MN,27067,
53782,Remer,MN,27021,
53890,Renville,MN,27129,
53908,Revere,MN,27127,
53998,Rice,MN,27009,
54056,Rice Lake,MN,27029,
54060,Rice Lake,MN,27137,
54214,Richfield,MN,27053,
54268,Richmond,MN,27145,
54340,Richville,MN,27111,
54596,Riverland,MN,27087,
54736,Riverton,MN,27035,
54808,Robbinsdale,MN,27053,
54880,Rochester,MN,27109,
54934,Rock Creek,MN,27115,
55006,Rockford,MN,27053 27171,
55078,Rockville,MN,27145,
55186,Rogers,MN,27053,
55276,Rollingstone,MN,27169,
55366,Ronneby,MN,27009,
55438,Roosevelt,MN,27077 27135,
55510,Roscoe,MN,27145,
55546,Roseau,MN,27135,
55600,Rose Creek,MN,27099,
55726,Rosemount,MN,27037,
55852,Roseville,MN,27123,
56014,Rothsay,MN,27111 27167,
56086,Round Lake,MN,27105,
56176,Royalton,MN,27009 27097,
56212,Roy Lake,MN,27029 27087,
56266,Rush City,MN,27025,
56284,Rushford,MN,27045,
56302,Rushford Village,MN,27045,
56338,Rushmore,MN,27105,
56428,Russell,MN,27083,
56482,Ruthton,MN,27117,
56518,Rutledge,MN,27115,
56554,Sabin,MN,27027,
56572,Sacred Heart,MN,27129,
56680,St. Anthony,MN,27053 27123,
56698,St. Anthony,MN,27145,
56724,St. Augusta,MN,27145,
56770,St. Bonifacius,MN,27053,
56788,St. Charles,MN,27169,
56824,St. Clair,MN,27013,
56896,St. Cloud,MN,27009 27141 27145,
56950,St. Francis,MN,27003 27059,
57022,St. Hilaire,MN,27113,
57040,St. James,MN,27165,
57094,St. John's University,MN,27145,
57130,St. Joseph,MN,27145,
57202,St. Leo,MN,27173,
57220,St. Louis Park,MN,27053,
57238,St. Martin,MN,27145,
57292,St. Marys Point,MN,27163,
57346,St. Michael,MN,27171,
58000,St. Paul,MN,27123,
58018,St. Paul Park,MN,27163,
58036,St. Peter,MN,27103,
58072,St. Rosa,MN,27145,
58090,St. Stephen,MN,27145,
58144,St. Vincent,MN,27069,
58306,Sanborn,MN,27127,
58396,Sandstone,MN,27115,
58576,Sargeant,MN,27099,
58612,Sartell,MN,27009 27145,
58648,Sauk Centre,MN,27145,
58684,Sauk Rapids,MN,27009,
58738,Savage,MN,27139,
58900,Scandia,MN,27163,
58936,Scanlon,MN,27017,
59098,Seaforth,MN,27127,
59116,Searles,MN,27015,
59152,Sebeka,MN,27159,
59188,Sedan,MN,27121,
59314,Shafer,MN,27025,
59350,Shakopee,MN,27139,
59566,Shelly,MN,27107,
59620,Sherburn,MN,27091,
59782,Shevlin,MN,27029,
59998,Shoreview,MN,27123,
60016,Shorewood,MN,27019 27053,
60250,Silver Bay,MN,27075,
60322,Silver Creek,MN,27171,
60376,Silver Lake,MN,27085,
60754,Skyline,MN,27013,
60808,Slayton,MN,27101,
60844,Sleepy Eye,MN,27015,
61006,Sobieski,MN,27097,
61114,Solway,MN,27007,
61204,Soudan,MN,27137,
61340,South End,MN,27029,
61402,South Haven,MN,27171,
61492,South St. Paul,MN,27037,
61690,Spicer,MN,27067,
61816,Springfield,MN,27015,
61852,Spring Grove,MN,27055,
61888,Spring Hill,MN,27145,
61996,Spring Lake Park,MN,27003 27123,
62014,Spring Park,MN,27053,
62104,Spring Valley,MN,27045,
62284,Squaw Lake,MN,27061,
62320,Stacy,MN,27025,
62356,Stanchfield,MN,27059,
62446,Staples,MN,27153 27159,
62500,Starbuck,MN,27121,
62662,Steen,MN,27133,
62698,Stephen,MN,27089,
62788,Stewart,MN,27085,
62806,Stewartville,MN,27109,
62824,Stillwater,MN,27163,
62896,Stockton,MN,27169,
63022,Storden,MN,27033,
63112,Strandquist,MN,27089,
63130,Strathcona,MN,27135,
63220,Sturgeon Lake,MN,27115,
63454,Sunburg,MN,27067,
63544,Sunfish Lake,MN,27037,
63778,Swanville,MN,27097 27153,
64048,Taconite,MN,27061,
64156,Tamarack,MN,27001,
64210,Taopi,MN,27099,
64264,Taunton,MN,27083,
64318,Taylors Falls,MN,27025,
64444,Tenstrike,MN,27007,
64543,The Lakes,MN,27101,
64547,The Ranch,MN,27087,
64570,Thief River Falls,MN,27113,
64948,Tintah,MN,27155,
65164,Tonka Bay,MN,27053,
65272,Tower,MN,27137,
65308,Tracy,MN,27083,
65344,Trail,MN,27119,
65470,Trimont,MN,27091,
65506,Trommald,MN,27035,
65542,Trosky,MN,27117,
65668,Truman,MN,27091,
65794,Turtle River,MN,27007,
65920,Twin Lakes,MN,27047,
65927,Twin Lakes,MN,27087,
65938,Twin Valley,MN,27107,
65956,Two Harbors,MN,27075,
66046,Tyler,MN,27081,
66136,Ulen,MN,27027,
66172,Underwood,MN,27111,
66334,Upsala,MN,27097,
66388,Urbank,MN,27111,
66424,Utica,MN,27169,
66460,Vadnais Heights,MN,27123,
66766,Vergas,MN,27111,
66802,Vermillion,MN,27037,
66874,Verndale,MN,27159,
66910,Vernon Center,MN,27013,
66982,Vesta,MN,27127,
67036,Victoria,MN,27019,
67090,Viking,MN,27089,
67130,Village of Minnetonka Beach,MN,27053,
67144,Villard,MN,27121,
67180,Vineland,MN,27095,
67216,Vining,MN,27111,
67288,Virginia,MN,27137,
67378,Wabasha,MN,27157,
67396,Wabasso,MN,27127,
67432,Waconia,MN,27019,
67504,Wadena,MN,27111 27159,
67558,Wahkon,MN,27095,
67612,Waite Park,MN,27145,
67756,Waldorf,MN,27161,
67792,Walker,MN,27021,
67846,Walnut Grove,MN,27127,
67900,Walters,MN,27043,
67918,Waltham,MN,27099,
67972,Wanamingo,MN,27049,
68008,Wanda,MN,27127,
68080,Warba,MN,27061,
68170,Warren,MN,27089,
68224,Warroad,MN,27135,
68260,Warsaw,MN,27131,
68296,Waseca,MN,27161,
68548,Watertown,MN,27019,
68584,Waterville,MN,27079,
68620,Watkins,MN,27093,
68656,Watson,MN,27023,
68674,Waubun,MN,27087,
68764,Waverly,MN,27171,
68818,Wayzata,MN,27053,
69070,Welcome,MN,27091,
69106,Wells,MN,27043,
69142,Wendell,MN,27051,
69250,Westbrook,MN,27033,
69304,West Concord,MN,27039,
69628,Westport,MN,27121,
69690,West Roy Lake,MN,27087,
69700,West St. Paul,MN,27037,
69736,West Union,MN,27153,
69808,Whalan,MN,27045,
69844,Wheaton,MN,27155,
69880,Whipholt,MN,27021,
69970,White Bear Lake,MN,27123 27163,
70006,White Earth,MN,27005,
70258,Wilder,MN,27063,
70366,Willernie,MN,27163,
70402,Williams,MN,27077,
70420,Willmar,MN,27067,
70492,Willow River,MN,27115,
70582,Wilmont,MN,27105,
70708,Wilton,MN,27007,
70798,Windom,MN,27033,
70870,Winger,MN,27119,
70924,Winnebago,MN,27043,
71032,Winona,MN,27169,
71086,Winsted,MN,27085,
71122,Winthrop,MN,27143,
71140,Winton,MN,27137,
71338,Wolf Lake,MN,27005,
71392,Wolverton,MN,27167,
71428,Woodbury,MN,27163,
71446,Wood Lake,MN,27173,
71500,Woodland,MN,27053,
71680,Woodstock,MN,27117,
71734,Worthington,MN,27105,
71788,Wrenshall,MN,27017,
71824,Wright,MN,27017,
71950,Wykoff,MN,27045,
72022,Wyoming,MN,27025,
72184,Zemple,MN,27061,
72238,Zimmerman,MN,27141,
72310,Zumbro Falls,MN,27157,
72328,Zumbrota,MN,27049,
00244,Adrian,MO,29013,
00262,Advance,MO,29207,
00280,Affton,MO,29189,
00298,Agency,MO,29021,
00424,Airport Drive,MO,29097,
00496,Alba,MO,29097,
00514,Albany,MO,29075,
00568,Aldrich,MO,29167,
00604,Alexandria,MO,29045,
00712,Allendale,MO,29227,
00748,Allenville,MO,29031,
00802,Alma,MO,29107,
00910,Altamont,MO,29061,
00928,Altenburg,MO,29157,
00964,Alton,MO,29149,
01018,Amazonia,MO,29003,
01054,Amity,MO,29063,
01072,Amoret,MO,29013,
01090,Amsterdam,MO,29013,
01198,Anderson,MO,29119,
01252,Annada,MO,29163,
01270,Annapolis,MO,29093,
01288,Anniston,MO,29133,
01522,Appleton City,MO,29185,
01576,Arbela,MO,29199,
01630,Arbyrd,MO,29069,
01648,Arcadia,MO,29093,
01702,Archie,MO,29037,
01720,Arcola,MO,29057,
01828,Argyle,MO,29125 29151,
01864,Arkoe,MO,29147,
01954,Armstrong,MO,29089,
01972,Arnold,MO,29099,
02034,Arrow Point,MO,29009,
02044,Arrow Rock,MO,29195,
02098,Asbury,MO,29097,
02152,Ashburn,MO,29163,
02188,Ash Grove,MO,29077,
02242,Ashland,MO,29019,
02260,Ashley,MO,29163,
02422,Atlanta,MO,29121,
02512,Augusta,MO,29183,
02530,Aullville,MO,29107,
02548,Aurora,MO,29109,
02584,Aurora Springs,MO,29131,
02638,Auxvasse,MO,29027,
02674,Ava,MO,29067,
02692,Avalon,MO,29117,
02746,Avilla,MO,29097,
02800,Avondale,MO,29047,
02962,Bagnell,MO,29131,
03034,Baker,MO,29207,
03052,Bakersfield,MO,29153,
03124,Baldwin Park,MO,29037,
03160,Ballwin,MO,29189,
03322,Baring,MO,29103,
03340,Barnard,MO,29147,
03376,Barnett,MO,29141,
03394,Barnhart,MO,29099,
03556,Bates City,MO,29107,
03592,Battlefield,MO,29077,
04114,Bella Villa,MO,29189,
04132,Bell City,MO,29207,
04150,Belle,MO,29125 29151,
04222,Bellefontaine Neighbors,MO,29189,
04248,Bellerive Acres,MO,29189,
04330,Bellflower,MO,29139,
04348,Bel-Nor,MO,29189,
04366,Bel-Ridge,MO,29189,
04384,Belton,MO,29037,
04525,Bennett Springs,MO,29059 29105,
04798,Benton,MO,29201,
04834,Benton City,MO,29007,
04864,Bent Tree Harbor,MO,29015,
04888,Berger,MO,29071,
04906,Berkeley,MO,29189,
04960,Bernie,MO,29207,
04996,Bertrand,MO,29133,
05068,Bethany,MO,29081,
05104,Bethel,MO,29205,
05248,Beverly Hills,MO,29189,
05266,Bevier,MO,29121,
05320,Biehle,MO,29157,
05464,Bigelow,MO,29087,
05495,Big Lake,MO,29087,
05608,Big Spring,MO,29139,
05626,Billings,MO,29043,
05734,Birch Tree,MO,29203,
05824,Birmingham,MO,29047,
05878,Bismarck,MO,29187,
05950,Blackburn,MO,29107 29195,
06004,Black Jack,MO,29189,
06148,Blackwater,MO,29053,
06238,Blairstown,MO,29083,
06247,Blanchard,MO,29005,
06256,Bland,MO,29073 29151,
06346,Blodgett,MO,29201,
06382,Bloomfield,MO,29207,
06454,Bloomsdale,MO,29186,
06526,Blue Eye,MO,29209,
06652,Blue Springs,MO,29095,
06670,Blue Summit,MO,29095,
06742,Blythedale,MO,29081,
06832,Bogard,MO,29033,
06922,Bolckow,MO,29003,
06976,Bolivar,MO,29167,
07102,Bonne Terre,MO,29187,
07318,Boonville,MO,29053,
07426,Bosworth,MO,29033,
07534,Bourbon,MO,29055,
07660,Bowling Green,MO,29163,
07876,Bragg City,MO,29155,
07948,Brandsville,MO,29091,
07966,Branson,MO,29209 29213,
07989,Branson West,MO,29209,
08002,Brashear,MO,29001,
08038,Braymer,MO,29025,
08128,Breckenridge,MO,29025,
08164,Breckenridge Hills,MO,29189,
08236,Brentwood,MO,29189,
08272,Brewer,MO,29157,
08294,Briarwood Estates,MO,29099,
08398,Bridgeton,MO,29189,
08470,Brimson,MO,29079,
08614,Bronaugh,MO,29217,
08650,Brookfield,MO,29115,
08776,Brooklyn Heights,MO,29097,
08812,Broseley,MO,29023,
08884,Browning,MO,29115 29211,
08902,Brownington,MO,29083,
08974,Brumley,MO,29131,
09046,Brunswick,MO,29041,
09388,Bucklin,MO,29115,
09424,Buckner,MO,29095,
09496,Buell,MO,29139,
09514,Buffalo,MO,29059,
09642,Bull Creek,MO,29213,
09658,Bunceton,MO,29053,
09694,Bunker,MO,29065 29179,
09784,Burfordville,MO,29031,
09802,Burgess,MO,29011,
09838,Burlington Junction,MO,29147,
10054,Butler,MO,29013,
10144,Butterfield,MO,29009,
10240,Byrnes Mill,MO,29099,
10288,Cabool,MO,29215,
10342,Cainsville,MO,29081,
10360,Cairo,MO,29175,
10432,Caledonia,MO,29221,
10450,Calhoun,MO,29083,
10468,California,MO,29135,
10486,Callao,MO,29121,
10612,Calverton Park,MO,29189,
10738,Camden,MO,29177,
10792,Camden Point,MO,29165,
10810,Camdenton,MO,29029,
10828,Cameron,MO,29025 29049 29063,
10864,Campbell,MO,29069,
11026,Canalou,MO,29143,
11134,Canton,MO,29111,
11242,Cape Girardeau,MO,29031 29201,
11350,Cardwell,MO,29069,
11368,Carl Junction,MO,29097,
11566,Carrollton,MO,29033,
11638,Carterville,MO,29097,
11656,Carthage,MO,29097,
11692,Caruthersville,MO,29155,
11728,Carytown,MO,29097,
11890,Cassville,MO,29009,
11908,Castle Point,MO,29189,
12052,Catron,MO,29143,
12079,Cave,MO,29113,
12358,Cedar Hill,MO,29099,
12376,Cedar Hill Lakes,MO,29099,
12592,Center,MO,29173,
12664,Centertown,MO,29051,
12682,Centerview,MO,29101,
12718,Centerville,MO,29179,
12898,Centralia,MO,29007 29019,
12988,Chaffee,MO,29201,
13006,Chain of Rocks,MO,29113,
13015,Chain-O-Lakes,MO,29009,
13060,Chamois,MO,29151,
13078,Champ,MO,29189,
13330,Charlack,MO,29189,
13366,Charleston,MO,29133,
13390,Charmwood,MO,29071,
13474,Cherokee Pass,MO,29123,
13582,Chesapeake,MO,29109,
13600,Chesterfield,MO,29189,
13654,Chilhowee,MO,29101,
13690,Chillicothe,MO,29117,
13852,Chula,MO,29117,
13978,Clarence,MO,29205,
14068,Clark,MO,29019 29175,
14140,Clarksburg,MO,29135,
14158,Clarksdale,MO,29063,
14176,Clarkson Valley,MO,29189,
14194,Clarksville,MO,29163,
14212,Clarkton,MO,29069,
14554,Claycomo,MO,29047,
14572,Clayton,MO,29189,
14662,Clearmont,MO,29147,
14770,Cleveland,MO,29037,
14788,Clever,MO,29043,
14806,Cliff Village,MO,29145,
14896,Clifton Hill,MO,29175,
14914,Climax Springs,MO,29029,
14986,Clinton,MO,29083,
15130,Clyde,MO,29147,
15220,Cobalt,MO,29123,
15274,Coffey,MO,29061,
15436,Cole Camp,MO,29015,
15562,Collins,MO,29185,
15670,Columbia,MO,29019,
15760,Commerce,MO,29201,
15886,Conception,MO,29147,
15922,Conception Junction,MO,29147,
16030,Concord,MO,29189,
16102,Concordia,MO,29107,
16115,Coney Island,MO,29209,
16138,Connelsville,MO,29001,
16192,Conway,MO,29105,
16228,Cool Valley,MO,29189,
16336,Cooter,MO,29155,
16408,Corder,MO,29107,
16462,Corning,MO,29087,
16588,Cosby,MO,29003,
16678,Cottleville,MO,29183,
16802,Country Club,MO,29003,
16822,Country Club Hills,MO,29189,
16876,Country Life Acres,MO,29189,
16984,Cowgill,MO,29025,
17056,Craig,MO,29087,
17074,Crane,MO,29209,
17164,Creighton,MO,29037,
17218,Crestwood,MO,29189,
17272,Creve Coeur,MO,29189,
17344,Crocker,MO,29169,
17524,Cross Timbers,MO,29085,
17632,Crystal City,MO,29099,
17650,Crystal Lake Park,MO,29189,
17660,Crystal Lakes,MO,29177,
17668,Cuba,MO,29055,
17902,Curryville,MO,29163,
17992,Dadeville,MO,29057,
18118,Dalton,MO,29041,
18190,Danville,MO,29139,
18253,Dardenne Prairie,MO,29183,
18316,Darlington,MO,29075,
18496,Dawn,MO,29117,
18658,Dearborn,MO,29021 29165,
18730,Deepwater,MO,29083,
18802,Deerfield,MO,29217,
18838,Deering,MO,29155,
18910,Defiance,MO,29183,
18946,De Kalb,MO,29021,
19018,Dellwood,MO,29189,
19072,Delta,MO,29031,
19090,Dennis Acres,MO,29145,
19144,Denton,MO,29155,
19162,Denver,MO,29227,
19198,Des Arc,MO,29093,
19216,Desloge,MO,29187,
19252,De Soto,MO,29099,
19270,Des Peres,MO,29189,
19378,De Witt,MO,29033,
19396,Dexter,MO,29207,
19432,Diamond,MO,29145,
19486,Diehlstadt,MO,29201,
19504,Diggins,MO,29225,
19630,Dixon,MO,29169,
19684,Doe Run,MO,29187,
19792,Doniphan,MO,29181,
19828,Doolittle,MO,29161,
19918,Dover,MO,29107,
19990,Downing,MO,29197,
20134,Drexel,MO,29013 29037,
20296,Dudley,MO,29207,
20314,Duenweg,MO,29097,
20512,Duquesne,MO,29097,
20566,Dutchtown,MO,29031,
20656,Eagle Rock,MO,29009,
20674,Eagleville,MO,29081,
20980,East Lynne,MO,29037,
21034,Easton,MO,29021,
21052,East Prairie,MO,29133,
21214,Edgar Springs,MO,29161,
21250,Edgerton,MO,29165,
21322,Edina,MO,29103,
21340,Edinburg,MO,29079,
21376,Edmundson,MO,29189,
21484,Eldon,MO,29131,
21502,El Dorado Springs,MO,29039,
21844,Ellington,MO,29179,
21898,Ellisville,MO,29189,
21916,Ellsinore,MO,29035,
21988,Elmer,MO,29121,
22006,Elmira,MO,29177,
22024,Elmo,MO,29147,
22114,Elsberry,MO,29113,
22250,Emerald Beach,MO,29009,
22276,Eminence,MO,29203,
22312,Emma,MO,29107 29195,
22474,Eolia,MO,29163,
22600,Essex,MO,29207,
22672,Ethel,MO,29121,
22798,Eugene,MO,29051,
22834,Eureka,MO,29099 29189,
22951,Evergreen,MO,29105,
22996,Everton,MO,29057,
23032,Ewing,MO,29111,
23050,Excello,MO,29121,
23077,Excelsior Estates,MO,29047 29177,
23086,Excelsior Springs,MO,29047 29177,
23122,Exeter,MO,29009,
23248,Fairdealing,MO,29023 29181,
23266,Fairfax,MO,29005,
23338,Fair Grove,MO,29077,
23428,Fair Play,MO,29167,
23518,Fairview,MO,29145,
23662,Farber,MO,29007,
23698,Farley,MO,29165,
23752,Farmington,MO,29187,
23824,Faucett,MO,29021,
23842,Fayette,MO,29089,
23950,Fenton,MO,29189,
23986,Ferguson,MO,29189,
24058,Ferrelview,MO,29165,
24094,Festus,MO,29099,
24120,Fidelity,MO,29097,
24184,Fillmore,MO,29003,
24328,Fisk,MO,29023,
24562,Fleming,MO,29177,
24580,Flemington,MO,29167,
24688,Flint Hill,MO,29183,
24706,Flordell Hills,MO,29189,
24760,Florida,MO,29137,
24778,Florissant,MO,29189,
24886,Foley,MO,29113,
25012,Fordland,MO,29225,
25066,Forest City,MO,29087,
25120,Foristell,MO,29183 29219,
25192,Forsyth,MO,29213,
25228,Fortescue,MO,29087,
25264,Fort Leonard Wood,MO,29169,
25300,Fortuna,MO,29135,
25372,Foster,MO,29013,
25411,Fountain N' Lakes,MO,29113,
25516,Frankclay,MO,29187,
25552,Frankford,MO,29163,
25624,Franklin,MO,29089,
25768,Fredericktown,MO,29123,
25822,Freeburg,MO,29151,
25894,Freeman,MO,29037,
25912,Freistatt,MO,29109,
25948,Fremont,MO,29035,
25957,Fremont Hills,MO,29043,
26000,Friedenswald,MO,29029,
26020,Frisbee,MO,29069,
26092,Frohna,MO,29157,
26110,Frontenac,MO,29189,
26182,Fulton,MO,29027,
26218,Gainesville,MO,29153,
26254,Galena,MO,29209,
26308,Gallatin,MO,29061,
26362,Galt,MO,29079,
26434,Garden City,MO,29037,
26578,Gasconade,MO,29073,
26776,Gentry,MO,29075,
26866,Gerald,MO,29071,
26902,Gerster,MO,29185,
26920,Gibbs,MO,29001,
26974,Gideon,MO,29143,
27028,Gilliam,MO,29195,
27064,Gilman City,MO,29061 29081,
27100,Ginger Blue,MO,29119,
27190,Gladstone,MO,29047,
27208,Glasgow,MO,29041 29089,
27226,Glasgow Village,MO,29189,
27262,Glenaire,MO,29047,
27280,Glen Allen,MO,29017,
27334,Glendale,MO,29189,
27514,Glenwood,MO,29197,
27658,Golden,MO,29009,
27676,Golden City,MO,29011,
27874,Goodman,MO,29119,
27924,Goose Creek Lake,MO,29186 29187,
27928,Gordonville,MO,29031,
28000,Goss,MO,29137,
28036,Gower,MO,29021 29049,
28072,Graham,MO,29147,
28090,Grain Valley,MO,29095,
28108,Granby,MO,29145,
28170,Grand Falls Plaza,MO,29145,
28180,Grandin,MO,29035,
28198,Grand Pass,MO,29195,
28324,Grandview,MO,29095,
28360,Granger,MO,29199,
28594,Grant City,MO,29227,
28630,Grantwood Village,MO,29189,
28828,Gravois Mills,MO,29141,
28860,Grayhawk,MO,29186,
28864,Grayridge,MO,29207,
28882,Grayson,MO,29049,
28918,Gray Summit,MO,29071,
29116,Green Castle,MO,29211,
29134,Green City,MO,29211,
29152,Greendale,MO,29189,
29206,Greenfield,MO,29057,
29324,Green Park,MO,29189,
29332,Green Ridge,MO,29159,
29422,Greentop,MO,29001 29197,
29476,Greenville,MO,29223,
29494,Greenwood,MO,29037 29095,
29656,Grovespring,MO,29229,
29692,Guilford,MO,29147,
29764,Gunn City,MO,29037,
29908,Hale,MO,29033,
29962,Halfway,MO,29167,
29998,Hallsville,MO,29019,
30016,Halltown,MO,29109,
30034,Hamilton,MO,29025,
30196,Hanley Hills,MO,29189,
30214,Hannibal,MO,29127 29173,
30322,Hardin,MO,29177,
30466,Harris,MO,29211,
30484,Harrisburg,MO,29019,
30610,Harrisonville,MO,29037,
30718,Hartsburg,MO,29019,
30754,Hartville,MO,29229,
30772,Hartwell,MO,29083,
30844,Harviell,MO,29023,
30862,Harwood,MO,29217,
31024,Hawk Point,MO,29113,
31132,Hayti,MO,29155,
31168,Hayti Heights,MO,29155,
31186,Hayward,MO,29155,
31204,Haywood City,MO,29201,
31276,Hazelwood,MO,29189,
31654,Henrietta,MO,29177,
31708,Herculaneum,MO,29099,
31762,Hermann,MO,29073,
31780,Hermitage,MO,29085,
31924,Higbee,MO,29175,
31960,Higginsville,MO,29107,
31996,High Hill,MO,29139,
32068,Highlandville,MO,29043,
32140,High Ridge,MO,29099,
32248,Hillsboro,MO,29099,
32266,Hillsdale,MO,29189,
32410,Hoberg,MO,29109,
32536,Holcomb,MO,29069,
32572,Holden,MO,29101,
32590,Holland,MO,29155,
32626,Holliday,MO,29137,
32662,Hollister,MO,29213,
32698,Hollywood,MO,29069,
32752,Holt,MO,29047 29049,
32770,Holts Summit,MO,29027,
32806,Homestead,MO,29177,
32824,Homestown,MO,29155,
33004,Hopkins,MO,29147,
33040,Horine,MO,29099,
33076,Hornersville,MO,29069,
33238,Houston,MO,29215,
33256,Houstonia,MO,29159,
33292,Houston Lake,MO,29165,
33364,Howardville,MO,29143,
33652,Hughesville,MO,29159,
33706,Humansville,MO,29167,
33724,Hume,MO,29013,
33742,Humphreys,MO,29211,
33760,Hunnewell,MO,29205,
33778,Hunter,MO,29035,
33850,Huntleigh,MO,29189,
33868,Huntsdale,MO,29019,
33886,Huntsville,MO,29175,
33904,Hurdland,MO,29103,
33922,Hurley,MO,29209,
34192,Iantha,MO,29011,
34210,Iatan,MO,29165,
34228,Iberia,MO,29131,
34354,Imperial,MO,29099,
35000,Independence,MO,29047 29095,
35180,Indian Lake,MO,29055,
35186,Indian Point,MO,29209,
35240,Innsbrook,MO,29219,
35306,Ionia,MO,29015 29159,
35324,Irena,MO,29227,
35396,Irondale,MO,29221,
35450,Iron Mountain Lake,MO,29187,
35468,Ironton,MO,29093,
35486,Irwin,MO,29011,
35648,Jackson,MO,29031,
36224,Jacksonville,MO,29175,
36314,Jameson,MO,29061,
36332,Jamesport,MO,29061,
36368,Jamestown,MO,29135,
36422,Jane,MO,29119,
36512,Jasper,MO,29097,
37000,Jefferson City,MO,29027 29051,
37178,Jennings,MO,29189,
37214,Jerico Springs,MO,29039,
37574,Jonesburg,MO,29139,
37592,Joplin,MO,29097 29145,
37700,Josephville,MO,29183,
37736,Junction City,MO,29123,
37790,Kahoka,MO,29045,
38000,Kansas City,MO,29037 29047 29095 29165,
38072,Kearney,MO,29047,
38216,Kelso,MO,29201,
38306,Kennett,MO,29069,
38468,Keytesville,MO,29041,
38522,Kidder,MO,29025,
38612,Kimberling City,MO,29209,
38684,Kimmswick,MO,29099,
38774,King City,MO,29075,
38792,Kingdom City,MO,29027,
38846,Kingston,MO,29025,
38918,Kingsville,MO,29101,
38972,Kinloch,MO,29189,
39008,Kirbyville,MO,29213,
39026,Kirksville,MO,29001,
39044,Kirkwood,MO,29189,
39080,Kissee Mills,MO,29213,
39170,Knob Lick,MO,29187,
39188,Knob Noster,MO,29101,
39278,Knox City,MO,29103,
39440,Koshkonong,MO,29149,
39503,LaBarque Creek,MO,29099,
39512,La Belle,MO,29111,
39566,Laclede,MO,29115,
39602,Laddonia,MO,29007,
39638,La Due,MO,29083,
39656,Ladue,MO,29189,
39764,La Grange,MO,29111,
39845,Lake Annette,MO,29037,
39852,Lake Arrowhead,MO,29049,
39952,Lake Lafayette,MO,29107,
39980,Lake Lotawana,MO,29095,
40034,Lake Ozark,MO,29029 29131,
40039,Lake St. Clair,MO,29071,
40043,Lake St. Louis,MO,29183,
40088,Lakeshire,MO,29189,
40142,Lakeside,MO,29131,
40196,Lake Tapawingo,MO,29095,
40214,Lake Tekakwitha,MO,29099,
40222,Lake Timberline,MO,29187,
40304,Lake Viking,MO,29061,
40322,Lake Waukomis,MO,29165,
40340,Lake Winnebago,MO,29037,
40376,Lamar,MO,29011,
40430,Lamar Heights,MO,29011,
40448,Lambert,MO,29201,
40520,La Monte,MO,29159,
40592,Lanagan,MO,29119,
40610,Lancaster,MO,29197,
40682,La Plata,MO,29121,
40736,Laredo,MO,29079,
40790,La Russell,MO,29097,
40808,Latham,MO,29135,
40826,Lathrop,MO,29049,
40880,La Tour,MO,29101,
40916,Laurie,MO,29029 29141,
40988,Lawson,MO,29047 29177,
41024,Leadington,MO,29187,
41078,Leadwood,MO,29187,
41114,Leasburg,MO,29055,
41132,Leawood,MO,29145,
41168,Lebanon,MO,29105,
41348,Lee's Summit,MO,29037 29095,
41402,Leeton,MO,29101,
41417,Leisure Lake,MO,29079,
41438,Lemay,MO,29189,
41546,Leonard,MO,29205,
41690,Leslie,MO,29071,
41762,Levasy,MO,29095,
41834,Lewis and Clark Village,MO,29021,
41852,Lewistown,MO,29111,
41870,Lexington,MO,29107,
41906,Liberal,MO,29011,
42032,Liberty,MO,29047,
42464,Licking,MO,29215,
42536,Lilbourn,MO,29143,
42608,Lincoln,MO,29015,
43238,Linn,MO,29151,
43274,Linn Creek,MO,29029,
43292,Linneus,MO,29115,
43346,Lithium,MO,29157,
43454,Livonia,MO,29171,
43468,Loch Lloyd,MO,29037,
43472,Lock Springs,MO,29061,
43490,Lockwood,MO,29057,
43652,Lohman,MO,29051,
43672,Loma Linda,MO,29145,
43760,Lone Jack,MO,29095,
43940,Longtown,MO,29157,
44156,Louisburg,MO,29059,
44174,Louisiana,MO,29163,
44282,Lowry City,MO,29185,
44372,Lucerne,MO,29171,
44390,Ludlow,MO,29117,
44498,Lupus,MO,29135,
44516,Luray,MO,29045,
44768,McBaine,MO,29019,
44829,McCord Bend,MO,29209,
45020,McFall,MO,29075,
45200,McKittrick,MO,29139,
45218,Macks Creek,MO,29029,
45326,Macon,MO,29121,
45470,Madison,MO,29137,
45596,Maitland,MO,29087,
45614,Malden,MO,29069,
45632,Malta Bend,MO,29195,
45668,Manchester,MO,29189,
45740,Mansfield,MO,29229,
45830,Maplewood,MO,29189,
45848,Marble Hill,MO,29017,
45866,Marceline,MO,29041 29115,
46172,Marionville,MO,29109,
46208,Marlborough,MO,29189,
46244,Marquand,MO,29123,
46316,Marshall,MO,29195,
46388,Marshfield,MO,29225,
46406,Marston,MO,29143,
46424,Marthasville,MO,29219,
46460,Martinsburg,MO,29007,
46586,Maryland Heights,MO,29189,
46640,Maryville,MO,29147,
46730,Matthews,MO,29143,
46946,Maysville,MO,29063,
46964,Mayview,MO,29107,
47036,Meadville,MO,29115,
47144,Medill,MO,29045,
47180,Mehlville,MO,29189,
47270,Memphis,MO,29199,
47288,Mendon,MO,29041,
47486,Mercer,MO,29129,
47520,Merriam Woods,MO,29213,
47540,Merwin,MO,29013,
47594,Meta,MO,29151,
47612,Metz,MO,29217,
47648,Mexico,MO,29007,
47684,Miami,MO,29195,
47846,Middle Grove,MO,29137,
47900,Middletown,MO,29139,
48062,Milan,MO,29211,
48098,Milford,MO,29011,
48134,Millard,MO,29001,
48242,Miller,MO,29109,
48350,Millersville,MO,29031,
48386,Mill Spring,MO,29223,
48476,Milo,MO,29217,
48566,Mindenmines,MO,29011,
48602,Mine La Motte,MO,29123,
48656,Miner,MO,29133 29201,
48710,Mineral Point,MO,29221,
48880,Miramiguoa Park,MO,29071,
48980,Missouri City,MO,29047,
49034,Moberly,MO,29175,
49070,Mokane,MO,29027,
49088,Moline Acres,MO,29189,
49196,Monett,MO,29009 29109,
49394,Monroe City,MO,29127 29137 29173,
49574,Montgomery City,MO,29139,
49592,Monticello,MO,29111,
49610,Montier,MO,29203,
49646,Montreal,MO,29029,
49664,Montrose,MO,29083,
49790,Mooresville,MO,29117,
49898,Morehouse,MO,29143,
49988,Morley,MO,29201,
50060,Morrison,MO,29073,
50078,Morrisville,MO,29167,
50168,Mosby,MO,29047,
50204,Moscow Mills,MO,29113,
50312,Mound City,MO,29087,
50330,Moundville,MO,29217,
50402,Mountain Grove,MO,29215 29229,
50438,Mountain View,MO,29091,
50510,Mount Leonard,MO,29195,
50528,Mount Moriah,MO,29081,
50672,Mount Vernon,MO,29109,
50834,Murphy,MO,29099,
51140,Napoleon,MO,29107,
51302,Naylor,MO,29181,
51356,Neck City,MO,29097,
51446,Neelyville,MO,29023,
51500,Nelson,MO,29195,
51572,Neosho,MO,29145,
51644,Nevada,MO,29217,
51662,Newark,MO,29103,
51680,New Bloomfield,MO,29027,
51716,Newburg,MO,29161,
51734,New Cambria,MO,29121,
51770,New Florence,MO,29139,
51824,New Franklin,MO,29089,
51842,New Hamburg,MO,29201,
51860,New Hampton,MO,29081,
51914,New Haven,MO,29071,
52058,New London,MO,29173,
52076,New Madrid,MO,29143,
52130,New Market,MO,29165,
52148,New Melle,MO,29183,
52292,Newtonia,MO,29145,
52328,Newtown,MO,29211,
52364,New Wells,MO,29031,
52418,Niangua,MO,29225,
52616,Nixa,MO,29043,
52742,Noel,MO,29119,
52760,Norborne,MO,29033,
52796,Normandy,MO,29189,
53102,North Kansas City,MO,29047,
53138,North Lilbourn,MO,29143,
53174,Northmoor,MO,29165,
53408,Northwoods,MO,29189,
53454,Norwood,MO,29229,
53462,Norwood Court,MO,29189,
53516,Novelty,MO,29103,
53534,Novinger,MO,29001,
53624,Oak Grove,MO,29095 29107,
53650,Oak Grove Village,MO,29071,
53750,Oakland,MO,29189,
53786,Oak Ridge,MO,29031,
53804,Oaks,MO,29047,
53858,Oakview,MO,29047,
53876,Oakville,MO,29189,
53894,Oakwood,MO,29047,
53948,Oakwood Park,MO,29047,
54038,Odessa,MO,29107,
54074,O'Fallon,MO,29183,
54200,Old Appleton,MO,29031,
54352,Old Jamestown,MO,29189,
54416,Old Monroe,MO,29113,
54560,Olean,MO,29131,
54650,Olivette,MO,29189,
54686,Olympian Village,MO,29099,
54758,Oran,MO,29201,
54848,Oregon,MO,29087,
54920,Oronogo,MO,29097,
54938,Orrick,MO,29177,
55244,Osage Beach,MO,29029 29131,
55352,Osborn,MO,29049 29063,
55388,Osceola,MO,29185,
55424,Osgood,MO,29211,
55478,Otterville,MO,29053,
55550,Overland,MO,29189,
55640,Owensville,MO,29073,
55694,Oxly,MO,29181,
55766,Ozark,MO,29043,
55892,Ozora,MO,29186,
55910,Pacific,MO,29071 29189,
55964,Pagedale,MO,29189,
56036,Palmyra,MO,29127,
56126,Paradise,MO,29047,
56144,Paris,MO,29137,
56226,Parkdale,MO,29099,
56272,Park Hills,MO,29187,
56288,Parkville,MO,29165,
56306,Parkway,MO,29071,
56342,Parma,MO,29143,
56360,Parnell,MO,29147,
56396,Pasadena Hills,MO,29189,
56414,Pasadena Park,MO,29189,
56432,Pascola,MO,29155,
56468,Passaic,MO,29013,
56558,Pattonsburg,MO,29061,
56612,Paynesville,MO,29163,
56620,Peaceful Village,MO,29099,
56756,Peculiar,MO,29037,
56882,Pendleton,MO,29219,
56900,Penermon,MO,29207,
57044,Perkins,MO,29201,
57080,Perry,MO,29173,
57116,Perryville,MO,29157,
57278,Pevely,MO,29099,
57332,Phelps City,MO,29005,
57350,Philadelphia,MO,29127,
57368,Phillipsburg,MO,29105,
57404,Pickering,MO,29147,
57422,Piedmont,MO,29223,
57494,Pierce City,MO,29009 29109,
57512,Pierpont,MO,29019,
57602,Pilot Grove,MO,29053,
57656,Pilot Knob,MO,29093,
57800,Pine Lawn,MO,29189,
57818,Pineville,MO,29119,
57926,Pinhook,MO,29133,
58088,Plato,MO,29215,
58178,Platte City,MO,29165,
58196,Platte Woods,MO,29165,
58250,Plattsburg,MO,29049,
58394,Pleasant Hill,MO,29037 29095,
58448,Pleasant Hope,MO,29167,
58520,Pleasant Valley,MO,29047,
58574,Plevna,MO,29103,
58628,Pocahontas,MO,29031,
58898,Pollock,MO,29211,
58916,Polo,MO,29025,
58934,Pomona,MO,29091,
59060,Pontiac,MO,29153,
59096,Poplar Bluff,MO,29023,
59150,Portage Des Sioux,MO,29183,
59186,Portageville,MO,29143 29155,
59330,Potosi,MO,29221,
59420,Powersville,MO,29171,
59708,Prairie Hill,MO,29041,
59726,Prairie Home,MO,29053,
59816,Prathersville,MO,29047,
59870,Preston,MO,29085,
59942,Princeton,MO,29129,
60140,Purcell,MO,29097,
60158,Purdin,MO,29115,
60176,Purdy,MO,29009,
60284,Puxico,MO,29207,
60356,Queen City,MO,29197,
60410,Quitman,MO,29147,
60428,Qulin,MO,29023,
60528,Raintree Plantation,MO,29099,
60590,Randolph,MO,29047,
60644,Ravanna,MO,29129,
60716,Ravenwood,MO,29147,
60734,Raymondville,MO,29215,
60752,Raymore,MO,29037,
60788,Raytown,MO,29095,
60824,Rayville,MO,29177,
60842,Rea,MO,29003,
60986,Redings Mill,MO,29145,
61094,Reeds,MO,29097,
61112,Reeds Spring,MO,29209,
61166,Renick,MO,29175,
61184,Rensselaer,MO,29173,
61238,Republic,MO,29043 29077,
61292,Revere,MO,29045,
61328,Rhineland,MO,29139,
61364,Richards,MO,29217,
61418,Rich Hill,MO,29013,
61562,Richland,MO,29029 29105 29169,
61670,Richmond,MO,29177,
61706,Richmond Heights,MO,29189,
61886,Ridgely,MO,29165,
61904,Ridgeway,MO,29081,
61994,Risco,MO,29143,
62030,Ritchey,MO,29145,
62056,River Bend,MO,29095,
62156,Riverside,MO,29165,
62192,Riverview,MO,29189,
62210,Riverview Estates,MO,29037,
62228,Rives,MO,29069,
62498,Rocheport,MO,29019,
62570,Rockaway Beach,MO,29213,
62660,Rock Hill,MO,29189,
62696,Rock Port,MO,29005,
62786,Rockville,MO,29013,
62822,Rocky Comfort,MO,29119,
62894,Rogersville,MO,29077 29225,
62912,Rolla,MO,29161,
63074,Roscoe,MO,29185,
63110,Rosebud,MO,29073,
63200,Rosendale,MO,29003,
63236,Rothville,MO,29041,
63560,Rush Hill,MO,29007,
63596,Rushville,MO,29021,
63704,Russellville,MO,29051,
63776,Rutledge,MO,29199,
63857,Saddlebrooke,MO,29043 29213,
63902,Saginaw,MO,29145,
63956,St. Ann,MO,29189,
64046,St. Catharine,MO,29115,
64082,St. Charles,MO,29183,
64136,St. Clair,MO,29071,
64154,St. Clement,MO,29163,
64172,St. Cloud,MO,29055,
64180,Ste. Genevieve,MO,29186,
64190,St. Elizabeth,MO,29131,
64244,St. Francisville,MO,29045,
64370,St. George,MO,29189,
64424,St. James,MO,29161,
64478,St. John,MO,29189,
64550,St. Joseph,MO,29021,
65000,St. Louis,MO,29510,
65018,St. Martins,MO,29051,
65034,St. Mary,MO,29186,
65108,St. Paul,MO,29183,
65126,St. Peters,MO,29183,
65144,St. Robert,MO,29169,
65162,St. Thomas,MO,29051,
65234,Salem,MO,29065,
65450,Salisbury,MO,29041,
65954,Sappington,MO,29189,
65990,Sarcoxie,MO,29097,
66044,Savannah,MO,29003,
66062,Saverton,MO,29173,
66134,Schell City,MO,29217,
66337,Scotsdale,MO,29099,
66368,Scott City,MO,29031 29201,
66440,Sedalia,MO,29159,
66476,Sedgewickville,MO,29017,
66530,Seligman,MO,29009,
66638,Senath,MO,29069,
66674,Seneca,MO,29145,
66800,Seymour,MO,29225,
66935,Shakertowne,MO,29157,
67124,Shawneetown,MO,29031,
67178,Shelbina,MO,29205,
67196,Shelbyville,MO,29205,
67214,Sheldon,MO,29217,
67232,Shell Knob,MO,29009 29209,
67358,Sheridan,MO,29227,
67628,Shoal Creek Drive,MO,29145,
67632,Shoal Creek Estates,MO,29145,
67700,Shrewsbury,MO,29189,
67718,Sibley,MO,29095,
67790,Sikeston,MO,29143 29201,
67808,Silex,MO,29113,
68132,Skidmore,MO,29147,
68204,Slater,MO,29195,
68384,Smithton,MO,29159,
68420,Smithville,MO,29047 29165,
68762,South Fork,MO,29091,
68852,South Gifford,MO,29121,
68870,South Gorin,MO,29199,
68888,South Greenfield,MO,29057,
68942,South Lineville,MO,29129,
69230,Southwest City,MO,29119,
69266,Spanish Lake,MO,29189,
69302,Sparta,MO,29043,
69464,Spickard,MO,29079,
69518,Spokane,MO,29043,
70000,Springfield,MO,29043 29077,
70270,Stanberry,MO,29075,
70342,Stanton,MO,29071,
70414,Stark City,MO,29145,
70558,Steele,MO,29155,
70576,Steelville,MO,29055,
70648,Stella,MO,29145,
70738,Stewartsville,MO,29063,
70828,Stockton,MO,29039,
70954,Stotesbury,MO,29217,
70990,Stotts City,MO,29109,
71008,Stoutland,MO,29029 29105,
71026,Stoutsville,MO,29137,
71044,Stover,MO,29141,
71062,Strafford,MO,29077 29225,
71098,Strasburg,MO,29037,
71224,Sturgeon,MO,29019,
71368,Sugar Creek,MO,29047 29095,
71440,Sullivan,MO,29055 29071,
71508,Summer Set,MO,29099,
71512,Summersville,MO,29203 29215,
71620,Sumner,MO,29041,
71628,Sundown,MO,29153,
71728,Sunrise Beach,MO,29029 29141,
71746,Sunset Hills,MO,29189,
71890,Sweet Springs,MO,29195,
72034,Sycamore Hills,MO,29189,
72106,Syracuse,MO,29141,
72196,Tallapoosa,MO,29143,
72232,Taneyville,MO,29213,
72304,Taos,MO,29051,
72340,Tarkio,MO,29005,
72376,Tarrants,MO,29163,
72412,Tarsney Lakes,MO,29095,
72574,Tebbetts,MO,29027,
72772,Terre du Lac,MO,29187 29221,
72826,Thayer,MO,29149,
72898,Theodosia,MO,29153,
73006,Thomasville,MO,29149,
73127,Three Creeks,MO,29219,
73240,Tightwad,MO,29083,
73330,Tina,MO,29033,
73348,Tindall,MO,29079,
73420,Tipton,MO,29135,
73618,Town and Country,MO,29189,
73690,Tracy,MO,29165,
73816,Trenton,MO,29079,
73852,Trimble,MO,29049,
73870,Triplett,MO,29041,
73942,Troy,MO,29113,
73978,Truesdale,MO,29219,
74014,Truxton,MO,29113,
74176,Turney,MO,29049,
74194,Tuscumbia,MO,29131,
74284,Twin Oaks,MO,29189,
74473,Umber View Heights,MO,29039,
74626,Union,MO,29071,
75130,Union Star,MO,29063,
75166,Unionville,MO,29171,
75202,Unity Village,MO,29095,
75220,University City,MO,29189,
75238,Uplands Park,MO,29189,
75310,Urbana,MO,29059,
75346,Urich,MO,29083,
75364,Utica,MO,29117,
75472,Valley Park,MO,29189,
75580,Van Buren,MO,29035,
75688,Vandalia,MO,29007 29173,
75706,Vandiver,MO,29007,
75724,Vanduser,MO,29201,
75796,Velda City,MO,29189,
75814,Velda Village Hills,MO,29189,
75886,Verona,MO,29109,
75922,Versailles,MO,29141,
75994,Vibbard,MO,29177,
76012,Viburnum,MO,29093,
76102,Vienna,MO,29125,
76157,Village of Four Seasons,MO,29029,
76192,Villa Ridge,MO,29071,
76246,Vinita Park,MO,29189,
76390,Vista,MO,29185,
76444,Waco,MO,29097,
76660,Walker,MO,29217,
76840,Walnut Grove,MO,29077,
76966,Wardell,MO,29155,
77002,Wardsville,MO,29051,
77092,Warrensburg,MO,29101,
77128,Warrenton,MO,29219,
77146,Warsaw,MO,29015,
77182,Warson Woods,MO,29189,
77200,Washburn,MO,29009,
77416,Washington,MO,29071,
77794,Wasola,MO,29153,
77848,Watson,MO,29005,
77866,Waverly,MO,29107,
77920,Wayland,MO,29045,
77992,Waynesville,MO,29169,
78028,Weatherby,MO,29063,
78046,Weatherby Lake,MO,29165,
78064,Weaubleau,MO,29085,
78118,Webb City,MO,29097,
78154,Webster Groves,MO,29189,
78226,Weingarten,MO,29186,
78314,Weldon Spring,MO,29183,
78334,Weldon Spring Heights,MO,29183,
78352,Wellington,MO,29107,
78370,Wellston,MO,29189,
78406,Wellsville,MO,29139,
78424,Wentworth,MO,29145,
78442,Wentzville,MO,29183,
78514,West Alton,MO,29183,
78622,Westboro,MO,29005,
78838,West Line,MO,29037,
78856,Weston,MO,29165,
78910,Westphalia,MO,29151,
78928,West Plains,MO,29091,
79000,West Sullivan,MO,29055,
79054,Westwood,MO,29189,
79090,Wheatland,MO,29085,
79126,Wheaton,MO,29009,
79180,Wheeling,MO,29117,
79288,White Branch,MO,29015,
79432,Whiteman AFB,MO,29101,
79468,White Oak,MO,29069,
79558,Whiteside,MO,29113,
79612,Whitewater,MO,29031,
79684,Whiting,MO,29133,
79756,Wilbur Park,MO,29189,
79820,Wildwood,MO,29189,
79882,Willard,MO,29077,
80008,Williamstown,MO,29111,
80026,Williamsville,MO,29223,
80098,Willow Springs,MO,29091,
80260,Wilson City,MO,29133,
80314,Winchester,MO,29189,
80350,Windsor,MO,29083 29159,
80380,Windsor Place,MO,29053,
80422,Winfield,MO,29113,
80440,Winigan,MO,29211,
80512,Winona,MO,29203,
80548,Winston,MO,29061,
80767,Wood Heights,MO,29177,
80962,Woodson Terrace,MO,29189,
81016,Wooldridge,MO,29053,
81070,Worth,MO,29227,
81088,Wortham,MO,29187,
81106,Worthington,MO,29171,
81124,Wright City,MO,29219,
81142,Wyaconda,MO,29045,
81178,Wyatt,MO,29133,
81430,Zalma,MO,29017,
00100,Abbeville,MS,28071,
00180,Aberdeen,MS,28095,
00300,Ackerman,MS,28019,
00460,Agricola,MS,28039,
00680,Alcorn State University,MS,28021,
00820,Algoma,MS,28115,
00940,Alligator,MS,28011,
01260,Amory,MS,28095,
01500,Anguilla,MS,28125,
01820,Arcola,MS,28151,
01940,Arkabutla,MS,28137,
02060,Arnold Line,MS,28073,
02100,Artesia,MS,28087,
02140,Ashland,MS,28009,
02380,Austin,MS,28143,
02700,Baldwyn,MS,28081 28117,
03580,Bassfield,MS,28065,
03620,Batesville,MS,28107,
03940,Baxterville,MS,28073,
03980,Bay St. Louis,MS,28045,
04060,Bay Springs,MS,28061,
04500,Beaumont,MS,28111,
04540,Beauregard,MS,28029,
04705,Beechwood,MS,28149,
05100,Belmont,MS,28141,
05140,Belzoni,MS,28053,
05180,Benndale,MS,28039,
05220,Benoit,MS,28011,
05340,Benton,MS,28163,
05380,Bentonia,MS,28163,
05780,Bethlehem,MS,28093,
05820,Beulah,MS,28011,
06060,Big Creek,MS,28013,
06100,Biggersville,MS,28003,
06180,Big Point,MS,28059,
06220,Biloxi,MS,28047,
07060,Blue Mountain,MS,28139,
07100,Blue Springs,MS,28145,
07220,Bobo,MS,28027,
07322,Bogue Chitto,MS,28085,
07330,Bogue Chitto,MS,28069 28099,
07460,Bolivar,MS,28011,
07540,Bolton,MS,28049,
07620,Bond,MS,28131,
07780,Booneville,MS,28117,
07900,Bovina,MS,28149,
08180,Boyle,MS,28011,
08300,Brandon,MS,28121,
08460,Braxton,MS,28127,
08655,Bridgetown,MS,28033,
08820,Brookhaven,MS,28085,
08980,Brooksville,MS,28103,
09180,Bruce,MS,28013,
09380,Buckatunna,MS,28153,
09460,Bude,MS,28037,
09820,Burnsville,MS,28141,
10060,Byhalia,MS,28093,
10140,Byram,MS,28049,
10460,Caledonia,MS,28087,
10580,Calhoun City,MS,28013,
11100,Canton,MS,28089,
11580,Carrollton,MS,28015,
11780,Carthage,MS,28079,
11820,Cary,MS,28125,
12740,Centreville,MS,28005 28157,
12780,Chalybeate,MS,28139,
12900,Charleston,MS,28135,
13580,Chunky,MS,28101,
13700,Clara,MS,28153,
13820,Clarksdale,MS,28027,
14140,Cleary,MS,28121,
14260,Cleveland,MS,28011,
14420,Clinton,MS,28049,
14540,Cloverdale,MS,28001,
14580,Coahoma,MS,28027,
14740,Coffeeville,MS,28161,
14900,Coldwater,MS,28137,
15140,Collins,MS,28031,
15180,Collinsville,MS,28075,
15340,Columbia,MS,28091,
15380,Columbus,MS,28087,
15420,Columbus AFB,MS,28087,
15500,Como,MS,28107,
15540,Conehatta,MS,28101,
15700,Corinth,MS,28003,
15980,Courtland,MS,28107,
16420,Crawford,MS,28087,
16460,Crenshaw,MS,28107 28119,
16620,Crosby,MS,28005 28157,
16940,Crowder,MS,28107 28119,
16980,Cruger,MS,28051,
17060,Crystal Springs,MS,28029,
17700,Darling,MS,28119,
18180,Decatur,MS,28101,
18340,De Kalb,MS,28069,
18420,DeLisle,MS,28047,
18500,Delta City,MS,28125,
18700,Dennis,MS,28141,
18940,Derma,MS,28013,
18980,De Soto,MS,28023,
19100,Diamondhead,MS,28045,
19180,D'Iberville,MS,28047,
19340,D'Lo,MS,28127,
19420,Doddsville,MS,28133,
20020,Drew,MS,28133,
20220,Dublin,MS,28027,
20260,Duck Hill,MS,28097,
20340,Dumas,MS,28139,
20380,Duncan,MS,28011,
20420,Dundee,MS,28143,
20500,Durant,MS,28051,
20610,Eagle Bend,MS,28149,
20740,Eastabuchie,MS,28035 28067,
21340,Ecru,MS,28115,
21420,Eden,MS,28163,
21580,Edwards,MS,28049,
21860,Elizabeth,MS,28151,
21940,Elliott,MS,28043,
22020,Ellisville,MS,28067,
22580,Enterprise,MS,28023,
22900,Escatawpa,MS,28059,
23220,Ethel,MS,28007,
23340,Eudora,MS,28033,
23420,Eupora,MS,28155,
24180,Falcon,MS,28119,
24220,Falkner,MS,28139,
24420,Farmington,MS,28003,
24460,Farrell,MS,28027,
24500,Fayette,MS,28063,
24740,Fernwood,MS,28113,
24940,Flora,MS,28089,
24980,Florence,MS,28121,
25100,Flowood,MS,28121,
25340,Forest,MS,28123,
25740,Foxworth,MS,28091,
26020,French Camp,MS,28019,
26060,Friars Point,MS,28027,
26300,Fulton,MS,28057,
26780,Gattman,MS,28095,
26860,Gautier,MS,28059,
26980,Georgetown,MS,28029,
27540,Glen,MS,28003,
27580,Glen Allan,MS,28151,
27620,Glendale,MS,28035,
27660,Glendora,MS,28135,
27820,Gloster,MS,28005,
27900,Gluckstadt,MS,28089,
27940,Golden,MS,28141,
28220,Goodman,MS,28051,
28500,Grace,MS,28055,
29180,Greenville,MS,28151,
29340,Greenwood,MS,28083,
29460,Grenada,MS,28043,
29620,Gulf Hills,MS,28059,
29660,Gulf Park Estates,MS,28059,
29700,Gulfport,MS,28047,
29900,Gunnison,MS,28011,
29940,Guntown,MS,28081,
30220,Hamilton,MS,28095,
30780,Harperville,MS,28123,
30980,Hatley,MS,28095,
31020,Hattiesburg,MS,28035 28073,
31220,Hazlehurst,MS,28029,
31420,Heidelberg,MS,28061,
31460,Helena,MS,28059,
31540,Henderson Point,MS,28047,
31740,Hermanville,MS,28021,
31780,Hernando,MS,28033,
31980,Hickory,MS,28101,
32020,Hickory Flat,MS,28009,
32110,Hide-A-Way Lake,MS,28109,
32460,Hillsboro,MS,28123,
32820,Holcomb,MS,28043,
32900,Hollandale,MS,28151,
33100,Holly Springs,MS,28093,
33700,Horn Lake,MS,28033,
33900,Houston,MS,28017,
34340,Hurley,MS,28059,
34700,Independence,MS,28137,
34740,Indianola,MS,28133,
35020,Inverness,MS,28133,
35220,Isola,MS,28053,
35260,Itta Bena,MS,28083,
35300,Iuka,MS,28141,
35340,Jacinto,MS,28003,
36000,Jackson,MS,28049 28089 28121,
36800,Jonestown,MS,28027,
37040,Jumpertown,MS,28117,
37190,Kearney Park,MS,28089,
37560,Kilmichael,MS,28097,
37600,Kiln,MS,28045,
37840,Kirkville,MS,28057,
38160,Kokomo,MS,28091,
38320,Kosciusko,MS,28007,
38360,Kossuth,MS,28003,
38600,Lake,MS,28101 28123,
38910,Lakeview,MS,28033,
39000,Lamar,MS,28009,
39080,Lambert,MS,28119,
39520,Latimer,MS,28059,
39600,Lauderdale,MS,28075,
39640,Laurel,MS,28067,
39800,Leaf,MS,28041,
39840,Leakesville,MS,28041,
39880,Learned,MS,28049,
40280,Leland,MS,28151,
40360,Lena,MS,28079,
40600,Lexington,MS,28051,
40640,Liberty,MS,28005,
41680,Long Beach,MS,28047,
41960,Longview,MS,28105,
42200,Louin,MS,28061,
42240,Louise,MS,28053,
42280,Louisville,MS,28159,
42440,Lucedale,MS,28039,
42600,Lula,MS,28027,
42640,Lumberton,MS,28073 28109,
42800,Lyman,MS,28047,
42840,Lynchburg,MS,28033,
42960,Lyon,MS,28027,
42980,Maben,MS,28105 28155,
43280,McComb,MS,28113,
43400,McCool,MS,28007,
43840,McLain,MS,28041,
44240,Macon,MS,28103,
44520,Madison,MS,28089,
44600,Magee,MS,28127,
44680,Magnolia,MS,28113,
44920,Mantachie,MS,28057,
44960,Mantee,MS,28155,
45120,Marietta,MS,28117,
45160,Marion,MS,28075,
45240,Marks,MS,28119,
45720,Mathiston,MS,28019 28155,
46000,Mayersville,MS,28055,
46200,Meadville,MS,28037,
46600,Mendenhall,MS,28127,
46640,Meridian,MS,28075,
46680,Meridian Station,MS,28075,
46720,Merigold,MS,28011,
46880,Metcalfe,MS,28151,
48030,Mississippi State,MS,28105,
48120,Mississippi Valley State University,MS,28083,
48240,Mize,MS,28129,
48560,Monticello,MS,28077,
48640,Montrose,MS,28061,
48720,Mooreville,MS,28081,
48760,Moorhead,MS,28133,
48800,Morgan City,MS,28083,
48880,Morgantown,MS,28001,
49080,Morton,MS,28123,
49160,Moselle,MS,28067,
49240,Moss Point,MS,28059,
49320,Mound Bayou,MS,28011,
49520,Mount Olive,MS,28031,
49640,Mount Pleasant,MS,28093,
50280,Myrtle,MS,28145,
50440,Natchez,MS,28001,
50720,Nellieburg,MS,28075,
50880,Nettleton,MS,28081 28095,
51000,New Albany,MS,28145,
51040,New Augusta,MS,28111,
51240,New Hamilton,MS,28095,
51360,New Hebron,MS,28077,
51400,New Hope,MS,28087,
51420,New Houlka,MS,28017,
51680,New Site,MS,28117,
51720,Newton,MS,28101,
51840,Nicholson,MS,28109,
51960,Nitta Yuma,MS,28125,
52400,North Carrollton,MS,28015,
52680,North Tunica,MS,28143,
52880,Noxapater,MS,28159,
53080,Oak Grove,MS,28073,
53200,Oakland,MS,28161,
53520,Ocean Springs,MS,28059,
53680,Okolona,MS,28017,
54040,Olive Branch,MS,28033,
54640,Osyka,MS,28113,
54680,Ovett,MS,28067,
54840,Oxford,MS,28071,
54920,Pace,MS,28011,
54960,Pachuta,MS,28023,
55000,Paden,MS,28141,
55160,Panther Burn,MS,28125,
55280,Paris,MS,28071,
55360,Pascagoula,MS,28059,
55400,Pass Christian,MS,28047,
55560,Pattison,MS,28021,
55760,Pearl,MS,28121,
55920,Pearlington,MS,28045,
55930,Pearl River,MS,28099,
56200,Pelahatchie,MS,28121,
56800,Petal,MS,28035,
56920,Pheba,MS,28025,
56960,Philadelphia,MS,28099,
57160,Picayune,MS,28109,
57200,Pickens,MS,28051,
58360,Pittsboro,MS,28013,
58440,Plantersville,MS,28081,
58960,Polkville,MS,28129,
59160,Pontotoc,MS,28115,
59240,Pope,MS,28107,
59480,Poplarville,MS,28109,
59520,Porterville,MS,28069,
59560,Port Gibson,MS,28021,
59720,Potts Camp,MS,28093,
59920,Prentiss,MS,28065,
60360,Puckett,MS,28121,
60480,Purvis,MS,28073,
60720,Quitman,MS,28023,
60840,Raleigh,MS,28129,
60880,Randolph,MS,28115,
61080,Rawls Springs,MS,28035,
61160,Raymond,MS,28049,
61240,Red Banks,MS,28093,
61400,Redwater,MS,28079,
61440,Redwood,MS,28149,
61840,Rena Lara,MS,28027,
61890,Renova,MS,28011,
62400,Richland,MS,28121,
62480,Richton,MS,28111,
62520,Ridgeland,MS,28089,
62560,Rienzi,MS,28003,
62600,Ripley,MS,28139,
62900,Robinhood,MS,28121,
63560,Rolling Fork,MS,28125,
63720,Rosedale,MS,28011,
64080,Roxie,MS,28037,
64200,Ruleville,MS,28133,
64240,Runnelstown,MS,28111,
64680,St. Martin,MS,28059,
64800,Sallis,MS,28007,
64840,Saltillo,MS,28081,
64920,Sandersville,MS,28067,
65560,Sardis,MS,28107,
65680,Satartia,MS,28163,
65720,Saucier,MS,28047,
66080,Schlater,MS,28083,
66160,Scooba,MS,28069,
66240,Scott,MS,28011,
66280,Sebastopol,MS,28079 28123,
66400,Seminary,MS,28031,
66440,Senatobia,MS,28137,
66720,Shannon,MS,28081,
66840,Sharon,MS,28067,
67000,Shaw,MS,28011 28133,
67040,Shelby,MS,28011,
67200,Sherman,MS,28081 28115 28145,
67520,Shubuta,MS,28023,
67640,Shuqualak,MS,28103,
67840,Sidon,MS,28083,
67920,Silver City,MS,28053,
67960,Silver Creek,MS,28077,
68200,Skene,MS,28011,
68320,Slate Springs,MS,28013,
68400,Sledge,MS,28119,
68720,Smithville,MS,28095,
68960,Snow Lake Shores,MS,28009,
69160,Soso,MS,28067,
69280,Southaven,MS,28033,
70120,Standing Pine,MS,28079,
70240,Starkville,MS,28105,
70320,State Line,MS,28041 28153,
70640,Stewart,MS,28097,
70720,Stoneville,MS,28151,
70760,Stonewall,MS,28023,
71040,Strayhorn,MS,28137,
71320,Sturgis,MS,28105,
71480,Summit,MS,28113,
71520,Sumner,MS,28135,
71560,Sumrall,MS,28073,
71600,Sunflower,MS,28133,
72040,Sylvarena,MS,28129,
72080,Symonds,MS,28011,
72360,Taylor,MS,28071,
72400,Taylorsville,MS,28129,
72440,Tchula,MS,28051,
72680,Terry,MS,28049,
72760,Thaxton,MS,28115,
73440,Tillatoba,MS,28161,
73720,Tishomingo,MS,28141,
73760,Toccopola,MS,28115,
73880,Toomsuba,MS,28075,
74400,Tremont,MS,28057,
74675,Tucker,MS,28099,
74720,Tula,MS,28071,
74760,Tunica,MS,28143,
74820,Tunica Resorts,MS,28143,
74840,Tupelo,MS,28081,
75040,Tutwiler,MS,28135,
75160,Tylertown,MS,28147,
75360,Union,MS,28099 28101,
75520,University,MS,28071,
75760,Utica,MS,28049,
75880,Vaiden,MS,28015,
76040,Valley Park,MS,28055,
76200,Vancleave,MS,28059,
76240,Van Vleet,MS,28017,
76320,Vardaman,MS,28013,
76560,Verona,MS,28081,
76720,Vicksburg,MS,28149,
76760,Victoria,MS,28093,
77080,Wade,MS,28059,
77400,Walls,MS,28033,
77480,Walnut,MS,28139,
77520,Walnut Grove,MS,28079,
77640,Walthall,MS,28155,
77880,Waterford,MS,28093,
78000,Water Valley,MS,28161,
78200,Waveland,MS,28045,
78360,Waynesboro,MS,28153,
78480,Webb,MS,28135,
78520,Weir,MS,28019,
78640,Wesson,MS,28029 28085,
78680,West,MS,28051,
78890,West Hattiesburg,MS,28073,
79120,West Point,MS,28025,
79280,Wheeler,MS,28117,
79620,White Oak,MS,28143,
80160,Wiggins,MS,28131,
80760,Winona,MS,28097,
80800,Winstonville,MS,28011,
80840,Winterville,MS,28151,
81000,Woodland,MS,28017,
81120,Woodville,MS,28157,
81520,Yazoo City,MS,28163,
00175,Absarokee,MT,30095,
00400,Acton,MT,30111,
00700,Alberton,MT,30061,
00850,Alder,MT,30057,
01300,Alzada,MT,30011,
01525,Amsterdam,MT,30031,
01675,Anaconda-Deer Lodge County,MT,30023,
02050,Antelope,MT,30091,
02350,Argenta,MT,30001,
02425,Arlee,MT,30047,
02800,Ashland,MT,30087,
03025,Augusta,MT,30049,
03175,Avon,MT,30077,
03196,Ayers Ranch Colony,MT,30027,
03212,Azure,MT,30041,
03250,Babb,MT,30035,
03400,Bainville,MT,30085,
03475,Baker,MT,30025,
03625,Ballantine,MT,30111,
04150,Basin,MT,30043,
04230,Batavia,MT,30029,
04300,Bearcreek,MT,30009,
04410,Bear Dance,MT,30047,
04575,Beaver Creek,MT,30041,
04900,Belfry,MT,30009,
04975,Belgrade,MT,30031,
05050,Belknap,MT,30089,
05275,Belt,MT,30013,
05650,Biddle,MT,30075,
05800,Big Arm,MT,30047,
05875,Bigfork,MT,30029,
06250,Big Sandy,MT,30015,
06325,Big Sky,MT,30031 30057,
06410,Big Sky Colony,MT,30035,
06440,Big Stone Colony,MT,30013,
06475,Big Timber,MT,30097,
06550,Billings,MT,30111,
06815,Birch Creek Colony,MT,30073,
06925,Birney,MT,30087,
07150,Black Eagle,MT,30013,
07300,Blackfoot,MT,30035,
07675,Bloomfield,MT,30021,
08162,Boneau,MT,30015,
08462,Bonner-West Riverside,MT,30063,
08575,Boulder,MT,30043,
08725,Box Elder,MT,30041,
08800,Boyd,MT,30009,
08950,Bozeman,MT,30031,
09250,Brady,MT,30073,
09400,Brandon,MT,30057,
09475,Bridger,MT,30009,
09500,Bridger,MT,30031,
09700,Broadus,MT,30075,
09775,Broadview,MT,30111,
10000,Brockton,MT,30085,
10075,Brockway,MT,30055,
10150,Brooks,MT,30027,
10375,Browning,MT,30035,
10935,Bull Lake,MT,30053,
11200,Busby,MT,30003,
11397,Butte-Silver Bow,MT,30093,
11500,Bynum,MT,30099,
11800,Camas,MT,30089,
11995,Camp Three,MT,30065,
11999,Camrose Colony,MT,30101,
12025,Canyon Creek,MT,30049,
12400,Cardwell,MT,30043,
12435,Carlton,MT,30063,
12625,Carter,MT,30015,
12775,Cascade,MT,30013,
12783,Cascade Colony,MT,30013,
13375,Centerville,MT,30013,
13900,Charlo,MT,30047,
13975,Charlos Heights,MT,30081,
14200,Chester,MT,30051,
14575,Chinook,MT,30005,
14650,Choteau,MT,30099,
14875,Churchill,MT,30031,
14950,Circle,MT,30055,
15100,Clancy,MT,30043,
15475,Clinton,MT,30063,
15550,Clyde Park,MT,30067,
16000,Coffee Creek,MT,30027,
16525,Colstrip,MT,30087,
16600,Columbia Falls,MT,30029,
16825,Columbus,MT,30095,
17050,Condon,MT,30063,
17200,Conner,MT,30081,
17275,Conrad,MT,30073,
17350,Cooke City,MT,30067,
17500,Coram,MT,30029,
17725,Corvallis,MT,30081,
17800,Corwin Springs,MT,30067,
18025,Craig,MT,30049,
18100,Crane,MT,30083,
18250,Crow Agency,MT,30003,
18475,Culbertson,MT,30085,
18700,Custer,MT,30111,
18775,Cut Bank,MT,30035,
18850,Cyr,MT,30061,
19225,Danvers,MT,30027,
19300,Darby,MT,30081,
19525,Dayton,MT,30047,
19675,De Borgia,MT,30061,
19800,Deerfield Colony,MT,30027,
19825,Deer Lodge,MT,30077,
20050,Dell,MT,30001,
20425,Denton,MT,30027,
20725,Dewey,MT,30001,
20800,Dillon,MT,30001,
21025,Dodson,MT,30071,
21850,Drummond,MT,30039,
22130,Duncan Ranch Colony,MT,30107,
22450,Dupuyer,MT,30073,
22600,Dutton,MT,30099,
22655,Eagle Creek Colony,MT,30051,
22943,East End Colony,MT,30041,
22985,East Glacier Park Village,MT,30035,
23125,East Helena,MT,30049,
23168,East Malta Colony,MT,30071,
23200,East Missoula,MT,30063,
23500,Edgar,MT,30009,
23650,Ekalaka,MT,30011,
23865,Elkhorn,MT,30043,
23950,Elliston,MT,30077,
24100,Elmo,MT,30047,
24325,Emigrant,MT,30067,
24475,Ennis,MT,30057,
24700,Essex,MT,30029,
24850,Eureka,MT,30053,
25000,Evaro,MT,30063,
25075,Evergreen,MT,30029,
25225,Fairfield,MT,30099,
25245,Fair Haven Colony,MT,30013,
25300,Fairview,MT,30083,
25375,Fallon,MT,30079,
26226,Finley Point,MT,30047,
26575,Fishtail,MT,30095,
26733,Flat Willow Colony,MT,30065,
26800,Flaxville,MT,30019,
26950,Florence,MT,30081,
27025,Floweree,MT,30015,
27360,Fords Creek Colony,MT,30027,
27595,Forest Hill Village,MT,30029,
27700,Forsyth,MT,30087,
27850,Fort Belknap Agency,MT,30005,
28000,Fort Benton,MT,30015,
28150,Fortine,MT,30053,
28450,Fort Peck,MT,30105,
28600,Fort Shaw,MT,30013,
28650,Fort Smith,MT,30003,
28725,Forty Mile Colony,MT,30003,
28862,Four Corners,MT,30031,
29050,Fox,MT,30009,
29087,Fox Lake,MT,30083,
29275,Frazer,MT,30105,
29350,Frenchtown,MT,30063,
29500,Froid,MT,30085,
29575,Fromberg,MT,30009,
29875,Gallatin Gateway,MT,30031,
29885,Gallatin River Ranch,MT,30031,
29950,Gardiner,MT,30067,
30175,Garrison,MT,30077,
30400,Geraldine,MT,30015,
30550,Geyser,MT,30045,
30625,Gibson Flats,MT,30013,
30700,Gildford,MT,30041,
30704,Gildford Colony,MT,30041,
30750,Gilman,MT,30049,
30925,Glacier Colony,MT,30035,
31075,Glasgow,MT,30105,
31375,Glen,MT,30001,
31418,Glendale Colony,MT,30035,
31450,Glendive,MT,30021,
31825,Goldcreek,MT,30077,
31991,Golden Valley Colony,MT,30037,
32350,Grant,MT,30001,
32575,Grass Range,MT,30027,
32800,Great Falls,MT,30013,
33250,Greycliff,MT,30097,
33625,Hall,MT,30039,
33775,Hamilton,MT,30081,
34110,Happys Inn,MT,30053,
34225,Hardin,MT,30003,
34300,Hardy,MT,30013,
34375,Harlem,MT,30005,
34450,Harlowton,MT,30107,
34525,Harrison,MT,30057,
34584,Hartland Colony,MT,30005,
34825,Haugan,MT,30061,
35050,Havre,MT,30041,
35125,Havre North,MT,30041,
35275,Hays,MT,30005,
35350,Heart Butte,MT,30073,
35435,Hebgen Lake Estates,MT,30031,
35600,Helena,MT,30049,
35622,Helena Flats,MT,30029,
35628,Helena Valley Northeast,MT,30049,
35631,Helena Valley Northwest,MT,30049,
35634,Helena Valley Southeast,MT,30049,
35637,Helena Valley West Central,MT,30049,
35640,Helena West Side,MT,30049,
35725,Helmville,MT,30077,
35875,Heron,MT,30089,
35912,Herron,MT,30041,
36055,Hidden Lake Colony,MT,30035,
36250,Highwood,MT,30015,
36325,Hilger,MT,30027,
36333,Hilldale Colony,MT,30041,
36385,Hillside Colony,MT,30101,
36400,Hingham,MT,30041,
36475,Hinsdale,MT,30105,
36700,Hobson,MT,30045,
36925,Hogeland,MT,30005,
37450,Homestead,MT,30091,
37710,Horizon Colony,MT,30035,
37825,Hot Springs,MT,30089,
38125,Hungry Horse,MT,30029,
38200,Huntley,MT,30111,
38275,Huson,MT,30063,
38350,Hysham,MT,30103,
38480,Indian Springs,MT,30053,
38725,Inverness,MT,30041,
38950,Ismay,MT,30017,
39025,Jackson,MT,30001,
39175,Jardine,MT,30067,
39325,Jeffers,MT,30057,
39400,Jefferson City,MT,30043,
39627,Jette,MT,30047,
39700,Joliet,MT,30009,
39775,Joplin,MT,30051,
39925,Jordan,MT,30033,
40000,Judith Gap,MT,30107,
40075,Kalispell,MT,30029,
40355,Kerr,MT,30047,
40525,Kevin,MT,30101,
40580,Kicking Horse,MT,30047,
40675,Kila,MT,30029,
40680,Kilby Butte Colony,MT,30065,
40685,King Arthur Park,MT,30031,
40718,King Ranch Colony,MT,30027,
40720,Kingsbury Colony,MT,30073,
40725,Kings Point,MT,30047,
41050,Klein,MT,30065,
41725,Kremlin,MT,30041,
41910,Lake Mary Ronan,MT,30047,
41950,Lakeside,MT,30029,
42100,Lakeview,MT,30001,
42250,Lame Deer,MT,30087,
42325,Landusky,MT,30071,
42475,Laredo,MT,30041,
42700,Laurel,MT,30111,
42850,Lavina,MT,30037,
43375,Lewistown,MT,30027,
43400,Lewistown Heights,MT,30027,
43450,Libby,MT,30053,
43525,Lima,MT,30001,
43675,Lincoln,MT,30049,
43710,Lindisfarne,MT,30047,
43750,Lindsay,MT,30021,
43830,Little Bitterroot Lake,MT,30029,
43835,Little Browning,MT,30035,
43975,Livingston,MT,30067,
44200,Lockwood,MT,30111,
44275,Lodge Grass,MT,30003,
44350,Lodge Pole,MT,30005,
44500,Logan,MT,30031,
44650,Lolo,MT,30063,
44800,Loma,MT,30015,
44950,Lonepine,MT,30089,
45179,Loring Colony,MT,30071,
46150,Luther,MT,30009,
46225,McAllister,MT,30057,
47275,Malmstrom AFB,MT,30013,
47425,Malta,MT,30071,
47460,Mammoth,MT,30057,
47575,Manhattan,MT,30031,
47875,Marion,MT,30029,
48100,Martin City,MT,30029,
48175,Martinsdale,MT,30059,
48190,Martinsdale Colony,MT,30107,
48250,Marysville,MT,30049,
48585,Maverick Mountain,MT,30001,
48625,Maxville,MT,30039,
48775,Medicine Lake,MT,30091,
49000,Melstone,MT,30065,
49418,Midway Colony,MT,30073,
49525,Miles City,MT,30017,
49600,Milford Colony,MT,30049,
49750,Miller Colony,MT,30099,
50200,Missoula,MT,30063,
50575,Moccasin,MT,30045,
50950,Monarch,MT,30013,
51175,Montana City,MT,30043,
51475,Montaqua,MT,30009,
51550,Moore,MT,30027,
52185,Mountain View Colony,MT,30111,
52315,Muddy,MT,30003,
52600,Musselshell,MT,30065,
52900,Nashua,MT,30105,
53200,Neihart,MT,30013,
53476,New Miami Colony,MT,30073,
53500,New Rockport Colony,MT,30099,
53725,Niarada,MT,30029 30047 30089,
53800,Nibbe,MT,30111,
54475,Norris,MT,30057,
54510,North Browning,MT,30035,
54684,North Harlem Colony,MT,30005,
54925,Noxon,MT,30089,
55075,Nye,MT,30095,
55260,Old Agency,MT,30089,
55450,Olney,MT,30029,
55525,Opheim,MT,30105,
55675,Orchard Homes,MT,30063,
56050,Outlook,MT,30091,
56125,Ovando,MT,30077,
56350,Pablo,MT,30047,
56425,Paradise,MT,30089,
56575,Park City,MT,30095,
56650,Parker School,MT,30015 30041,
56800,Peerless,MT,30019,
56875,Pendroy,MT,30099,
57175,Philipsburg,MT,30039,
57475,Piltzville,MT,30063,
57550,Pine Creek,MT,30067,
57700,Pinesdale,MT,30081,
57775,Pinnacle,MT,30029,
57950,Pioneer Junction,MT,30053,
58150,Plains,MT,30089,
58310,Pleasant Valley Colony,MT,30013,
58375,Plentywood,MT,30091,
58450,Plevna,MT,30025,
58675,Polebridge,MT,30029,
58750,Polson,MT,30047,
58825,Pompeys Pillar,MT,30111,
58834,Pondera Colony,MT,30073,
58840,Ponderosa Pines,MT,30031,
58900,Pony,MT,30057,
58975,Poplar,MT,30085,
59350,Potomac,MT,30063,
59500,Power,MT,30099,
59650,Prairie Elk Colony,MT,30055,
59725,Pray,MT,30067,
59950,Pryor,MT,30003,
60400,Racetrack,MT,30077,
60450,Rader Creek,MT,30043,
60475,Radersburg,MT,30007,
60850,Rapelje,MT,30095,
61075,Ravalli,MT,30047,
61300,Raynesford,MT,30045,
61525,Red Lodge,MT,30009,
61675,Redstone,MT,30091,
61900,Reed Point,MT,30095,
62125,Reserve,MT,30091,
62200,Rexford,MT,30053,
62230,Rhodes,MT,30029,
62245,Riceville,MT,30013,
62275,Richey,MT,30021,
62650,Rimini,MT,30049,
62825,Rimrock Colony,MT,30101,
63042,Riverbend,MT,30061,
63266,Riverview Colony,MT,30051,
63400,Roberts,MT,30009,
63590,Rockport Colony,MT,30099,
63700,Rockvale,MT,30009,
63900,Rocky Boy's Agency,MT,30041,
63928,Rocky Boy West,MT,30015 30041,
63940,Rocky Point,MT,30047,
64075,Rollins,MT,30047,
64150,Ronan,MT,30047,
64300,Roscoe,MT,30009,
64375,Rosebud,MT,30087,
64525,Roundup,MT,30065,
64675,Roy,MT,30027,
64900,Rudyard,MT,30041,
64975,Ryegate,MT,30037,
65050,Saco,MT,30071,
65065,Saddle Butte,MT,30041,
65160,Sage Creek Colony,MT,30051,
65275,St. Ignatius,MT,30047,
65400,St. Marie,MT,30105,
65425,St. Mary,MT,30035,
65537,St. Pierre,MT,30041,
65575,St. Regis,MT,30061,
65650,St. Xavier,MT,30003,
65875,Saltese,MT,30061,
65950,Sand Coulee,MT,30013,
66212,Sangrey,MT,30041,
66250,Santa Rita,MT,30035,
66317,Sapphire Ridge,MT,30045,
66550,Savage,MT,30083,
66910,Sčilíp,MT,30089,
66925,Scobey,MT,30019,
67075,Sedan,MT,30031,
67150,Seeley Lake,MT,30063,
67192,Seville Colony,MT,30035,
67225,Shawmut,MT,30107,
67450,Shelby,MT,30101,
67525,Shepherd,MT,30111,
67600,Sheridan,MT,30057,
67900,Sidney,MT,30083,
68050,Silesia,MT,30009,
68425,Silver Gate,MT,30067,
68500,Silver Star,MT,30057,
68575,Simms,MT,30013,
68985,Sleeping Buffalo,MT,30071,
69345,Snowslip,MT,30029,
69475,Somers,MT,30029,
69680,South Browning,MT,30035,
69713,South Glastonbury,MT,30067,
69725,South Hills,MT,30043,
69900,Spokane Creek,MT,30007,
70000,Spring Creek Colony,MT,30027,
70150,Springdale,MT,30067,
70225,Springdale Colony,MT,30059,
70375,Springhill,MT,30031,
70434,Springwater Colony,MT,30107,
70600,Square Butte,MT,30015,
70675,Stanford,MT,30045,
70825,Starr School,MT,30035,
71200,Stevensville,MT,30081,
71350,Stockett,MT,30013,
71575,Stryker,MT,30053,
71800,Sula,MT,30081,
72175,Sunburst,MT,30101,
72305,Sunnybrook Colony,MT,30015,
72380,Sun Prairie,MT,30013,
72475,Sun River,MT,30013,
72625,Superior,MT,30061,
72660,Surprise Creek Colony,MT,30045,
72850,Swan Lake,MT,30047,
73075,Sweet Grass,MT,30101,
73165,Sylvanite,MT,30053,
73675,Terry,MT,30079,
73760,The Silos,MT,30007,
73825,Thompson Falls,MT,30089,
73975,Three Forks,MT,30031,
74500,Toston,MT,30007,
74575,Townsend,MT,30007,
74650,Tracy,MT,30013,
74725,Trego,MT,30053,
74950,Trout Creek,MT,30089,
75025,Troy,MT,30053,
75175,Turah,MT,30063,
75250,Turner,MT,30005,
75258,Turner Colony,MT,30005,
75287,Turtle Lake,MT,30047,
75475,Twin Bridges,MT,30057,
75550,Twin Creeks,MT,30063,
75590,Twin Hills Colony,MT,30015,
75700,Twodot,MT,30107,
75775,Ulm,MT,30013,
75905,Unionville,MT,30049,
76075,Utica,MT,30045,
76225,Valier,MT,30073,
76675,Vaughn,MT,30013,
76900,Victor,MT,30081,
76975,Vida,MT,30055,
77125,Virginia City,MT,30057,
77650,Walkerville,MT,30093,
78143,Warm Spring Creek,MT,30027,
78775,Weeksville,MT,30089,
78925,Westby,MT,30091,
79075,West Glacier,MT,30029,
79086,West Glendive,MT,30021,
79098,West Havre,MT,30041,
79105,West Kootenai,MT,30053,
79525,West Yellowstone,MT,30031,
79695,Wheatland,MT,30007,
79825,Whitefish,MT,30029,
79900,Whitehall,MT,30043,
79935,White Haven,MT,30053,
80050,White Sulphur Springs,MT,30059,
80125,Whitetail,MT,30019,
80200,Whitewater,MT,30071,
80275,Whitlash,MT,30051,
80350,Wibaux,MT,30109,
80800,Willow Creek,MT,30031,
80875,Wilsall,MT,30067,
80950,Windham,MT,30045,
80975,Wineglass,MT,30067,
81025,Winifred,MT,30027,
81100,Winnett,MT,30069,
81175,Winston,MT,30007,
81250,Wisdom,MT,30001,
81325,Wise River,MT,30001,
81400,Wolf Creek,MT,30049,
81475,Wolf Point,MT,30085,
81700,Woods Bay,MT,30047,
81925,Worden,MT,30111,
81980,Wye,MT,30063,
82075,Wyola,MT,30003,
82130,Yaak,MT,30053,
82525,York,MT,30049,
82635,Zenith Colony,MT,30035,
82675,Zortman,MT,30071,
82750,Zurich,MT,30005,
00160,Aberdeen,NC,37125,
00440,Advance,NC,37059,
00500,Ahoskie,NC,37091,
00640,Alamance,NC,37001,
00680,Albemarle,NC,37167,
00880,Alexis,NC,37071,
01000,Alliance,NC,37137,
01140,Altamahaw,NC,37001,
01340,Anderson Creek,NC,37085,
01380,Andrews,NC,37039,
01400,Angier,NC,37085 37183,
01420,Ansonville,NC,37007,
01520,Apex,NC,37183,
01560,Aquadale,NC,37167,
01640,Arapahoe,NC,37137,
01720,Archdale,NC,37081 37151,
01760,Archer Lodge,NC,37101,
01972,Arrowhead Beach,NC,37041,
02080,Asheboro,NC,37151,
02140,Asheville,NC,37021,
02240,Ashley Heights,NC,37093,
02320,Askewville,NC,37015,
02460,Atkinson,NC,37141,
02480,Atlantic,NC,37031,
02500,Atlantic Beach,NC,37031,
02580,Aulander,NC,37015,
02620,Aurora,NC,37013,
02700,Autryville,NC,37163,
02760,Avery Creek,NC,37021,
02780,Avon,NC,37055,
02840,Ayden,NC,37147,
02960,Badin,NC,37167,
03020,Bailey,NC,37127,
03100,Bakersville,NC,37121,
03150,Bald Head Island,NC,37019,
03220,Balfour,NC,37089,
03500,Banner Elk,NC,37011,
03530,Barbecue,NC,37085,
03640,Barker Heights,NC,37089,
03665,Barker Ten Mile,NC,37155,
03720,Barnardsville,NC,37021,
03840,Bath,NC,37013,
03960,Bayboro,NC,37137,
04015,Bayshore,NC,37129,
04040,Bayview,NC,37013,
04180,Bear Grass,NC,37117,
04260,Beaufort,NC,37031,
04510,Beech Mountain,NC,37011 37189,
04640,Belhaven,NC,37013,
04680,Bell Arthur,NC,37147,
04840,Belmont,NC,37071,
04950,Belville,NC,37019,
04955,Belvoir,NC,37147,
04960,Belwood,NC,37045,
05020,Bennett,NC,37037,
05040,Benson,NC,37085 37101,
05049,Bent Creek,NC,37021,
05135,Bermuda Run,NC,37059,
05220,Bessemer City,NC,37071,
05340,Bethania,NC,37067,
05460,Bethel,NC,37147,
05530,Bethlehem,NC,37003,
05660,Beulaville,NC,37061,
05880,Biltmore Forest,NC,37021,
06000,Biscoe,NC,37123,
06080,Black Creek,NC,37195,
06140,Black Mountain,NC,37021,
06240,Bladenboro,NC,37017,
06500,Blowing Rock,NC,37027 37189,
06510,Blue Clay Farms,NC,37129,
06660,Boardman,NC,37047,
06740,Bogue,NC,37031,
06760,Boiling Spring Lakes,NC,37019,
06800,Boiling Springs,NC,37045,
06820,Bolivia,NC,37019,
06860,Bolton,NC,37047,
06980,Bonnetsville,NC,37163,
07080,Boone,NC,37189,
07140,Boonville,NC,37197,
07220,Bostic,NC,37161,
07340,Bowdens,NC,37061,
07400,Bowmore,NC,37093,
07588,Brandywine Bay,NC,37031,
07720,Brevard,NC,37175,
07748,Briar Chapel,NC,37037,
07765,Brices Creek,NC,37049,
07860,Bridgeton,NC,37049,
08040,Broad Creek,NC,37031,
08080,Broadway,NC,37085 37105,
08110,Brogden,NC,37191,
08140,Brookford,NC,37035,
08420,Brunswick,NC,37047,
08480,Bryson City,NC,37173,
08760,Buies Creek,NC,37085,
08860,Bunn,NC,37069,
08880,Bunnlevel,NC,37085,
08960,Burgaw,NC,37141,
09060,Burlington,NC,37001 37081,
09140,Burnsville,NC,37199,
09360,Butner,NC,37077,
09380,Butters,NC,37017,
09400,Buxton,NC,37055,
09530,Cajah's Mountain,NC,37027,
09540,Calabash,NC,37019,
09760,Calypso,NC,37061,
09780,Camden,NC,37029,
09800,Cameron,NC,37125,
10120,Candor,NC,37123 37125,
10240,Canton,NC,37087,
10260,Cape Carteret,NC,37031,
10264,Cape Colony,NC,37041,
10460,Caroleen,NC,37161,
10500,Carolina Beach,NC,37129,
10532,Carolina Meadows,NC,37037,
10550,Carolina Shores,NC,37019,
10620,Carrboro,NC,37135,
10680,Carthage,NC,37125,
10740,Cary,NC,37037 37183,
10760,Casar,NC,37045,
10800,Cashiers,NC,37099,
10860,Castalia,NC,37127,
10880,Castle Hayne,NC,37129,
10960,Caswell Beach,NC,37019,
10980,Catawba,NC,37035,
11340,Cedar Point,NC,37031,
11352,Cedar Rock,NC,37027,
11560,Centerville,NC,37069,
11620,Cerro Gordo,NC,37047,
11640,Chadbourn,NC,37047,
11800,Chapel Hill,NC,37063 37135,
12000,Charlotte,NC,37119,
12140,Cherokee,NC,37099 37173,
12186,Cherry Branch,NC,37049,
12340,Cherryville,NC,37071,
12460,Chimney Rock Village,NC,37161,
12480,China Grove,NC,37159,
12520,Chinquapin,NC,37061,
12580,Chocowinity,NC,37013,
12590,Chowan Beach,NC,37041,
12720,Claremont,NC,37035,
12780,Clarkton,NC,37017,
12860,Clayton,NC,37101 37183,
12960,Clemmons,NC,37067,
13000,Cleveland,NC,37159,
13100,Cliffside,NC,37161,
13240,Clinton,NC,37163,
13280,Clyde,NC,37087,
13360,Coats,NC,37085,
13460,Cofield,NC,37091,
13500,Coinjock,NC,37053,
13560,Colerain,NC,37015,
13940,Columbia,NC,37177,
13980,Columbus,NC,37149,
14060,Como,NC,37091,
14100,Concord,NC,37025,
14200,Conetoe,NC,37065,
14280,Connelly Springs,NC,37023,
14340,Conover,NC,37035,
14400,Conway,NC,37131,
14460,Cooleemee,NC,37059,
14600,Cordova,NC,37153,
14700,Cornelius,NC,37119,
15020,Cove City,NC,37049,
15040,Cove Creek,NC,37189,
15260,Cramerton,NC,37071,
15320,Creedmoor,NC,37077,
15420,Creswell,NC,37187,
15440,Cricket,NC,37193,
15580,Crossnore,NC,37011,
15640,Crouse,NC,37109,
15880,Cullowhee,NC,37099,
16084,Cypress Landing,NC,37013,
16180,Dallas,NC,37071,
16220,Dana,NC,37089,
16240,Danbury,NC,37169,
16400,Davidson,NC,37097 37119,
16480,Davis,NC,37031,
16720,Deep Run,NC,37107,
16730,Deercroft,NC,37165,
16780,Delco,NC,37047,
16820,Dellview,NC,37071,
16860,Delway,NC,37163,
16980,Denton,NC,37057,
17000,Denver,NC,37109,
17180,Dillsboro,NC,37099,
17325,Dobbins Heights,NC,37153,
17340,Dobson,NC,37171,
17520,Dortches,NC,37127,
17660,Dover,NC,37049,
17860,Drexel,NC,37023,
18040,Dublin,NC,37017,
18060,Duck,NC,37055,
18080,Dudley,NC,37191,
18300,Dundarrach,NC,37093,
18320,Dunn,NC,37085,
19000,Durham,NC,37063 37135 37183,
19140,Earl,NC,37045,
19300,East Arcadia,NC,37017,
19320,East Bend,NC,37197,
19420,East Flat Rock,NC,37089,
19740,Eastover,NC,37051,
19800,East Rockingham,NC,37153,
19860,East Spencer,NC,37159,
20080,Eden,NC,37157,
20120,Edenton,NC,37041,
20280,Edneyville,NC,37089,
20420,Efland,NC,37135,
20580,Elizabeth City,NC,37029 37139,
20600,Elizabethtown,NC,37017,
20620,Elkin,NC,37171 37193,
20700,Elk Park,NC,37011,
20780,Ellenboro,NC,37161,
20840,Ellerbe,NC,37153,
20980,Elm City,NC,37127 37195,
21095,Elon,NC,37001,
21120,Elrod,NC,37155,
21130,Elroy,NC,37191,
21160,Emerald Isle,NC,37031,
21260,Emma,NC,37021,
21360,Enfield,NC,37083,
21380,Engelhard,NC,37095,
21500,Enochville,NC,37159,
21740,Erwin,NC,37085,
21880,Etowah,NC,37089,
21960,Eureka,NC,37191,
22040,Everetts,NC,37117,
22080,Evergreen,NC,37047,
22240,Fair Bluff,NC,37047,
22280,Fairfield,NC,37095,
22305,Fairfield Harbour,NC,37049,
22360,Fairmont,NC,37155,
22380,Fairplains,NC,37193,
22440,Fairview,NC,37021,
22500,Fairview,NC,37179,
22560,Faison,NC,37061 37163,
22600,Faith,NC,37159,
22620,Falcon,NC,37051 37163,
22640,Falkland,NC,37147,
22720,Fallston,NC,37045,
22800,Farmington,NC,37059,
22820,Farmville,NC,37147,
22920,Fayetteville,NC,37051,
22982,Fearrington Village,NC,37037,
23520,Five Points,NC,37093,
23600,Flat Rock,NC,37089,
23640,Flat Rock,NC,37171,
23760,Fletcher,NC,37089,
23980,Fontana Dam,NC,37075,
24080,Forest City,NC,37161,
24170,Forest Hills,NC,37099,
24198,Forest Oaks,NC,37081,
24380,Foscoe,NC,37189,
24440,Fountain,NC,37147,
24520,Four Oaks,NC,37101,
24570,Foxfire,NC,37125,
24640,Franklin,NC,37113,
24720,Franklinton,NC,37069,
24740,Franklinville,NC,37151,
24900,Fremont,NC,37191,
25020,Frisco,NC,37055,
25160,Fruitland,NC,37089,
25300,Fuquay-Varina,NC,37085 37183,
25380,Gamewell,NC,37027,
25460,Garland,NC,37163,
25480,Garner,NC,37183,
25540,Garysburg,NC,37131,
25560,Gaston,NC,37131,
25580,Gastonia,NC,37071,
25680,Gatesville,NC,37073,
25880,Germanton,NC,37067 37169,
25900,Gerton,NC,37089,
25940,Gibson,NC,37165,
25980,Gibsonville,NC,37001 37081,
26200,Glen Alpine,NC,37023,
26460,Glen Raven,NC,37001,
26520,Glenville,NC,37099,
26560,Glenwood,NC,37111,
26680,Gloucester,NC,37031,
26740,Godwin,NC,37051,
26800,Gold Hill,NC,37159,
26880,Goldsboro,NC,37191,
26920,Goldston,NC,37037,
27120,Gorman,NC,37063,
27180,Governors Club,NC,37037,
27182,Governors Village,NC,37037,
27280,Graham,NC,37001,
27300,Graingers,NC,37107,
27324,Grandfather Village,NC,37011,
27400,Grandy,NC,37053,
27420,Granite Falls,NC,37027,
27440,Granite Quarry,NC,37159,
27520,Grantsboro,NC,37137,
27780,Greenevers,NC,37061,
27870,Green Level,NC,37001,
28000,Greensboro,NC,37081,
28080,Greenville,NC,37147,
28200,Grifton,NC,37107 37147,
28240,Grimesland,NC,37147,
28400,Grover,NC,37045,
28600,Gulf,NC,37037,
28900,Half Moon,NC,37133,
28920,Halifax,NC,37083,
29000,Hallsboro,NC,37047,
29120,Hamilton,NC,37117,
29160,Hamlet,NC,37153,
29180,Hampstead,NC,37141,
29560,Harkers Island,NC,37031,
29640,Harmony,NC,37097,
29680,Harrells,NC,37061 37163,
29720,Harrellsville,NC,37091,
29800,Harrisburg,NC,37025,
30040,Hassell,NC,37117,
30100,Hatteras,NC,37055,
30120,Havelock,NC,37049,
30260,Haw River,NC,37001,
30280,Hayesville,NC,37043,
30340,Hays,NC,37193,
30620,Hemby Bridge,NC,37179,
30660,Henderson,NC,37181,
30720,Hendersonville,NC,37089,
30800,Henrietta,NC,37161,
30900,Hertford,NC,37143,
31060,Hickory,NC,37023 37027 37035,
31260,Hiddenite,NC,37003,
31360,Highlands,NC,37099 37113,
31400,High Point,NC,37057 37067 37081 37151,
31440,High Shoals,NC,37071,
31490,Hightsville,NC,37129,
31500,Hildebran,NC,37023,
31620,Hillsborough,NC,37135,
31860,Hobgood,NC,37083,
31880,Hobucken,NC,37137,
31920,Hoffman,NC,37153,
31960,Holden Beach,NC,37019,
32100,Hollister,NC,37083,
32180,Holly Ridge,NC,37133,
32260,Holly Springs,NC,37183,
32540,Hookerton,NC,37079,
32580,Hoopers Creek,NC,37089,
32640,Hope Mills,NC,37051,
32740,Horse Shoe,NC,37089,
32840,Hot Springs,NC,37115,
32980,Hudson,NC,37027,
33120,Huntersville,NC,37119,
33320,Icard,NC,37023,
33460,Indian Beach,NC,37031,
33560,Indian Trail,NC,37179,
33640,Ingold,NC,37163,
33820,Iron Station,NC,37109,
33940,Ivanhoe,NC,37163,
33993,JAARS,NC,37179,
34000,Jackson,NC,37131,
34038,Jackson Heights,NC,37107,
34160,Jackson Springs,NC,37125,
34200,Jacksonville,NC,37133,
34260,James City,NC,37049,
34300,Jamestown,NC,37081,
34320,Jamesville,NC,37117,
34440,Jefferson,NC,37009,
34840,Jonesville,NC,37197,
35200,Kannapolis,NC,37025 37159,
35340,Keener,NC,37163,
35360,Kelford,NC,37015,
35440,Kelly,NC,37017,
35460,Kenansville,NC,37061,
35540,Kenly,NC,37101 37195,
35600,Kernersville,NC,37067 37081,
35720,Kill Devil Hills,NC,37055,
35760,King,NC,37067 37169,
35870,Kings Grant,NC,37129,
35880,Kings Mountain,NC,37045 37071,
35890,Kingstown,NC,37045,
35920,Kinston,NC,37107,
36020,Kittrell,NC,37181,
36060,Kitty Hawk,NC,37055,
36080,Knightdale,NC,37183,
36220,Kure Beach,NC,37129,
36400,La Grange,NC,37107,
36480,Lake Junaluska,NC,37087,
36500,Lake Lure,NC,37161,
36510,Lake Norman of Catawba,NC,37035,
36511,Lake Norman of Iredell,NC,37097,
36512,Lake Park,NC,37179,
36513,Lake Royale,NC,37069,
36514,Lake Santeetlah,NC,37075,
36640,Lake Waccamaw,NC,37047,
36860,Landis,NC,37159,
36960,Lansing,NC,37009,
37000,Lasker,NC,37131,
37040,Lattimore,NC,37045,
37120,Laurel Hill,NC,37165,
37160,Laurel Park,NC,37089,
37220,Laurinburg,NC,37165,
37260,Lawndale,NC,37045,
37640,Leggett,NC,37065,
37680,Leland,NC,37019,
37760,Lenoir,NC,37027,
38030,Lewiston Woodville,NC,37015,
38040,Lewisville,NC,37067,
38060,Lexington,NC,37057,
38100,Liberty,NC,37151,
38170,Light Oak,NC,37045,
38200,Lilesville,NC,37007,
38220,Lillington,NC,37085,
38320,Lincolnton,NC,37109,
38360,Linden,NC,37051,
38420,Linville,NC,37011,
38680,Littleton,NC,37083,
38860,Locust,NC,37025 37167,
39060,Long Creek,NC,37141,
39280,Long View,NC,37023 37035,
39360,Louisburg,NC,37069,
39420,Love Valley,NC,37097,
39480,Lowell,NC,37071,
39520,Lowesville,NC,37109,
39540,Lowgap,NC,37171,
39600,Lucama,NC,37195,
39680,Lumber Bridge,NC,37155,
39700,Lumberton,NC,37155,
39880,McAdenville,NC,37071,
39960,Macclesfield,NC,37065,
40140,McDonald,NC,37155,
40240,McFarlan,NC,37007,
40460,McLeansville,NC,37081,
40540,Macon,NC,37185,
40560,Madison,NC,37157,
40600,Maggie Valley,NC,37087,
40640,Magnolia,NC,37061,
40660,Maiden,NC,37035 37109,
40860,Mamers,NC,37085,
40980,Manns Harbor,NC,37055,
41060,Manteo,NC,37055,
41220,Marble,NC,37039,
41380,Marietta,NC,37155,
41420,Marion,NC,37111,
41540,Mar-Mac,NC,37191,
41580,Marshall,NC,37115,
41600,Marshallberg,NC,37031,
41620,Mars Hill,NC,37115,
41640,Marshville,NC,37179,
41720,Marvin,NC,37179,
41960,Matthews,NC,37119,
42000,Maury,NC,37079,
42020,Maxton,NC,37155 37165,
42060,Mayodan,NC,37157,
42100,Maysville,NC,37103,
42240,Mebane,NC,37001 37135,
42480,Mesic,NC,37137,
42620,Micro,NC,37101,
42640,Middleburg,NC,37181,
42700,Middlesex,NC,37127,
42760,Midland,NC,37025 37119,
42860,Midway,NC,37057,
43160,Millers Creek,NC,37193,
43200,Millingport,NC,37167,
43260,Mills River,NC,37089,
43300,Milton,NC,37033,
43320,Milwaukee,NC,37131,
43360,Mineral Springs,NC,37179,
43440,Minnesott Beach,NC,37137,
43480,Mint Hill,NC,37119 37179,
43580,Misenheimer,NC,37167,
43720,Mocksville,NC,37059,
43860,Momeyer,NC,37127,
43880,Moncure,NC,37037,
43920,Monroe,NC,37179,
44100,Montreat,NC,37021,
44160,Mooresboro,NC,37045,
44220,Mooresville,NC,37097,
44280,Moravian Falls,NC,37193,
44320,Morehead City,NC,37031,
44400,Morganton,NC,37023,
44520,Morrisville,NC,37063 37183,
44560,Morven,NC,37007,
44700,Mountain Home,NC,37089,
44770,Mountain View,NC,37035,
44800,Mount Airy,NC,37171,
44900,Mount Gilead,NC,37123,
44960,Mount Holly,NC,37071,
45100,Mount Olive,NC,37061 37191,
45140,Mount Pleasant,NC,37025,
45460,Moyock,NC,37053,
45560,Mulberry,NC,37193,
45640,Murfreesboro,NC,37091,
45660,Murphy,NC,37039,
45720,Murraysville,NC,37129,
45840,Myrtle Grove,NC,37129,
45880,Nags Head,NC,37055,
46000,Nashville,NC,37127,
46060,Navassa,NC,37019,
46100,Nebo,NC,37111,
46280,Neuse Forest,NC,37049,
46340,New Bern,NC,37049,
46650,New Hope,NC,37191,
46740,Newland,NC,37011,
46820,New London,NC,37167,
46860,Newport,NC,37031,
47000,Newton,NC,37035,
47020,Newton Grove,NC,37163,
47240,Norlina,NC,37185,
47260,Norman,NC,37153,
47485,Northchase,NC,37129,
47695,Northlakes,NC,37027,
47845,North Topsail Beach,NC,37133,
47860,Northwest,NC,37019,
47880,North Wilkesboro,NC,37193,
47980,Norwood,NC,37167,
48040,Oakboro,NC,37167,
48060,Oak City,NC,37117,
48345,Oak Island,NC,37019,
48480,Oak Ridge,NC,37081,
48700,Ocean Isle Beach,NC,37019,
48740,Ocracoke,NC,37095,
48790,Ogden,NC,37129,
48920,Old Fort,NC,37111,
48940,Old Hundred,NC,37165,
49380,Oriental,NC,37137,
49460,Orrum,NC,37155,
49600,Ossipee,NC,37001,
49800,Oxford,NC,37077,
50080,Pantego,NC,37013,
50340,Parkton,NC,37155,
50540,Parmele,NC,37117,
50700,Patterson Springs,NC,37045,
50820,Peachland,NC,37007,
51040,Peletier,NC,37031,
51080,Pembroke,NC,37155,
51780,Pikeville,NC,37191,
51820,Pilot Mountain,NC,37171,
51840,Pinebluff,NC,37125,
51940,Pinehurst,NC,37125,
52000,Pine Knoll Shores,NC,37031,
52020,Pine Level,NC,37101,
52140,Pinetops,NC,37065,
52160,Pinetown,NC,37013,
52220,Pineville,NC,37119,
52260,Piney Green,NC,37133,
52400,Pink Hill,NC,37107,
52500,Pinnacle,NC,37169,
52660,Pittsboro,NC,37037,
52685,Plain View,NC,37163,
52760,Pleasant Garden,NC,37081,
52920,Pleasant Hill,NC,37193,
53040,Plymouth,NC,37187,
53140,Polkton,NC,37007,
53160,Polkville,NC,37045,
53200,Pollocksville,NC,37103,
53475,Porters Neck,NC,37129,
53580,Potters Hill,NC,37061,
53680,Powellsville,NC,37015,
53820,Princeton,NC,37101,
53840,Princeville,NC,37065,
53900,Proctorville,NC,37155,
53950,Prospect,NC,37155,
54160,Pumpkin Center,NC,37133,
54580,Raeford,NC,37093,
54600,Raemon,NC,37155,
55000,Raleigh,NC,37063 37183,
55040,Ramseur,NC,37151,
55080,Randleman,NC,37151,
55260,Ranlo,NC,37071,
55340,Raynham,NC,37155,
55460,Red Cross,NC,37167,
55640,Red Oak,NC,37127,
55660,Red Springs,NC,37093 37155,
55900,Reidsville,NC,37157,
55940,Rennert,NC,37155,
56100,Rex,NC,37155,
56240,Rhodhiss,NC,37023 37027,
56340,Richfield,NC,37167,
56360,Richlands,NC,37133,
56440,Rich Square,NC,37131,
56600,Riegelwood,NC,37047,
56710,River Bend,NC,37049,
56815,River Road,NC,37013,
56900,Roanoke Rapids,NC,37083,
57000,Robbins,NC,37125,
57020,Robbinsville,NC,37075,
57039,Roberdel,NC,37153,
57100,Robersonville,NC,37117,
57200,Rockfish,NC,37093,
57260,Rockingham,NC,37153,
57340,Rockwell,NC,37159,
57500,Rocky Mount,NC,37065 37127,
57540,Rocky Point,NC,37141,
57580,Rodanthe,NC,37055,
57640,Rolesville,NC,37183,
57700,Ronda,NC,37193,
57740,Roper,NC,37187,
57800,Roseboro,NC,37163,
57860,Rose Hill,NC,37061,
58020,Rosman,NC,37175,
58040,Rougemont,NC,37063 37145,
58140,Rowland,NC,37155,
58160,Roxboro,NC,37145,
58180,Roxobel,NC,37015,
58260,Royal Pines,NC,37021,
58340,Ruffin,NC,37157,
58360,Rural Hall,NC,37067,
58420,Ruth,NC,37161,
58440,Rutherford College,NC,37023 37027,
58460,Rutherfordton,NC,37161,
58620,St. Helena,NC,37141,
58630,St. James,NC,37019,
58720,St. Pauls,NC,37155,
58730,St. Stephens,NC,37035,
58740,Salem,NC,37023,
58840,Salemburg,NC,37163,
58860,Salisbury,NC,37159,
58920,Saluda,NC,37089 37149,
58940,Salvo,NC,37055,
59090,Sandy Creek,NC,37019,
59135,Sandyfield,NC,37047,
59280,Sanford,NC,37105,
59340,Saratoga,NC,37195,
59540,Sawmills,NC,37027,
59580,Saxapahaw,NC,37001,
59765,Scotch Meadows,NC,37165,
59780,Scotland Neck,NC,37083,
59980,Seaboard,NC,37131,
60000,Sea Breeze,NC,37129,
60080,Seagrove,NC,37151,
60180,Sedalia,NC,37081,
60320,Selma,NC,37101,
60505,Seven Devils,NC,37011 37189,
60515,Seven Lakes,NC,37125,
60540,Seven Springs,NC,37191,
60560,Severn,NC,37131,
60800,Shallotte,NC,37019,
60940,Shannon,NC,37155,
61060,Sharpsburg,NC,37065 37127 37195,
61200,Shelby,NC,37045,
61860,Siler City,NC,37037,
61920,Silver City,NC,37093,
61950,Silver Lake,NC,37129,
62040,Simpson,NC,37147,
62060,Sims,NC,37195,
62190,Skippers Corner,NC,37129,
62520,Smithfield,NC,37101,
62580,Smithtown,NC,37197,
62680,Sneads Ferry,NC,37133,
62760,Snow Hill,NC,37079,
63120,Southern Pines,NC,37125,
63130,Southern Shores,NC,37055,
63240,South Henderson,NC,37181,
63340,South Mills,NC,37029,
63360,Southmont,NC,37057,
63400,Southport,NC,37019,
63470,South Rosemary,NC,37083,
63560,South Weldon,NC,37083,
63680,Sparta,NC,37005,
63720,Speed,NC,37065,
63760,Spencer,NC,37159,
63780,Spencer Mountain,NC,37071,
63880,Spindale,NC,37161,
63920,Spivey's Corner,NC,37163,
64000,Spout Springs,NC,37085,
64050,Springdale,NC,37071,
64160,Spring Hope,NC,37127,
64180,Spring Lake,NC,37051,
64260,Spruce Pine,NC,37121,
64380,Staley,NC,37151,
64420,Stallings,NC,37119 37179,
64460,Stanfield,NC,37167,
64500,Stanley,NC,37071,
64560,Stantonsburg,NC,37195,
64580,Star,NC,37123,
64740,Statesville,NC,37097,
64840,Stedman,NC,37051,
64940,Stem,NC,37077,
65020,Stokes,NC,37147,
65040,Stokesdale,NC,37081,
65100,Stoneville,NC,37157,
65120,Stonewall,NC,37137,
65260,Stony Point,NC,37003 37097,
65320,Stovall,NC,37077,
65530,Sugar Mountain,NC,37011,
65580,Summerfield,NC,37081,
65700,Sunbury,NC,37073,
65900,Sunset Beach,NC,37019,
66040,Surf City,NC,37133 37141,
66280,Swannanoa,NC,37021,
66340,Swan Quarter,NC,37095,
66360,Swansboro,NC,37133,
66460,Swepsonville,NC,37001,
66500,Sylva,NC,37099,
66520,Tabor City,NC,37047,
66700,Tarboro,NC,37065,
66740,Tar Heel,NC,37017,
66960,Taylorsville,NC,37003,
66980,Taylortown,NC,37125,
67000,Teachey,NC,37061,
67420,Thomasville,NC,37057 37151,
67700,Toast,NC,37171,
67720,Tobaccoville,NC,37067 37169,
68040,Topsail Beach,NC,37141,
68320,Trenton,NC,37103,
68340,Trent Woods,NC,37049,
68400,Trinity,NC,37151,
68500,Troutman,NC,37097,
68520,Troy,NC,37123,
68580,Tryon,NC,37149,
68740,Turkey,NC,37163,
69020,Tyro,NC,37057,
69260,Unionville,NC,37179,
69520,Valdese,NC,37023,
69600,Valle Crucis,NC,37189,
69640,Valley Hill,NC,37089,
69680,Vanceboro,NC,37049,
69720,Vandemere,NC,37137,
69740,Vander,NC,37051,
69755,Vann Crossroads,NC,37163,
69795,Varnamtown,NC,37019,
69840,Vass,NC,37125,
70320,Waco,NC,37045,
70340,Wade,NC,37051,
70380,Wadesboro,NC,37007,
70480,Wagram,NC,37165,
70540,Wake Forest,NC,37069 37183,
70580,Wakulla,NC,37155,
70660,Walkertown,NC,37067,
70720,Wallace,NC,37061 37141,
70740,Wallburg,NC,37057,
70780,Walnut Cove,NC,37169,
70820,Walnut Creek,NC,37191,
70860,Walstonburg,NC,37079,
70920,Wanchese,NC,37055,
71100,Warrenton,NC,37185,
71160,Warsaw,NC,37061,
71220,Washington,NC,37013,
71240,Washington Park,NC,37013,
71320,Watha,NC,37141,
71440,Waves,NC,37055,
71460,Waxhaw,NC,37179,
71500,Waynesville,NC,37087,
71560,Weaverville,NC,37021,
71600,Webster,NC,37099,
71680,Weddington,NC,37119 37179,
71760,Welcome,NC,37057,
71780,Weldon,NC,37083,
71860,Wendell,NC,37183,
71900,Wentworth,NC,37157,
71940,Wesley Chapel,NC,37179,
72150,West Canton,NC,37087,
72540,West Jefferson,NC,37009,
72600,West Marion,NC,37111,
72755,Westport,NC,37109,
73140,Whispering Pines,NC,37125,
73160,Whitakers,NC,37065 37127,
73300,White Lake,NC,37017,
73320,White Oak,NC,37017,
73460,White Plains,NC,37171,
73660,Whiteville,NC,37047,
73760,Whitsett,NC,37081,
73780,Whittier,NC,37099,
74020,Wilkesboro,NC,37193,
74220,Williamston,NC,37117,
74440,Wilmington,NC,37129,
74540,Wilson,NC,37195,
74580,Wilson's Mills,NC,37101,
74680,Windsor,NC,37015,
74720,Winfall,NC,37143,
74760,Wingate,NC,37179,
75000,Winston-Salem,NC,37067,
75060,Winterville,NC,37147,
75080,Winton,NC,37091,
75280,Woodfin,NC,37021,
75340,Woodland,NC,37131,
75375,Woodlawn,NC,37001,
75780,Wrightsboro,NC,37129,
75820,Wrightsville Beach,NC,37129,
75880,Yadkin College,NC,37057,
75960,Yadkinville,NC,37197,
76000,Yanceyville,NC,37033,
76200,Youngsville,NC,37069,
76220,Zebulon,NC,37101 37183,
00100,Abercrombie,ND,38077,
00340,Adams,ND,38099,
00940,Alamo,ND,38105,
01180,Alexander,ND,38053,
01420,Alice,ND,38017,
01700,Almont,ND,38059,
01740,Alsen,ND,38019,
01860,Ambrose,ND,38023,
01940,Amenia,ND,38017,
02060,Amidon,ND,38087,
02220,Anamoose,ND,38049,
02380,Aneta,ND,38063,
02660,Antler,ND,38009,
02820,Apple Valley,ND,38015,
02860,Ardoch,ND,38099,
03020,Argusville,ND,38017,
03220,Arnegard,ND,38053,
03300,Arthur,ND,38017,
03540,Ashley,ND,38051,
03740,Auburn,ND,38099,
04020,Ayr,ND,38017,
04460,Balfour,ND,38049,
04580,Balta,ND,38069,
04740,Bantry,ND,38049,
04940,Barney,ND,38077,
05220,Barton,ND,38069,
05260,Bathgate,ND,38067,
05420,Beach,ND,38033,
05740,Belcourt,ND,38079,
05820,Belfield,ND,38089,
05980,Benedict,ND,38055,
06180,Bergen,ND,38049,
06300,Berlin,ND,38045,
06460,Berthold,ND,38101,
06660,Beulah,ND,38057,
07020,Binford,ND,38039,
07180,Bisbee,ND,38095,
07200,Bismarck,ND,38015,
07456,Blacktail,ND,38105,
07620,Blanchard,ND,38097,
08460,Bottineau,ND,38009,
08500,Bowbells,ND,38013,
08580,Bowdon,ND,38103,
08700,Bowman,ND,38011,
08900,Braddock,ND,38029,
09320,Briarwood,ND,38017,
09460,Brinsmade,ND,38005,
09700,Brocket,ND,38071,
09830,Brooktree Park,ND,38017,
10060,Buchanan,ND,38093,
10300,Bucyrus,ND,38001,
10420,Buffalo,ND,38017,
10940,Burlington,ND,38101,
11180,Butte,ND,38055,
11340,Buxton,ND,38097,
11500,Caledonia,ND,38097,
11580,Calio,ND,38019,
11700,Calvin,ND,38019,
11860,Cando,ND,38095,
12020,Cannon Ball,ND,38085,
12060,Canton City (Hensel),ND,38067,
12260,Carpio,ND,38101,
12340,Carrington,ND,38031,
12460,Carson,ND,38037,
12700,Casselton,ND,38017,
12820,Cathay,ND,38103,
12940,Cavalier,ND,38067,
13020,Cayuga,ND,38081,
13180,Center,ND,38065,
14100,Christine,ND,38077,
14140,Churchs Ferry,ND,38071,
14660,Cleveland,ND,38093,
14740,Clifford,ND,38097,
15100,Cogswell,ND,38081,
15140,Coleharbor,ND,38055,
15180,Colfax,ND,38077,
15460,Columbus,ND,38013,
15820,Conway,ND,38099,
15900,Cooperstown,ND,38039,
16380,Courtenay,ND,38093,
16580,Crary,ND,38071,
16940,Crosby,ND,38023,
17060,Crystal,ND,38067,
17620,Dahlen,ND,38063,
18180,Davenport,ND,38017,
18260,Dawson,ND,38043,
18340,Dazey,ND,38003,
18620,Deering,ND,38049,
18820,De Lamere,ND,38081,
19060,Denhoff,ND,38083,
19300,Des Lacs,ND,38101,
19420,Devils Lake,ND,38071,
19580,Dickey,ND,38045,
19620,Dickinson,ND,38089,
19820,Dodge,ND,38025,
19900,Donnybrook,ND,38101,
20020,Douglas,ND,38101,
20300,Drake,ND,38049,
20340,Drayton,ND,38067,
20500,Driscoll,ND,38015,
20940,Dunn Center,ND,38025,
21020,Dunseith,ND,38079,
21220,Dwight,ND,38077,
21520,East Dunseith,ND,38079,
21580,East Fairview,ND,38053,
22140,Edgeley,ND,38045,
22260,Edinburg,ND,38099,
22340,Edmore,ND,38071,
22540,Egeland,ND,38095,
23020,Elgin,ND,38037,
23220,Ellendale,ND,38021,
23340,Elliott,ND,38073,
24020,Embden,ND,38017,
24060,Emerado,ND,38035,
24260,Enderlin,ND,38017 38073,
24380,Englevale,ND,38073,
24540,Epping,ND,38105,
24620,Erie,ND,38017,
24780,Esmond,ND,38005,
25180,Fairdale,ND,38099,
25300,Fairmount,ND,38077,
25700,Fargo,ND,38017,
26180,Fessenden,ND,38103,
26380,Fingal,ND,38003,
26420,Finley,ND,38091,
26660,Flasher,ND,38059,
26700,Flaxton,ND,38013,
26980,Forbes,ND,38021,
27060,Fordville,ND,38099,
27100,Forest River,ND,38099,
27260,Forman,ND,38081,
27580,Fort Ransom,ND,38073,
27700,Fort Totten,ND,38005,
27820,Fortuna,ND,38023,
27860,Fort Yates,ND,38085,
27950,Four Bears Village,ND,38053,
27980,Foxholm,ND,38101,
28380,Fredonia,ND,38047,
28720,Frontier,ND,38017,
28780,Fullerton,ND,38021,
28860,Gackle,ND,38047,
28980,Galesburg,ND,38097,
29180,Gardena,ND,38009,
29220,Gardner,ND,38017,
29460,Garrison,ND,38055,
29540,Gascoyne,ND,38011,
30180,Gilby,ND,38035,
30460,Gladstone,ND,38089,
30580,Glenburn,ND,38075,
30660,Glenfield,ND,38031,
30860,Glen Ullin,ND,38059,
31180,Golden Valley,ND,38057,
31420,Golva,ND,38033,
31500,Goodrich,ND,38083,
31740,Grace City,ND,38031,
31820,Grafton,ND,38099,
32060,Grand Forks,ND,38035,
32140,Grand Forks AFB,ND,38035,
32300,Grandin,ND,38017 38097,
32580,Grano,ND,38075,
32660,Granville,ND,38049,
32900,Great Bend,ND,38077,
33050,Green Acres,ND,38079,
33500,Grenora,ND,38105,
34020,Gwinner,ND,38081,
34180,Hague,ND,38029,
34340,Halliday,ND,38025,
34460,Hamberg,ND,38103,
34620,Hamilton,ND,38067,
34860,Hampden,ND,38071,
34900,Hankinson,ND,38077,
35020,Hannaford,ND,38039,
35060,Hannah,ND,38019,
35140,Hansboro,ND,38095,
35500,Harmon,ND,38059,
35900,Harvey,ND,38103,
35940,Harwood,ND,38017,
36100,Hatton,ND,38097,
36140,Havana,ND,38081,
36540,Haynes,ND,38001,
36700,Hazelton,ND,38029,
36780,Hazen,ND,38057,
36860,Hebron,ND,38059,
36980,Heil,ND,38037,
37020,Heimdal,ND,38103,
37700,Hettinger,ND,38001,
38100,Hillsboro,ND,38097,
38780,Hoople,ND,38099,
38860,Hope,ND,38091,
38900,Horace,ND,38017,
39460,Hunter,ND,38017,
39580,Hurdsfield,ND,38103,
39980,Inkster,ND,38035,
40580,Jamestown,ND,38093,
40740,Jessie,ND,38039,
41180,Jud,ND,38045,
41380,Karlsruhe,ND,38049,
41500,Kathryn,ND,38003,
42020,Kenmare,ND,38101,
42180,Kensal,ND,38093,
42660,Kief,ND,38049,
42700,Killdeer,ND,38025,
42780,Kindred,ND,38017,
43260,Knox,ND,38005,
43500,Kramer,ND,38009,
43580,Kulm,ND,38045,
44300,Lakota,ND,38063,
44540,LaMoure,ND,38045,
44700,Landa,ND,38009,
44780,Langdon,ND,38019,
44860,Lankin,ND,38099,
44900,Lansford,ND,38009,
45020,Larimore,ND,38035,
45220,Larson,ND,38013,
45300,Lawton,ND,38071,
45460,Leal,ND,38003,
45580,Leeds,ND,38005,
45740,Lehr,ND,38047 38051,
45860,Leith,ND,38037,
45980,Leonard,ND,38017,
46460,Lidgerwood,ND,38077,
46540,Lignite,ND,38013,
46640,Lincoln,ND,38015,
46980,Linton,ND,38029,
47100,Lisbon,ND,38073,
47140,Litchville,ND,38003,
47540,Logan,ND,38101,
47660,Loma,ND,38019,
47796,Long Creek,ND,38105,
48020,Loraine,ND,38075,
48460,Ludden,ND,38021,
48580,Luverne,ND,38091,
49020,McClusky,ND,38083,
49220,McGregor,ND,38105,
49260,McHenry,ND,38031,
49540,McLeod,ND,38073,
49580,McVille,ND,38063,
49620,Maddock,ND,38005,
49820,Makoti,ND,38101,
49900,Mandan,ND,38059,
49980,Mandaree,ND,38053,
50220,Manning,ND,38025,
50380,Mantador,ND,38077,
50420,Manvel,ND,38035,
50580,Mapleton,ND,38017,
50780,Marion,ND,38045,
50860,Marmarth,ND,38087,
51060,Martin,ND,38083,
51380,Max,ND,38055,
51420,Maxbass,ND,38009,
51500,Mayville,ND,38097,
51860,Medina,ND,38093,
51900,Medora,ND,38007,
52180,Menoken,ND,38015,
52340,Mercer,ND,38055,
52740,Michigan City,ND,38063,
52940,Milnor,ND,38081,
53020,Milton,ND,38019,
53220,Minnewaukan,ND,38005,
53380,Minot,ND,38101,
53420,Minot AFB,ND,38101,
53540,Minto,ND,38099,
53780,Mohall,ND,38075,
53820,Monango,ND,38021,
53980,Montpelier,ND,38093,
54220,Mooreton,ND,38077,
54620,Mott,ND,38041,
54740,Mountain,ND,38067,
55020,Munich,ND,38019,
55220,Mylo,ND,38079,
55420,Napoleon,ND,38047,
55500,Nash,ND,38099,
55620,Neche,ND,38067,
55740,Nekoma,ND,38019,
56020,Newburg,ND,38009,
56180,New England,ND,38041,
56420,New Leipzig,ND,38037,
56620,New Rockford,ND,38027,
56700,New Salem,ND,38059,
56740,New Town,ND,38061,
56780,Niagara,ND,38035,
57180,Nome,ND,38003,
57220,Noonan,ND,38023,
58120,North River,ND,38017,
58300,Northwood,ND,38035,
58740,Oakes,ND,38021,
59020,Oberon,ND,38005,
59660,Oriska,ND,38003,
59820,Orrin,ND,38069,
60100,Osnabrock,ND,38019,
60380,Overly,ND,38009,
60480,Oxbow,ND,38017,
60500,Page,ND,38017,
60620,Palermo,ND,38061,
60900,Park River,ND,38099,
60940,Parshall,ND,38061,
61460,Pekin,ND,38063,
61580,Pembina,ND,38067,
61780,Perth,ND,38095,
61860,Petersburg,ND,38063,
62060,Pettibone,ND,38043,
62260,Pick City,ND,38057,
62540,Pillsbury,ND,38003,
62620,Pingree,ND,38093,
62780,Pisek,ND,38099,
62980,Plaza,ND,38061,
63700,Porcupine,ND,38085,
63740,Portal,ND,38013,
63900,Portland,ND,38097,
64140,Powers Lake,ND,38013,
64320,Prairie Rose,ND,38017,
65100,Raleigh,ND,38037,
65580,Ray,ND,38105,
65900,Reeder,ND,38001,
65980,Regan,ND,38015,
66020,Regent,ND,38041,
66040,Reile's Acres,ND,38017,
66260,Reynolds,ND,38035 38097,
66300,Rhame,ND,38011,
66500,Richardton,ND,38089,
66980,Riverdale,ND,38055,
67180,Robinson,ND,38043,
67500,Rocklake,ND,38095,
67620,Rogers,ND,38003,
67780,Rolette,ND,38079,
67820,Rolla,ND,38079,
68540,Ross,ND,38061,
68860,Rugby,ND,38069,
69140,Ruso,ND,38055,
69300,Ruthville,ND,38101,
69340,Rutland,ND,38081,
69460,Ryder,ND,38101,
69980,St. John,ND,38079,
70260,St. Thomas,ND,38067,
70380,Sanborn,ND,38003,
70780,Sarles,ND,38019 38095,
70980,Sawyer,ND,38101,
71500,Scranton,ND,38011,
71660,Selfridge,ND,38085,
71700,Selz,ND,38069,
71780,Sentinel Butte,ND,38033,
71940,Sharon,ND,38091,
72180,Sheldon,ND,38073,
72250,Shell Valley,ND,38079,
72540,Sherwood,ND,38075,
72580,Sheyenne,ND,38027,
72820,Sibley,ND,38003,
73820,Solen,ND,38085,
74020,Souris,ND,38009,
74185,South Heart,ND,38089,
74660,Spiritwood,ND,38093,
74740,Spiritwood Lake,ND,38093,
74780,Springbrook,ND,38105,
75380,Stanley,ND,38061,
75420,Stanton,ND,38057,
75580,Starkweather,ND,38071,
75780,Steele,ND,38043,
76500,Strasburg,ND,38029,
76620,Streeter,ND,38093,
77180,Surrey,ND,38101,
77260,Sutton,ND,38039,
77660,Sykeston,ND,38103,
77980,Tappen,ND,38043,
78180,Taylor,ND,38089,
78660,Thompson,ND,38035,
78940,Tioga,ND,38105,
79140,Tolley,ND,38075,
79180,Tolna,ND,38063,
79340,Tower City,ND,38003 38017,
79420,Towner,ND,38049,
79460,Trenton,ND,38105,
79940,Turtle Lake,ND,38055,
80140,Tuttle,ND,38043,
80660,Underwood,ND,38055,
80860,Upham,ND,38049,
81180,Valley City,ND,38003,
81620,Velva,ND,38049,
81700,Venturia,ND,38051,
81900,Verona,ND,38045,
82380,Voltaire,ND,38049,
82660,Wahpeton,ND,38077,
82780,Walcott,ND,38077,
82940,Wales,ND,38019,
82980,Walhalla,ND,38067,
83580,Warwick,ND,38005,
83700,Washburn,ND,38055,
83860,Watford City,ND,38053,
84780,West Fargo,ND,38017,
85020,Westhope,ND,38009,
85180,Wheatland,ND,38017,
85540,White Earth,ND,38061,
85660,White Shield,ND,38055,
86020,Wildrose,ND,38105,
86220,Williston,ND,38105,
86380,Willow City,ND,38009,
86580,Wilton,ND,38015 38055,
86620,Wimbledon,ND,38003,
86780,Wing,ND,38015,
87020,Wishek,ND,38051,
87180,Wolford,ND,38069,
87580,Woodworth,ND,38093,
87740,Wyndmere,ND,38077,
87860,York,ND,38005,
88020,Ypsilanti,ND,38093,
88140,Zap,ND,38057,
88180,Zeeland,ND,38051,
00205,Abie,NE,31023,
00240,Adams,NE,31067,
00380,Agnew,NE,31109,
00415,Ainsworth,NE,31017,
00555,Albion,NE,31011,
00625,Alda,NE,31079,
00730,Alexandria,NE,31169,
00870,Allen,NE,31051,
00905,Alliance,NE,31013,
00975,Alma,NE,31083,
01150,Alvo,NE,31025,
01220,Ames,NE,31053,
01290,Amherst,NE,31019,
01465,Anoka,NE,31015,
01500,Anselmo,NE,31041,
01535,Ansley,NE,31041,
01780,Arapahoe,NE,31065,
01850,Arcadia,NE,31175,
01920,Archer,NE,31121,
01990,Arlington,NE,31177,
02095,Arnold,NE,31041,
02200,Arthur,NE,31005,
02305,Ashland,NE,31155,
02375,Ashton,NE,31163,
02480,Aten,NE,31027,
02550,Atkinson,NE,31089,
02620,Atlanta,NE,31137,
02655,Auburn,NE,31127,
02690,Aurora,NE,31081,
02795,Avoca,NE,31025,
02830,Axtell,NE,31099,
02865,Ayr,NE,31001,
03005,Bancroft,NE,31039,
03040,Barada,NE,31147,
03075,Barneston,NE,31067,
03145,Bartlett,NE,31183,
03180,Bartley,NE,31145,
03215,Bassett,NE,31149,
03250,Battle Creek,NE,31119,
03285,Bayard,NE,31123,
03355,Bazile Mills,NE,31107,
03377,Beacon View,NE,31153,
03390,Beatrice,NE,31067,
03495,Beaver City,NE,31065,
03530,Beaver Crossing,NE,31159,
03546,Beaver Lake,NE,31025,
03600,Bee,NE,31159,
03635,Beemer,NE,31039,
03775,Belden,NE,31027,
03810,Belgrade,NE,31125,
03950,Bellevue,NE,31153,
04020,Bellwood,NE,31023,
04055,Belmar,NE,31101,
04160,Belvidere,NE,31169,
04195,Benedict,NE,31185,
04230,Benkelman,NE,31057,
04300,Bennet,NE,31109,
04405,Bennington,NE,31055,
04545,Berea,NE,31013,
04615,Bertrand,NE,31137,
04650,Berwyn,NE,31041,
04895,Big Springs,NE,31049,
05140,Bladen,NE,31181,
05350,Blair,NE,31177,
05455,Bloomfield,NE,31107,
05490,Bloomington,NE,31061,
05560,Blue Hill,NE,31181,
05630,Blue Springs,NE,31067,
05980,Bow Valley,NE,31027,
06015,Boys Town,NE,31055,
06050,Bradshaw,NE,31185,
06085,Brady,NE,31111,
06120,Brainard,NE,31023,
06260,Brewster,NE,31009,
06295,Bridgeport,NE,31123,
06400,Bristow,NE,31015,
06470,Broadwater,NE,31123,
06505,Brock,NE,31127,
06610,Broken Bow,NE,31041,
06680,Brownlee,NE,31031,
06750,Brownville,NE,31127,
06785,Brule,NE,31101,
06820,Bruning,NE,31169,
06855,Bruno,NE,31023,
06890,Brunswick,NE,31003,
06945,Buccaneer Bay,NE,31025,
07065,Burchard,NE,31133,
07205,Burr,NE,31131,
07310,Burton,NE,31103,
07345,Burwell,NE,31071,
07415,Bushnell,NE,31105,
07485,Butte,NE,31015,
07555,Byron,NE,31169,
07625,Cairo,NE,31079,
07660,Callaway,NE,31041,
07730,Cambridge,NE,31065,
07870,Campbell,NE,31061,
07975,Carleton,NE,31169,
08010,Carroll,NE,31179,
08150,Cedar Bluffs,NE,31155,
08185,Cedar Creek,NE,31025,
08220,Cedar Rapids,NE,31011,
08360,Center,NE,31107,
08535,Central City,NE,31121,
08570,Ceresco,NE,31155,
08605,Chadron,NE,31045,
08640,Chalco,NE,31153,
08675,Chambers,NE,31089,
08745,Champion,NE,31029,
08780,Chapman,NE,31121,
08885,Chappell,NE,31049,
08990,Cheney,NE,31109,
09095,Chester,NE,31169,
09165,Clarks,NE,31121,
09200,Clarkson,NE,31037,
09270,Clatonia,NE,31067,
09375,Clay Center,NE,31035,
09445,Clearwater,NE,31003,
09655,Clinton,NE,31161,
09760,Cody,NE,31031,
09865,Coleridge,NE,31027,
10005,Colon,NE,31155,
10110,Columbus,NE,31141,
10180,Comstock,NE,31041,
10250,Concord,NE,31051,
10390,Cook,NE,31097,
10495,Cordova,NE,31159,
10600,Cornlea,NE,31141,
10635,Cortland,NE,31067,
10740,Cotesfield,NE,31093,
10985,Cowles,NE,31181,
11020,Cozad,NE,31047,
11055,Crab Orchard,NE,31097,
11090,Craig,NE,31021,
11195,Crawford,NE,31045,
11230,Creighton,NE,31107,
11300,Creston,NE,31141,
11370,Crete,NE,31151,
11440,Crofton,NE,31107,
11475,Crookston,NE,31031,
11615,Culbertson,NE,31087,
11825,Curtis,NE,31063,
11860,Cushing,NE,31093,
12000,Dakota City,NE,31043,
12070,Dalton,NE,31033,
12105,Danbury,NE,31145,
12140,Dannebrog,NE,31093,
12245,Davenport,NE,31169,
12280,Davey,NE,31109,
12315,David City,NE,31023,
12420,Dawson,NE,31147,
12455,Daykin,NE,31095,
12525,Decatur,NE,31021,
12770,Denton,NE,31109,
12840,Deshler,NE,31169,
12945,Deweese,NE,31035,
13015,De Witt,NE,31151,
13085,Diller,NE,31095,
13190,Dix,NE,31105,
13225,Dixon,NE,31051,
13295,Dodge,NE,31053,
13365,Doniphan,NE,31079,
13435,Dorchester,NE,31151,
13505,Douglas,NE,31131,
13750,Du Bois,NE,31133,
13855,Dunbar,NE,31131,
13890,Duncan,NE,31141,
13960,Dunning,NE,31009,
14065,Dwight,NE,31023,
14100,Eagle,NE,31025,
14380,Eddyville,NE,31047,
14450,Edgar,NE,31035,
14520,Edison,NE,31065,
14555,Elba,NE,31093,
14730,Elgin,NE,31003,
14975,Elk Creek,NE,31097,
15360,Elm Creek,NE,31019,
15430,Elmwood,NE,31025,
15500,Elsie,NE,31135,
15570,Elwood,NE,31073,
15605,Elyria,NE,31175,
15675,Emerald,NE,31109,
15710,Emerson,NE,31043 31051 31173,
15815,Emmet,NE,31089,
15885,Enders,NE,31029,
15920,Endicott,NE,31095,
16025,Ericson,NE,31183,
16165,Eustis,NE,31063,
16270,Ewing,NE,31089,
16340,Exeter,NE,31059,
16410,Fairbury,NE,31095,
16445,Fairfield,NE,31035,
16550,Fairmont,NE,31059,
16655,Falls City,NE,31147,
16725,Farnam,NE,31047,
16760,Farwell,NE,31093,
16830,Filley,NE,31067,
16935,Firth,NE,31109,
17040,Fontanelle,NE,31177,
17110,Fordyce,NE,31027,
17145,Fort Calhoun,NE,31177,
17320,Foster,NE,31139,
17530,Franklin,NE,31061,
17670,Fremont,NE,31053,
17775,Friend,NE,31151,
17810,Fullerton,NE,31125,
17880,Funk,NE,31137,
17950,Gandy,NE,31113,
18230,Garland,NE,31159,
18300,Garrison,NE,31023,
18405,Geneva,NE,31059,
18475,Genoa,NE,31125,
18580,Gering,NE,31157,
18615,Gibbon,NE,31019,
18720,Gilead,NE,31169,
18825,Giltner,NE,31081,
19070,Glenvil,NE,31035,
19160,Glenwood,NE,31019,
19245,Goehner,NE,31159,
19350,Gordon,NE,31161,
19385,Gothenburg,NE,31047,
19455,Grafton,NE,31059,
19595,Grand Island,NE,31079,
19910,Grant,NE,31135,
20050,Greeley Center,NE,31077,
20190,Greenwood,NE,31025,
20225,Gresham,NE,31185,
20260,Gretna,NE,31153,
20295,Gross,NE,31015,
20365,Guide Rock,NE,31181,
20435,Gurley,NE,31033,
20470,Hadar,NE,31139,
20540,Haigler,NE,31057,
20610,Hallam,NE,31109,
20680,Halsey,NE,31009 31171,
20750,Hamlet,NE,31085,
20785,Hampton,NE,31081,
20960,Harbine,NE,31095,
20995,Hardy,NE,31129,
21030,Harrisburg,NE,31007,
21240,Harrison,NE,31165,
21275,Hartington,NE,31027,
21345,Harvard,NE,31035,
21415,Hastings,NE,31001,
21660,Hayes Center,NE,31085,
21730,Hay Springs,NE,31161,
21765,Hazard,NE,31163,
21835,Heartwell,NE,31099,
21905,Hebron,NE,31169,
22045,Hemingford,NE,31013,
22080,Henderson,NE,31185,
22115,Hendley,NE,31065,
22150,Henry,NE,31157,
22185,Herman,NE,31177,
22290,Hershey,NE,31111,
22325,Hickman,NE,31109,
22430,Hildreth,NE,31061,
22605,Holbrook,NE,31065,
22640,Holdrege,NE,31137,
22780,Holmesville,NE,31067,
22815,Holstein,NE,31001,
22920,Homer,NE,31043,
23025,Hooper,NE,31053,
23200,Hordville,NE,31081,
23235,Hoskins,NE,31179,
23270,Howard City (Boelus),NE,31093,
23340,Howells,NE,31037,
23375,Hubbard,NE,31043,
23410,Hubbell,NE,31169,
23445,Humboldt,NE,31147,
23480,Humphrey,NE,31141,
23550,Huntley,NE,31083,
23655,Hyannis,NE,31075,
23690,Imperial,NE,31029,
23725,Inavale,NE,31181,
23830,Indianola,NE,31145,
23970,Inglewood,NE,31053,
24005,Inland,NE,31035,
24075,Inman,NE,31089,
24285,Ithaca,NE,31155,
24355,Jackson,NE,31043,
24530,Jansen,NE,31095,
24670,Johnson,NE,31127,
24740,Johnstown,NE,31017,
24915,Julian,NE,31127,
24950,Juniata,NE,31001,
25055,Kearney,NE,31019,
25160,Kenesaw,NE,31001,
25230,Kennard,NE,31177,
25335,Keystone,NE,31101,
25405,Kilgore,NE,31031,
25475,Kimball,NE,31105,
25510,King Lake,NE,31055,
25720,Kramer,NE,31109,
26150,Lakeview,NE,31141,
26156,Lake Waconda,NE,31025,
26175,Lamar,NE,31029,
26315,La Platte,NE,31153,
26350,Laurel,NE,31027,
26385,La Vista,NE,31153,
26420,Lawrence,NE,31129,
26455,Lebanon,NE,31145,
26560,Leigh,NE,31037,
26595,Lemoyne,NE,31101,
26630,Leshara,NE,31155,
26805,Lewellen,NE,31069,
26875,Lewiston,NE,31133,
26910,Lexington,NE,31047,
26980,Liberty,NE,31067,
28000,Lincoln,NE,31109,
28105,Lindsay,NE,31141,
28140,Lindy,NE,31107,
28165,Linoma Beach,NE,31153,
28245,Linwood,NE,31023,
28315,Lisco,NE,31069,
28350,Litchfield,NE,31163,
28420,Lodgepole,NE,31033,
29050,Long Pine,NE,31017,
29085,Loomis,NE,31137,
29120,Lorenzo,NE,31033,
29155,Loretto,NE,31011,
29175,Lorton,NE,31131,
29260,Louisville,NE,31025,
29470,Loup City,NE,31163,
29645,Lushton,NE,31185,
29715,Lyman,NE,31157,
29750,Lynch,NE,31015,
29855,Lyons,NE,31021,
29925,McCook,NE,31145,
29960,McCool Junction,NE,31185,
30030,McGrew,NE,31157,
30065,McLean,NE,31139,
30170,Macy,NE,31173,
30240,Madison,NE,31119,
30275,Madrid,NE,31135,
30310,Magnet,NE,31027,
30345,Malcolm,NE,31109,
30380,Malmo,NE,31155,
30415,Manley,NE,31025,
30730,Marquette,NE,31081,
30835,Martell,NE,31109,
30905,Martin,NE,31101,
30940,Martinsburg,NE,31051,
31045,Maskell,NE,31051,
31115,Mason City,NE,31041,
31150,Max,NE,31057,
31220,Maxwell,NE,31111,
31325,Maywood,NE,31063,
31395,Mead,NE,31155,
31465,Meadow Grove,NE,31119,
31570,Melbeta,NE,31157,
31605,Melia,NE,31153,
31640,Memphis,NE,31155,
31780,Merna,NE,31041,
31815,Merriman,NE,31031,
32060,Milford,NE,31159,
32130,Miller,NE,31019,
32200,Milligan,NE,31059,
32305,Minatare,NE,31157,
32340,Minden,NE,31099,
32410,Mitchell,NE,31157,
32550,Monowi,NE,31015,
32585,Monroe,NE,31141,
32760,Moorefield,NE,31063,
32830,Morrill,NE,31157,
32865,Morse Bluff,NE,31155,
33250,Mullen,NE,31091,
33320,Murdock,NE,31025,
33425,Murray,NE,31025,
33530,Naper,NE,31015,
33565,Naponee,NE,31061,
33705,Nebraska City,NE,31131,
33740,Nehawka,NE,31025,
33775,Neligh,NE,31003,
33880,Nelson,NE,31129,
33950,Nemaha,NE,31127,
33985,Nenzel,NE,31031,
34090,Newcastle,NE,31051,
34230,Newman Grove,NE,31119 31141,
34265,Newport,NE,31149,
34300,Nickerson,NE,31053,
34370,Niobrara,NE,31107,
34545,Nora,NE,31129,
34615,Norfolk,NE,31119,
34650,Norman,NE,31099,
34720,North Bend,NE,31053,
34825,North Loup,NE,31175,
35000,North Platte,NE,31111,
35245,Oak,NE,31129,
35385,Oakdale,NE,31003,
35490,Oakland,NE,31021,
35560,Obert,NE,31027,
35665,Oconto,NE,31041,
35700,Octavia,NE,31023,
35735,Odell,NE,31067,
35770,Odessa,NE,31019,
35875,Offutt AFB,NE,31153,
35980,Ogallala,NE,31101,
36015,Ohiowa,NE,31059,
37000,Omaha,NE,31055,
37105,O'Neill,NE,31089,
37140,Ong,NE,31035,
37210,Orchard,NE,31003,
37280,Ord,NE,31175,
37420,Orleans,NE,31083,
37525,Osceola,NE,31143,
37560,Oshkosh,NE,31069,
37595,Osmond,NE,31139,
37630,Otoe,NE,31131,
37735,Overland,NE,31081,
37770,Overton,NE,31047,
37910,Oxford,NE,31065 31083,
38085,Page,NE,31089,
38130,Palisade,NE,31085 31087,
38160,Palmer,NE,31121,
38190,Palmyra,NE,31131,
38225,Panama,NE,31109,
38295,Papillion,NE,31153,
38365,Parks,NE,31057,
38575,Pawnee City,NE,31133,
38610,Paxton,NE,31101,
38750,Pender,NE,31173,
38960,Peru,NE,31127,
38995,Petersburg,NE,31011,
39030,Phillips,NE,31081,
39065,Pickrell,NE,31067,
39100,Pierce,NE,31139,
39135,Pilger,NE,31167,
39170,Plainview,NE,31139,
39310,Platte Center,NE,31141,
39345,Plattsmouth,NE,31025,
39380,Pleasant Dale,NE,31159,
39450,Pleasanton,NE,31019,
39590,Plymouth,NE,31095,
39660,Polk,NE,31143,
39695,Ponca,NE,31051,
39835,Poole,NE,31019,
39870,Potter,NE,31033,
39975,Prague,NE,31155,
40255,Prairie Home,NE,31109,
40325,Preston,NE,31147,
40360,Primrose,NE,31011,
40395,Princeton,NE,31109,
40430,Prosser,NE,31001,
40535,Raeville,NE,31011,
40570,Ragan,NE,31083,
40605,Ralston,NE,31055,
40675,Randolph,NE,31027 31139,
40710,Ravenna,NE,31019,
40780,Raymond,NE,31109,
40920,Red Cloud,NE,31181,
41130,Republican City,NE,31083,
41235,Reynolds,NE,31095,
41340,Richfield,NE,31153,
41375,Richland,NE,31037,
41480,Rising City,NE,31023,
41515,Riverdale,NE,31019,
41760,Riverton,NE,31061,
41830,Roca,NE,31109,
42075,Rockville,NE,31163,
42145,Rogers,NE,31037,
42250,Rosalie,NE,31173,
42285,Roscoe,NE,31101,
42355,Roseland,NE,31001,
42495,Royal,NE,31003,
42670,Rulo,NE,31147,
42775,Rushville,NE,31161,
42810,Ruskin,NE,31129,
43055,St. Edward,NE,31011,
43090,St. Helena,NE,31027,
43160,St. Libory,NE,31093,
43265,St. Paul,NE,31093,
43370,Salem,NE,31147,
43475,Santee,NE,31107,
43650,Sarben,NE,31101,
43685,Sargent,NE,31041,
43755,Saronville,NE,31035,
44035,Schuyler,NE,31037,
44070,Scotia,NE,31077,
44245,Scottsbluff,NE,31157,
44280,Scribner,NE,31053,
44385,Seneca,NE,31171,
44420,Seward,NE,31159,
44595,Shelby,NE,31143,
44700,Shelton,NE,31019 31079,
45085,Shickley,NE,31059,
45190,Sholes,NE,31179,
45225,Shubert,NE,31147,
45295,Sidney,NE,31033,
45400,Silver Creek,NE,31121,
45575,Smithfield,NE,31073,
45610,Snyder,NE,31053,
45680,South Bend,NE,31025,
46030,South Sioux City,NE,31043,
46135,Spalding,NE,31077,
46275,Spencer,NE,31015,
46380,Sprague,NE,31109,
46520,Springfield,NE,31153,
46625,Springview,NE,31103,
46695,Stamford,NE,31083,
46800,Stanton,NE,31167,
46835,Staplehurst,NE,31159,
46870,Stapleton,NE,31113,
47010,Steele City,NE,31095,
47080,Steinauer,NE,31133,
47115,Stella,NE,31147,
47150,Sterling,NE,31097,
47220,Stockham,NE,31081,
47290,Stockville,NE,31063,
47360,Strang,NE,31059,
47395,Stratton,NE,31087,
47465,Stromsburg,NE,31143,
47500,Stuart,NE,31089,
47675,Sumner,NE,31047,
47745,Sunol,NE,31033,
47815,Superior,NE,31129,
47850,Surprise,NE,31023,
47920,Sutherland,NE,31111,
47955,Sutton,NE,31035,
48060,Swanton,NE,31151,
48235,Syracuse,NE,31131,
48270,Table Rock,NE,31133,
48305,Talmage,NE,31131,
48340,Tamora,NE,31159,
48410,Tarnov,NE,31141,
48445,Taylor,NE,31115,
48480,Tecumseh,NE,31097,
48515,Tekamah,NE,31021,
48585,Terrytown,NE,31157,
48690,Thayer,NE,31185,
48760,Thedford,NE,31171,
48900,Thurston,NE,31173,
48935,Tilden,NE,31003 31119,
49005,Tobias,NE,31151,
49145,Trenton,NE,31087,
49285,Trumbull,NE,31001 31035,
49320,Tryon,NE,31117,
49425,Uehling,NE,31053,
49460,Ulysses,NE,31023,
49530,Unadilla,NE,31131,
49635,Union,NE,31025,
49880,Upland,NE,31061,
49915,Utica,NE,31159,
49950,Valentine,NE,31031,
50020,Valley,NE,31055,
50125,Valparaiso,NE,31155,
50230,Venango,NE,31135,
50265,Venice,NE,31055,
50335,Verdel,NE,31107,
50370,Verdigre,NE,31107,
50510,Verdon,NE,31147,
50790,Virginia,NE,31067,
50895,Waco,NE,31185,
50965,Wahoo,NE,31155,
51070,Wakefield,NE,31051 31179,
51175,Wallace,NE,31111,
51245,Walthill,NE,31173,
51280,Walton,NE,31109,
51350,Wann,NE,31155,
51595,Washington,NE,31177,
51630,Waterbury,NE,31051,
51665,Waterloo,NE,31055,
51700,Wauneta,NE,31029,
51735,Wausa,NE,31107,
51770,Waverly,NE,31109,
51840,Wayne,NE,31179,
52015,Weeping Water,NE,31025,
52085,Wellfleet,NE,31111,
52295,Western,NE,31151,
52330,Westerville,NE,31041,
52540,Weston,NE,31155,
52575,West Point,NE,31039,
52855,White Clay,NE,31161,
52925,Whitney,NE,31045,
52960,Wilber,NE,31151,
52995,Wilcox,NE,31099,
53205,Willow Island,NE,31047,
53240,Wilsonville,NE,31065,
53275,Winnebago,NE,31173,
53345,Winnetoon,NE,31107,
53380,Winside,NE,31179,
53415,Winslow,NE,31053,
53450,Wisner,NE,31039,
53520,Wolbach,NE,31077,
53555,Wood Lake,NE,31031,
53575,Woodland Hills,NE,31131,
53580,Woodland Park,NE,31167,
53660,Wood River,NE,31079,
53835,Wymore,NE,31067,
53905,Wynot,NE,31027,
54020,Yankee Hill,NE,31109,
54045,York,NE,31185,
54115,Yutan,NE,31155,
00980,Alton,NH,33001,
01220,Amherst,NH,33011,
01620,Antrim,NH,33011,
01940,Ashland,NH,33009,
03620,Bartlett,NH,33003,
04660,Belmont,NH,33001,
04820,Bennington,NH,33011,
05140,Berlin,NH,33007,
05380,Bethlehem,NH,33009,
06020,Blodgett Landing,NH,33013,
06900,Bradford,NH,33013,
07620,Bristol,NH,33009,
08900,Canaan,NH,33009,
10820,Center Ossipee,NH,33003,
10900,Center Sandwich,NH,33003,
11300,Charlestown,NH,33019,
12900,Claremont,NH,33019,
13700,Colebrook,NH,33007,
14200,Concord,NH,33013,
14340,Contoocook,NH,33013,
14580,Conway,NH,33003,
17860,Derry,NH,33015,
18820,Dover,NH,33017,
19620,Durham,NH,33017,
21780,East Merrimack,NH,33011,
24260,Enfield,NH,33009,
24580,Epping,NH,33015,
25300,Exeter,NH,33015,
25940,Farmington,NH,33017,
27060,Francestown,NH,33011,
27380,Franklin,NH,33013,
29780,Goffstown,NH,33011,
30180,Gorham,NH,33007,
31860,Greenville,NH,33011,
32260,Groveton,NH,33007,
32980,Hampton,NH,33015,
33140,Hampton Beach,NH,33015,
33620,Hancock,NH,33011,
33780,Hanover,NH,33009,
35460,Henniker,NH,33013,
36020,Hillsborough,NH,33011,
36580,Hinsdale,NH,33005,
37220,Hooksett,NH,33013,
37860,Hudson,NH,33011,
38420,Jaffrey,NH,33005,
39300,Keene,NH,33005,
40120,Klondike Corner,NH,33011,
40180,Laconia,NH,33001,
40340,Lancaster,NH,33007,
41300,Lebanon,NH,33009,
41780,Lincoln,NH,33009,
41940,Lisbon,NH,33009,
42500,Littleton,NH,33009,
43140,Londonderry,NH,33015,
43300,Loudon,NH,33013,
45140,Manchester,NH,33011,
45380,Marlborough,NH,33005,
46980,Melvin Village,NH,33003,
47060,Meredith,NH,33001,
47940,Milford,NH,33011,
48580,Milton,NH,33017,
48740,Milton Mills,NH,33017,
49600,Mountain Lakes,NH,33009,
50260,Nashua,NH,33011,
50660,New Boston,NH,33011,
51300,Newfields,NH,33015,
51460,New Hampton,NH,33001,
52020,New London,NH,33013,
52260,Newmarket,NH,33015,
52500,Newport,NH,33019,
53860,North Conway,NH,33003,
54740,North Haverhill,NH,33009,
56420,North Walpole,NH,33005,
57220,North Woodstock,NH,33009,
60500,Peterborough,NH,33011,
61220,Pinardville,NH,33011,
61860,Pittsfield,NH,33013,
62260,Plainfield,NH,33019,
62580,Plymouth,NH,33009,
62900,Portsmouth,NH,33015,
63940,Raymond,NH,33015,
65140,Rochester,NH,33017,
67460,Sanbornville,NH,33003,
68340,Seabrook Beach,NH,33015,
69940,Somersworth,NH,33017,
71220,South Hooksett,NH,33013,
74780,Suissevale,NH,33003,
75140,Suncook,NH,33013,
77100,Tilton Northfield,NH,33001 33013,
77300,Troy,NH,33005,
77780,Union,NH,33003,
78340,Walpole,NH,33005,
78500,Warner,NH,33013,
83620,West Stewartstown,NH,33007,
83700,West Swanzey,NH,33005,
84340,Whitefield,NH,33007,
85140,Wilton,NH,33011,
85460,Winchester,NH,33005,
86340,Wolfeboro,NH,33003,
87140,Woodsville,NH,33009,
00100,Absecon,NJ,34001,
00160,Absecon Highlands,NJ,34001,
00640,Allamuchy,NJ,34041,
00700,Allendale,NJ,34003,
00730,Allenhurst,NJ,34025,
00760,Allentown,NJ,34025,
00790,Allenwood,NJ,34025,
00850,Alloway,NJ,34033,
01030,Alpha,NJ,34041,
01090,Alpine,NJ,34003,
01184,Ampere North,NJ,34013,
01300,Anderson,NJ,34041,
01330,Andover,NJ,34037,
01480,Annandale,NJ,34019,
01825,Arrowhead Lake,NJ,34011,
01900,Asbury,NJ,34041,
01960,Asbury Park,NJ,34025,
01990,Ashland,NJ,34007,
02020,Atco,NJ,34007,
02080,Atlantic City,NJ,34001,
02110,Atlantic Highlands,NJ,34025,
02170,Auburn,NJ,34033,
02200,Audubon,NJ,34007,
02230,Audubon Park,NJ,34007,
02320,Avalon,NJ,34009,
02350,Avenel,NJ,34023,
02440,Avon-by-the-Sea,NJ,34025,
02880,Barclay,NJ,34007,
02920,Bargaintown,NJ,34001,
03040,Barnegat,NJ,34029,
03130,Barnegat Light,NJ,34029,
03250,Barrington,NJ,34007,
03340,Basking Ridge,NJ,34035,
03520,Bay Head,NJ,34029,
03580,Bayonne,NJ,34017,
03940,Beach Haven,NJ,34029,
04120,Beach Haven West,NJ,34029,
04180,Beachwood,NJ,34029,
04252,Beattystown,NJ,34041,
04400,Beckett,NJ,34015,
04420,Bedminster,NJ,34035,
04540,Beesleys Point,NJ,34009,
04600,Belford,NJ,34025,
04630,Belle Mead,NJ,34035,
04660,Belleplain,NJ,34009,
04750,Bellmawr,NJ,34007,
04930,Belmar,NJ,34025,
04990,Belvidere,NJ,34041,
05170,Bergenfield,NJ,34003,
05440,Berlin,NJ,34007,
05590,Bernardsville,NJ,34035,
05740,Beverly,NJ,34005,
06025,Blackwells Mills,NJ,34035,
06040,Blackwood,NJ,34007,
06130,Blairstown,NJ,34041,
06190,Blawenburg,NJ,34035,
06340,Bloomingdale,NJ,34031,
06370,Bloomsbury,NJ,34019,
06490,Bogota,NJ,34003,
06610,Boonton,NJ,34027,
06670,Bordentown,NJ,34005,
06790,Bound Brook,NJ,34035,
06970,Bradley Beach,NJ,34025,
07000,Bradley Gardens,NJ,34035,
07120,Brainards,NJ,34041,
07300,Branchville,NJ,34037,
07360,Brass Castle,NJ,34041,
07570,Bridgeport,NJ,34015,
07600,Bridgeton,NJ,34011,
07660,Bridgeville,NJ,34041,
07728,Bridgewater Center,NJ,34035,
07750,Brielle,NJ,34025,
07810,Brigantine,NJ,34001,
08020,Broadway,NJ,34041,
08110,Brookdale,NJ,34013,
08140,Brookfield,NJ,34041,
08170,Brooklawn,NJ,34007,
08260,Brookside,NJ,34027,
08455,Browns Mills,NJ,34005,
08492,Brownville,NJ,34023,
08620,Budd Lake,NJ,34027,
08680,Buena,NJ,34001,
08890,Burleigh,NJ,34009,
08920,Burlington,NJ,34005,
09040,Butler,NJ,34027,
09100,Buttzville,NJ,34041,
09170,Byram Center,NJ,34037,
09250,Caldwell,NJ,34013,
09280,Califon,NJ,34019,
10000,Camden,NJ,34007,
10270,Cape May,NJ,34009,
10300,Cape May Court House,NJ,34009,
10330,Cape May Point,NJ,34009,
10450,Carlls Corner,NJ,34011,
10480,Carlstadt,NJ,34003,
10600,Carneys Point,NJ,34033,
10750,Carteret,NJ,34023,
11140,Cedar Glen Lakes,NJ,34029,
11155,Cedar Glen West,NJ,34029,
11290,Cedar Knolls,NJ,34027,
11410,Cedarville,NJ,34011,
11770,Centre Grove,NJ,34011,
12100,Chatham,NJ,34027,
12385,Cherry Hill Mall,NJ,34007,
12550,Chesilhurst,NJ,34007,
12580,Chester,NJ,34027,
13360,Clayton,NJ,34015,
13395,Clearbrook,NJ,34023,
13420,Clementon,NJ,34007,
13570,Cliffside Park,NJ,34003,
13630,Cliffwood Beach,NJ,34025,
13690,Clifton,NJ,34031,
13720,Clinton,NJ,34019,
13810,Closter,NJ,34003,
13990,Clyde,NJ,34035,
14230,Collings Lakes,NJ,34001,
14260,Collingswood,NJ,34007,
14350,Cologne,NJ,34001,
14380,Colonia,NJ,34023,
14590,Columbia,NJ,34041,
14758,Concordia,NJ,34023,
14815,Connecticut Farms,NJ,34039,
14980,Cookstown,NJ,34005,
15160,Corbin City,NJ,34001,
15250,Country Lake Estates,NJ,34005,
15520,Cranbury,NJ,34023,
15610,Crandon Lakes,NJ,34037,
15638,Cranford,NJ,34039,
15730,Cream Ridge,NJ,34025,
15820,Cresskill,NJ,34003,
15910,Crestwood Village,NJ,34029,
16060,Crosswicks,NJ,34005,
16278,Cumberland-Hesstown,NJ,34011,
16630,Dayton,NJ,34023,
16660,Deal,NJ,34025,
16720,Deans,NJ,34023,
16960,Deerfield Street,NJ,34011,
17200,Delaware,NJ,34041,
17260,Delaware Park,NJ,34041,
17410,Delmont,NJ,34011,
17530,Demarest,NJ,34003,
17590,Dennisville,NJ,34009,
17815,Diamond Beach,NJ,34009,
17890,Dividing Creek,NJ,34011,
18010,Dorchester,NJ,34011,
18040,Dorothy,NJ,34001,
18070,Dover,NJ,34027,
18148,Dover Beaches North,NJ,34029,
18151,Dover Beaches South,NJ,34029,
18400,Dumont,NJ,34003,
18490,Dunellen,NJ,34023,
18632,Dutch Neck,NJ,34011,
19130,East Franklin,NJ,34035,
19150,East Freehold,NJ,34025,
19330,East Millstone,NJ,34035,
19360,East Newark,NJ,34017,
19390,East Orange,NJ,34013,
19490,East Rocky Hill,NJ,34035,
19510,East Rutherford,NJ,34003,
19690,East Vineland,NJ,34001,
19840,Eatontown,NJ,34025,
19900,Echelon,NJ,34007,
20020,Edgewater,NJ,34003,
20350,Egg Harbor City,NJ,34001,
21000,Elizabeth,NJ,34039,
21120,Ellisburg,NJ,34007,
21240,Elmer,NJ,34033,
21300,Elmwood Park,NJ,34003,
21420,Elwood,NJ,34001,
21450,Emerson,NJ,34003,
21473,Encore at Monroe,NJ,34023,
21480,Englewood,NJ,34003,
21510,Englewood Cliffs,NJ,34003,
21540,English Creek,NJ,34001,
21570,Englishtown,NJ,34025,
21660,Erma,NJ,34009,
21840,Essex Fells,NJ,34013,
21870,Estell Manor,NJ,34001,
22440,Fair Haven,NJ,34025,
22470,Fair Lawn,NJ,34003,
22530,Fairton,NJ,34011,
22560,Fairview,NJ,34003,
22740,Fairview,NJ,34025,
22860,Fanwood,NJ,34039,
22890,Far Hills,NJ,34035,
22950,Farmingdale,NJ,34025,
23250,Fieldsboro,NJ,34005,
23310,Finderne,NJ,34035,
23340,Finesville,NJ,34041,
23610,Flagtown,NJ,34035,
23640,Flanders,NJ,34027,
23700,Flemington,NJ,34019,
23820,Florence,NJ,34005,
23910,Florham Park,NJ,34027,
23940,Folsom,NJ,34001,
24030,Fords,NJ,34023,
24180,Forked River,NJ,34029,
24285,Forsgate,NJ,34023,
24300,Fort Dix,NJ,34005,
24360,Fortescue,NJ,34011,
24420,Fort Lee,NJ,34003,
24930,Franklin,NJ,34037,
24965,Franklin Center,NJ,34035,
24990,Franklin Lakes,NJ,34003,
25020,Franklin Park,NJ,34035,
25050,Franklinville,NJ,34015,
25200,Freehold,NJ,34025,
25350,Frenchtown,NJ,34019,
25590,Gandys Beach,NJ,34011,
25770,Garfield,NJ,34003,
25800,Garwood,NJ,34039,
26010,Germania,NJ,34001,
26070,Gibbsboro,NJ,34007,
26100,Gibbstown,NJ,34015,
26220,Gillette,NJ,34027,
26340,Glassboro,NJ,34015,
26520,Glendora,NJ,34007,
26550,Glen Gardner,NJ,34019,
26610,Glen Ridge,NJ,34013,
26640,Glen Rock,NJ,34003,
26820,Gloucester City,NJ,34007,
26902,Golden Triangle,NJ,34007,
27030,Goshen,NJ,34009,
27060,Gouldtown,NJ,34011,
27360,Great Meadows,NJ,34041,
27390,Great Notch,NJ,34031,
27840,Green Knoll,NJ,34035,
27995,Greentree,NJ,34007,
28020,Green Village,NJ,34027,
28140,Greenwich,NJ,34011,
28250,Greenwich,NJ,34041,
28380,Grenloch,NJ,34007 34015,
28470,Griggstown,NJ,34035,
28620,Groveville,NJ,34021,
28650,Guttenberg,NJ,34017,
28680,Hackensack,NJ,34003,
28710,Hackettstown,NJ,34041,
28770,Haddonfield,NJ,34007,
28800,Haddon Heights,NJ,34007,
28920,Hainesburg,NJ,34041,
29070,Haledon,NJ,34031,
29220,Hamburg,NJ,34037,
29370,Hamilton Square,NJ,34021,
29430,Hammonton,NJ,34001,
29460,Hampton,NJ,34019,
29520,Hancocks Bridge,NJ,34033,
29940,Harlingen,NJ,34035,
30060,Harmony,NJ,34041,
30150,Harrington Park,NJ,34003,
30210,Harrison,NJ,34017,
30270,Harrisonville,NJ,34015,
30390,Harvey Cedars,NJ,34029,
30420,Hasbrouck Heights,NJ,34003,
30540,Haworth,NJ,34003,
30570,Hawthorne,NJ,34031,
30738,Heathcote,NJ,34023,
30810,Heislerville,NJ,34011,
30840,Helmetta,NJ,34023,
31110,Hewitt,NJ,34031,
31170,Hibernia,NJ,34027,
31320,High Bridge,NJ,34019,
31410,Highland Lakes,NJ,34037,
31470,Highland Park,NJ,34023,
31500,Highlands,NJ,34025,
31620,Hightstown,NJ,34021,
31880,Hillsborough,NJ,34035,
31920,Hillsdale,NJ,34003,
32220,Hi-Nella,NJ,34007,
32250,Hoboken,NJ,34017,
32310,Ho-Ho-Kus,NJ,34003,
32415,Holiday City-Berkeley,NJ,34029,
32418,Holiday City South,NJ,34029,
32424,Holiday Heights,NJ,34029,
32910,Hopatcong,NJ,34037,
33030,Hope,NJ,34041,
33090,Hopelawn,NJ,34023,
33150,Hopewell,NJ,34021,
33690,Hutchinson,NJ,34041,
34200,Interlaken,NJ,34025,
34470,Iselin,NJ,34023,
34530,Island Heights,NJ,34029,
34890,Jamesburg,NJ,34023,
36000,Jersey City,NJ,34017,
36120,Jobstown,NJ,34005,
36150,Johnsonburg,NJ,34041,
36300,Juliustown,NJ,34005,
36480,Keansburg,NJ,34025,
36484,Kean University,NJ,34039,
36510,Kearny,NJ,34017,
36570,Keasbey,NJ,34023,
36660,Kendall Park,NJ,34023,
36690,Kenilworth,NJ,34039,
36720,Kenvil,NJ,34027,
36810,Keyport,NJ,34025,
36930,Kingston,NJ,34023 34035,
36960,Kingston Estates,NJ,34007,
37110,Kinnelon,NJ,34027,
37560,Lake Como,NJ,34025,
37680,Lake Hiawatha,NJ,34027,
37710,Lake Hopatcong,NJ,34027,
37770,Lakehurst,NJ,34029,
38040,Lake Mohawk,NJ,34037,
38296,Lakeside-Beebe Run,NJ,34011,
38430,Lake Telemark,NJ,34027,
38580,Lakewood,NJ,34029,
38610,Lambertville,NJ,34019,
38670,Lamington,NJ,34035,
38700,Landing,NJ,34027,
39045,Laurel Heights,NJ,34011,
39120,Laurel Lake,NJ,34011,
39210,Laurel Springs,NJ,34007,
39360,Laurence Harbor,NJ,34023,
39390,Lavallette,NJ,34029,
39420,Lawnside,NJ,34007,
39570,Lawrenceville,NJ,34021,
39600,Layton,NJ,34037,
39630,Lebanon,NJ,34019,
39750,Ledgewood,NJ,34027,
39810,Leeds Point,NJ,34001,
39870,Leesburg,NJ,34011,
39883,Leisure Knoll,NJ,34029,
39885,Leisuretowne,NJ,34005,
39900,Leisure Village,NJ,34029,
39910,Leisure Village East,NJ,34029,
39916,Leisure Village West,NJ,34029,
39990,Leonardo,NJ,34025,
40020,Leonia,NJ,34003,
40140,Liberty Corner,NJ,34035,
40290,Lincoln Park,NJ,34027,
40320,Lincroft,NJ,34025,
40350,Linden,NJ,34039,
40440,Lindenwold,NJ,34007,
40530,Linwood,NJ,34001,
40680,Little Ferry,NJ,34003,
40770,Little Silver,NJ,34025,
40990,Llewellyn Park,NJ,34013,
41010,Loch Arbour,NJ,34025,
41100,Lodi,NJ,34003,
41310,Long Branch,NJ,34025,
41370,Longport,NJ,34001,
41400,Long Valley,NJ,34027,
41495,Lopatcong Overlook,NJ,34041,
41700,Lower Berkshire Valley,NJ,34027,
42180,Lyons,NJ,34035,
42390,McGuire AFB,NJ,34005,
42420,McKee City,NJ,34001,
42450,Macopin,NJ,34031,
42510,Madison,NJ,34027,
42540,Madison Park,NJ,34023,
42630,Magnolia,NJ,34007,
42840,Malaga,NJ,34015,
42930,Manahawkin,NJ,34029,
43050,Manasquan,NJ,34025,
43380,Mantoloking,NJ,34029,
43620,Manville,NJ,34035,
43890,Margate City,NJ,34001,
43980,Marksboro,NJ,34041,
44010,Marlboro,NJ,34011,
44100,Marlton,NJ,34005,
44280,Marmora,NJ,34009,
44345,Marshallville,NJ,34009,
44430,Martinsville,NJ,34035,
44520,Matawan,NJ,34025,
44670,Mauricetown,NJ,34011,
44820,Mays Landing,NJ,34001,
44880,Maywood,NJ,34003,
45210,Medford Lakes,NJ,34005,
45330,Mendham,NJ,34027,
45450,Menlo Park Terrace,NJ,34023,
45480,Mercerville,NJ,34021,
45510,Merchantville,NJ,34007,
45690,Metuchen,NJ,34023,
45780,Mickleton,NJ,34015,
45870,Middlebush,NJ,34035,
45900,Middlesex,NJ,34023,
46110,Midland Park,NJ,34003,
46260,Milford,NJ,34019,
46470,Millington,NJ,34027,
46590,Millstone,NJ,34035,
46620,Milltown,NJ,34023,
46680,Millville,NJ,34011,
46710,Milmay,NJ,34001 34011,
46980,Mizpah,NJ,34001,
47006,Money Island,NJ,34011,
47130,Monmouth Beach,NJ,34025,
47190,Monmouth Junction,NJ,34023,
47380,Monroe Manor,NJ,34023,
47524,Montclair State University,NJ,34013 34031,
47610,Montvale,NJ,34003,
47700,Moonachie,NJ,34003,
47895,Moorestown-Lenola,NJ,34005,
48030,Morganville,NJ,34025,
48210,Morris Plains,NJ,34027,
48300,Morristown,NJ,34027,
48450,Mountain Lake,NJ,34041,
48480,Mountain Lakes,NJ,34027,
48510,Mountainside,NJ,34039,
48690,Mount Arlington,NJ,34027,
48750,Mount Ephraim,NJ,34007,
48840,Mount Hermon,NJ,34041,
48930,Mount Hope,NJ,34027,
49200,Mount Royal,NJ,34015,
49290,Mount Tabor,NJ,34027,
49440,Mullica Hill,NJ,34015,
49560,Mystic Island,NJ,34029,
49680,National Park,NJ,34015,
49740,Navesink,NJ,34025,
49920,Neptune City,NJ,34025,
50010,Nesco,NJ,34001,
50040,Neshanic,NJ,34035,
50100,Neshanic Station,NJ,34019 34035,
50130,Netcong,NJ,34027,
51000,Newark,NJ,34013,
51210,New Brunswick,NJ,34023,
51360,New Egypt,NJ,34029,
51390,Newfield,NJ,34015,
51420,Newfoundland,NJ,34031,
51450,New Gretna,NJ,34005,
51660,New Milford,NJ,34003,
51750,Newport,NJ,34011,
51810,New Providence,NJ,34039,
51930,Newton,NJ,34037,
51990,Newtonville,NJ,34001,
52020,New Vernon,NJ,34027,
52050,New Village,NJ,34041,
52320,North Arlington,NJ,34003,
52410,North Beach Haven,NJ,34029,
52620,North Caldwell,NJ,34013,
52650,North Cape May,NJ,34009,
52950,Northfield,NJ,34001,
53040,North Haledon,NJ,34031,
53205,North Middletown,NJ,34025,
53280,North Plainfield,NJ,34035,
53430,Northvale,NJ,34003,
53490,North Wildwood,NJ,34009,
53610,Norwood,NJ,34003,
53790,Oakhurst,NJ,34025,
53850,Oakland,NJ,34003,
53880,Oaklyn,NJ,34007,
53910,Oak Ridge,NJ,34027 34031,
54060,Oak Valley,NJ,34015,
54315,Ocean Acres,NJ,34029,
54360,Ocean City,NJ,34009,
54450,Ocean Gate,NJ,34029,
54480,Ocean Grove,NJ,34025,
54570,Oceanport,NJ,34025,
54600,Ocean View,NJ,34009,
54630,Oceanville,NJ,34001,
54660,Ogdensburg,NJ,34037,
54690,Old Bridge,NJ,34023,
54870,Old Tappan,NJ,34003,
54900,Oldwick,NJ,34019,
54960,Olivet,NJ,34033,
54990,Oradell,NJ,34003,
55320,Othello,NJ,34011,
55500,Oxford,NJ,34041,
55620,Packanack Lake,NJ,34031,
55710,Palermo,NJ,34009,
55770,Palisades Park,NJ,34003,
55800,Palmyra,NJ,34005,
55895,Panther Valley,NJ,34041,
55950,Paramus,NJ,34003,
56130,Park Ridge,NJ,34003,
56430,Parsippany,NJ,34027,
56550,Passaic,NJ,34031,
57000,Paterson,NJ,34031,
57150,Paulsboro,NJ,34015,
57300,Peapack and Gladstone,NJ,34035,
57360,Pedricktown,NJ,34033,
57480,Pemberton,NJ,34005,
57540,Pemberton Heights,NJ,34005,
57600,Pennington,NJ,34021,
57750,Penns Grove,NJ,34033,
57840,Pennsville,NJ,34033,
58200,Perth Amboy,NJ,34023,
58350,Phillipsburg,NJ,34041,
58590,Pine Beach,NJ,34029,
58650,Pine Brook,NJ,34027,
58770,Pine Hill,NJ,34007,
58830,Pine Lake Park,NJ,34029,
58852,Pine Ridge at Crestwood,NJ,34029,
58860,Pines Lake,NJ,34031,
59070,Pitman,NJ,34015,
59190,Plainfield,NJ,34039,
59285,Plainsboro Center,NJ,34023,
59385,Pleasantdale,NJ,34013,
59500,Pleasant Plains,NJ,34035,
59640,Pleasantville,NJ,34001,
59730,Pluckemin,NJ,34035,
59880,Point Pleasant,NJ,34029,
59910,Point Pleasant Beach,NJ,34029,
60030,Pomona,NJ,34001,
60090,Pompton Lakes,NJ,34031,
60120,Pompton Plains,NJ,34027,
60210,Port Colden,NJ,34041,
60240,Port Elizabeth,NJ,34011,
60360,Port Monmouth,NJ,34025,
60390,Port Morris,NJ,34027,
60450,Port Murray,NJ,34041,
60510,Port Norris,NJ,34011,
60540,Port Reading,NJ,34023,
60600,Port Republic,NJ,34001,
60750,Pottersville,NJ,34019 34035,
60810,Preakness,NJ,34031,
60840,Presidential Lakes Estates,NJ,34005,
60900,Princeton,NJ,34021,
60960,Princeton Junction,NJ,34021,
60975,Princeton Meadows,NJ,34023,
61170,Prospect Park,NJ,34031,
61440,Quinton,NJ,34033,
61530,Rahway,NJ,34039,
61560,Rainbow Lakes,NJ,34027,
61632,Ramapo College of New Jersey,NJ,34003,
61650,Ramblewood,NJ,34005,
61680,Ramsey,NJ,34003,
61725,Ramtown,NJ,34025,
61980,Raritan,NJ,34035,
62430,Red Bank,NJ,34025,
62585,Regency at Monroe,NJ,34023,
62605,Renaissance at Monroe,NJ,34023,
62790,Richland,NJ,34001,
62820,Richwood,NJ,34015,
62910,Ridgefield,NJ,34003,
62940,Ridgefield Park,NJ,34003,
63000,Ridgewood,NJ,34003,
63120,Ringoes,NJ,34019,
63150,Ringwood,NJ,34031,
63180,Rio Grande,NJ,34009,
63300,Riverdale,NJ,34027,
63360,River Edge,NJ,34003,
63660,Riverton,NJ,34005,
63810,Roadstown,NJ,34011,
63858,Robbinsville Center,NJ,34021,
63900,Robertsville,NJ,34025,
64050,Rockaway,NJ,34027,
64170,Rockleigh,NJ,34003,
64320,Rocky Hill,NJ,34035,
64350,Roebling,NJ,34005,
64410,Roosevelt,NJ,34025,
64590,Roseland,NJ,34013,
64620,Roselle,NJ,34039,
64650,Roselle Park,NJ,34039,
64740,Rosenhayn,NJ,34011,
64860,Ross Corner,NJ,34037,
64865,Rossmoor,NJ,34023,
65130,Rumson,NJ,34025,
65160,Runnemede,NJ,34007,
65249,Rutgers University-Busch Campus,NJ,34023,
65260,Rutgers University-Livingston Campus,NJ,34023,
65280,Rutherford,NJ,34003,
65400,Saddle River,NJ,34003,
65490,Salem,NJ,34033,
65790,Sayreville,NJ,34023,
66240,Sea Bright,NJ,34025,
66300,Seabrook Farms,NJ,34011,
66330,Sea Girt,NJ,34025,
66390,Sea Isle City,NJ,34009,
66450,Seaside Heights,NJ,34029,
66480,Seaside Park,NJ,34029,
66540,Seaville,NJ,34009,
66570,Secaucus,NJ,34017,
66615,Seeley,NJ,34011,
66720,Sewaren,NJ,34023,
66750,Sewell,NJ,34015,
66840,Shark River Hills,NJ,34025,
66970,Sheppards Mill,NJ,34011,
67020,Shiloh,NJ,34011,
67110,Ship Bottom,NJ,34029,
67320,Short Hills,NJ,34013,
67350,Shrewsbury,NJ,34025,
67470,Sicklerville,NJ,34007,
67583,Silver Lake,NJ,34011,
67590,Silver Lake,NJ,34013,
67650,Silver Lake,NJ,34041,
67665,Silver Ridge,NJ,34029,
67770,Singac,NJ,34031,
67820,Six Mile Run,NJ,34035,
67860,Skillman,NJ,34035,
68190,Smithville,NJ,34001,
68340,Somerdale,NJ,34007,
68370,Somerset,NJ,34035,
68430,Somers Point,NJ,34001,
68460,Somerville,NJ,34035,
68550,South Amboy,NJ,34023,
68730,South Bound Brook,NJ,34035,
68850,South Dennis,NJ,34009,
69390,South Plainfield,NJ,34023,
69420,South River,NJ,34023,
69480,South Seaville,NJ,34009,
69510,South Toms River,NJ,34029,
69810,Spotswood,NJ,34023,
69900,Springdale,NJ,34007,
70018,Springfield,NJ,34039,
70110,Spring Lake,NJ,34025,
70140,Spring Lake Heights,NJ,34025,
70380,Stanhope,NJ,34037,
70800,Stewartsville,NJ,34041,
70920,Stirling,NJ,34027,
70980,Stockton,NJ,34019,
70984,Stockton University,NJ,34001,
70987,Stonebridge,NJ,34023,
71010,Stone Harbor,NJ,34009,
71220,Stratford,NJ,34007,
71250,Strathmere,NJ,34009,
71280,Strathmore,NJ,34025,
71370,Succasunna,NJ,34027,
71430,Summit,NJ,34039,
71628,Sunset Lake,NJ,34011,
71640,Surf City,NJ,34029,
71670,Sussex,NJ,34037,
71850,Swedesboro,NJ,34015,
71880,Sweetwater,NJ,34001,
72240,Tavistock,NJ,34007,
72420,Tenafly,NJ,34003,
72435,Ten Mile Run,NJ,34035,
72480,Teterboro,NJ,34003,
72580,The College of New Jersey,NJ,34021,
72635,The Hills,NJ,34035,
72726,The Ponds,NJ,34023,
72810,Thorofare,NJ,34015,
72870,Three Bridges,NJ,34019,
73020,Tinton Falls,NJ,34025,
73050,Titusville,NJ,34021,
73110,Toms River,NJ,34029,
73140,Totowa,NJ,34031,
73170,Towaco,NJ,34027,
74000,Trenton,NJ,34021,
74150,Troy Hills,NJ,34027,
74180,Tuckahoe,NJ,34009,
74210,Tuckerton,NJ,34029,
74270,Turnersville,NJ,34015,
74330,Twin Rivers,NJ,34021,
74478,Union,NJ,34039,
74540,Union Beach,NJ,34025,
74630,Union City,NJ,34017,
74930,Upper Greenwood Lake,NJ,34031 34037,
75020,Upper Montclair,NJ,34013,
75120,Upper Pohatcong,NJ,34041,
75140,Upper Saddle River,NJ,34003,
75145,Upper Stewartsville,NJ,34041,
75590,Vauxhall,NJ,34013 34039,
75620,Ventnor City,NJ,34001,
75745,Vernon Center,NJ,34037,
75750,Vernon Valley,NJ,34037,
75890,Victory Gardens,NJ,34027,
75920,Victory Lakes,NJ,34015,
75950,Vienna,NJ,34041,
76010,Villas,NJ,34009,
76040,Vincentown,NJ,34005,
76070,Vineland,NJ,34011,
76107,Vista Center,NJ,34029,
76250,Voorhees,NJ,34035,
76400,Waldwick,NJ,34003,
76490,Wallington,NJ,34003,
76700,Wanamassa,NJ,34025,
76730,Wanaque,NJ,34031,
76820,Waretown,NJ,34029,
77270,Washington,NJ,34041,
77330,Washington Crossing,NJ,34021,
77600,Watchung,NJ,34035,
77750,Watsessing,NJ,34013,
78110,Wenonah,NJ,34015,
78350,West Belmar,NJ,34025,
78410,West Berlin,NJ,34007,
78530,West Cape May,NJ,34009,
79040,Westfield,NJ,34039,
79100,West Freehold,NJ,34025,
79310,West Long Branch,NJ,34025,
79520,Westmont,NJ,34007,
79610,West New York,NJ,34017,
79715,Weston,NJ,34035,
79810,West Park,NJ,34011,
80120,Westville,NJ,34015,
80210,West Wildwood,NJ,34009,
80270,Westwood,NJ,34003,
80390,Wharton,NJ,34027,
80540,Whippany,NJ,34027,
80630,White Horse,NJ,34021,
80720,White House Station,NJ,34019,
80750,White Meadow Lake,NJ,34027,
80840,Whitesboro,NJ,34009,
81042,Whittingham,NJ,34023,
81170,Wildwood,NJ,34009,
81200,Wildwood Crest,NJ,34009,
81365,William Paterson University of New Jersey,NJ,34031,
81380,Williamstown,NJ,34015,
81620,Windsor,NJ,34021,
81890,Woodbine,NJ,34009,
81950,Woodbridge,NJ,34023,
82120,Woodbury,NJ,34015,
82180,Woodbury Heights,NJ,34015,
82300,Woodcliff Lake,NJ,34003,
82423,Woodland Park,NJ,34031,
82450,Woodlynne,NJ,34007,
82570,Wood-Ridge,NJ,34003,
82720,Woodstown,NJ,34033,
82960,Wrightstown,NJ,34005,
83170,Yardville,NJ,34021,
83245,Yorketown,NJ,34025,
83290,Zarephath,NJ,34035,
00240,Abeytas,NM,35053,
00310,Abiquiu,NM,35039,
00765,Acomita Lake,NM,35006,
00940,Adelino,NM,35061,
01220,Agua Fria,NM,35049,
01640,Alamillo,NM,35053,
01710,Alamo,NM,35053,
01780,Alamogordo,NM,35035,
02000,Albuquerque,NM,35001,
02070,Alcalde,NM,35039,
02210,Algodones,NM,35043,
02560,Alma,NM,35003,
03400,Angel Fire,NM,35007,
03680,Angustura,NM,35045,
03750,Animas,NM,35023,
03820,Anthony,NM,35013,
03890,Anton Chico,NM,35019,
03970,Anzac Village,NM,35006,
04030,Apache Creek,NM,35003,
04450,Aragon,NM,35003,
04660,Arenas Valley,NM,35017,
04870,Arrey,NM,35051,
05002,Arroyo Hondo,NM,35049,
05010,Arroyo Hondo,NM,35055,
05150,Arroyo Seco,NM,35055,
05220,Artesia,NM,35015,
05430,Atoka,NM,35015,
05780,Aztec,NM,35045,
06220,Barton,NM,35001 35049,
06270,Bayard,NM,35017,
06340,Becenti,NM,35031,
06425,Beclabito,NM,35045,
06480,Belen,NM,35061,
06760,Bent,NM,35035,
06830,Berino,NM,35013,
06970,Bernalillo,NM,35043,
07145,Bibo,NM,35006,
07492,Black Hat,NM,35031,
07670,Black Rock,NM,35031,
07810,Blanco,NM,35045,
07880,Bloomfield,NM,35045,
08180,Bluewater,NM,35031,
08190,Bluewater Village,NM,35006,
08440,Boles Acres,NM,35035,
08493,Borrego Pass,NM,35031,
08580,Bosque Farms,NM,35061,
08860,Brazos,NM,35039,
09035,Brimhall Nizhoni,NM,35031,
09202,Broadview,NM,35006,
09630,Buckhorn,NM,35017,
09980,Butterfield Park,NM,35013,
10050,Caballo,NM,35051,
10470,Cañada de los Alamos,NM,35049,
10592,Candy Kitchen,NM,35006,
10610,Canjilon,NM,35039,
10750,Cannon AFB,NM,35009,
10770,Cañon,NM,35043,
11256,Cañoncito,NM,35049,
11310,Cañones,NM,35039,
11520,Canova,NM,35039,
11800,Capitan,NM,35027,
12010,Capulin,NM,35059,
12150,Carlsbad,NM,35015,
12430,Carnuel,NM,35001,
12500,Carrizozo,NM,35027,
12786,Casa Colorada,NM,35061,
12833,Casas Adobes,NM,35017,
12844,Catalpa Canyon,NM,35031,
12850,Causey,NM,35041,
13200,Cedar Crest,NM,35001,
13270,Cedar Grove,NM,35049,
13340,Cedar Hill,NM,35045,
13450,Cedro,NM,35001,
13540,Center Point,NM,35045,
13970,Chama,NM,35039,
14040,Chamberino,NM,35013,
14110,Chamisal,NM,35055,
14180,Chamita,NM,35039,
14200,Chamizal,NM,35053,
14250,Chaparral,NM,35013 35035,
14670,Chical,NM,35061,
14810,Chili,NM,35039,
14880,Chilili,NM,35001,
14950,Chimayo,NM,35039 35049,
15300,Chupadero,NM,35049,
15370,Church Rock,NM,35031,
15440,Cimarron,NM,35007,
15560,City of the Sun,NM,35029,
15720,Clayton,NM,35059,
15860,Cliff,NM,35017,
16280,Cloudcroft,NM,35035,
16420,Clovis,NM,35009,
16490,Cobre,NM,35017,
16560,Cochiti,NM,35043,
16585,Cochiti Lake,NM,35043,
17050,Columbus,NM,35029,
17260,Conchas Dam,NM,35047,
17295,Conejo,NM,35049,
17330,Continental Divide,NM,35031,
17610,Cordova,NM,35039,
17680,Corona,NM,35027,
17960,Corrales,NM,35043,
18240,Costilla,NM,35055,
18310,Cotton City,NM,35023,
18660,Coyote,NM,35039,
18770,Crestview,NM,35031,
18905,Crouch Mesa,NM,35045,
18940,Crownpoint,NM,35031,
19010,Cruzville,NM,35003,
19080,Crystal,NM,35031 35045,
19110,Cuartelez,NM,35049,
19150,Cuba,NM,35043,
19220,Cubero,NM,35006,
19500,Cundiyo,NM,35049,
19640,Cuyamungue,NM,35049,
19645,Cuyamungue Grant,NM,35049,
19920,Datil,NM,35003,
20015,Deer Canyon,NM,35057,
20270,Deming,NM,35029,
20480,Des Moines,NM,35059,
20620,Dexter,NM,35005,
20830,Dixon,NM,35039,
21110,Doña Ana,NM,35013,
21180,Dora,NM,35041,
21390,Dulce,NM,35039,
21810,Duran,NM,35057,
22020,Eagle Nest,NM,35007,
22230,East Pecos,NM,35047,
22380,Edgewood,NM,35001 35043 35049,
22389,Edith Enclave,NM,35001,
22580,El Cerro,NM,35061,
22582,El Cerro Mission,NM,35061,
22625,Eldorado at Santa Fe,NM,35049,
22650,El Duende,NM,35039,
22720,Elephant Butte,NM,35051,
23000,Elida,NM,35041,
23497,El Morro Valley,NM,35006,
23840,El Rancho,NM,35049,
24120,El Rito,NM,35039,
24347,El Valle de Arroyo Seco,NM,35049,
24453,Encantado,NM,35049,
24540,Encinal,NM,35006,
24610,Encino,NM,35057,
24960,Ensenada,NM,35039,
25100,Escondida,NM,35053,
25135,Escudilla Bonita,NM,35003,
25170,Española,NM,35039 35049,
25380,Estancia,NM,35057,
25450,Eunice,NM,35025,
25590,Fairacres,NM,35013,
25800,Farmington,NM,35045,
25870,Faywood,NM,35017,
26010,Fence Lake,NM,35006,
26360,Flora Vista,NM,35045,
26570,Floyd,NM,35041,
26780,Folsom,NM,35059,
27340,Fort Sumner,NM,35011,
27410,Fort Wingate,NM,35031,
27760,Fruitland,NM,35045,
27970,Galisteo,NM,35049,
28180,Gallina,NM,35039,
28460,Gallup,NM,35031,
28530,Gamerco,NM,35031,
28670,Garfield,NM,35013,
29160,Gila,NM,35017,
29230,Gila Hot Springs,NM,35017,
29540,Glen Acres,NM,35023,
29790,Glenwood,NM,35003,
29860,Glorieta,NM,35049,
30000,Golden,NM,35049,
30035,Golden Acres,NM,35006,
30210,Grady,NM,35009,
30490,Grants,NM,35006,
30770,Grenville,NM,35059,
31190,Hachita,NM,35017,
31330,Hagerman,NM,35005,
31540,Hanover,NM,35017,
31680,Happy Valley,NM,35015,
31820,Hatch,NM,35013,
31925,Haystack,NM,35031,
32100,Hernandez,NM,35039,
32148,Highland Meadows,NM,35061,
32160,High Rolls,NM,35035,
32380,Hillsboro,NM,35051,
32520,Hobbs,NM,35025,
32940,Holloman AFB,NM,35035,
33122,Homer C Jones,NM,35031,
33130,Homestead,NM,35003,
33290,Hope,NM,35015,
33640,Hot Springs Landing,NM,35051,
33710,House,NM,35037,
33850,Hurley,NM,35017,
33920,Hyde Park,NM,35049,
34430,Indian Hills,NM,35057,
34620,Isleta,NM,35001,
34830,Iyanbito,NM,35031,
34900,Jacona,NM,35049,
34925,Jaconita,NM,35049,
35040,Jal,NM,35025,
35070,Jamestown,NM,35031,
35110,Jarales,NM,35061,
35250,Jemez Pueblo,NM,35043,
35320,Jemez Springs,NM,35043,
35595,Keeler Farm,NM,35029,
36090,Kingston,NM,35051,
36230,Kirtland,NM,35045,
36300,Kirtland AFB,NM,35001,
36555,La Bajada,NM,35049,
36567,La Boca,NM,35045,
36720,La Cienega,NM,35049,
36880,La Cueva,NM,35043,
36930,La Cueva,NM,35049,
37070,Laguna,NM,35006,
37407,La Hacienda,NM,35029,
37420,La Huerta,NM,35015,
37490,La Jara,NM,35043,
37700,La Joya,NM,35053,
37840,Lake Arthur,NM,35005,
37860,Lake Roberts,NM,35017,
37862,Lake Roberts Heights,NM,35017,
37875,Lake Sumner,NM,35011,
37910,Lake Valley,NM,35045,
38330,La Luz,NM,35035,
38470,La Madera,NM,35039,
38540,La Madera,NM,35043,
38680,La Mesa,NM,35013,
38820,La Mesilla,NM,35039,
38890,Lamy,NM,35049,
39030,La Plata,NM,35045,
39170,La Puebla,NM,35049,
39332,Las Campanas,NM,35049,
39380,Las Cruces,NM,35013,
39430,Las Maravillas,NM,35061,
39450,Las Nutrias,NM,35053,
39520,Las Palomas,NM,35051,
39792,Las Tusas,NM,35006,
39940,Las Vegas,NM,35047,
40074,La Tierra,NM,35049,
40220,La Union,NM,35013,
40360,La Villita,NM,35039,
40525,Lee Acres,NM,35045,
40570,Lemitar,NM,35053,
41130,Lindrith,NM,35039,
41340,Little Walnut Village,NM,35017,
41420,Livingston Wheeler,NM,35015,
41620,Llano del Medio,NM,35019,
41953,Lobo Canyon,NM,35006,
41970,Loco Hills,NM,35015,
42040,Logan,NM,35037,
42180,Lordsburg,NM,35023,
42320,Los Alamos,NM,35028,
42600,Los Cerrillos,NM,35049,
42740,Los Chaves,NM,35061,
43300,Los Luceros,NM,35039,
43370,Los Lunas,NM,35061,
43510,Los Ojos,NM,35039,
43930,Los Ranchos de Albuquerque,NM,35001,
44420,Loving,NM,35015,
44490,Lovington,NM,35025,
44595,Lower Frisco,NM,35003,
45190,Luis Lopez,NM,35053,
45260,Lumberton,NM,35039,
45330,Luna,NM,35003,
45365,Lybrook,NM,35039,
45400,Lyden,NM,35039,
45690,McCartys Village,NM,35006,
45890,McGaffey,NM,35031,
46030,McIntosh,NM,35057,
46100,Madrid,NM,35049,
46170,Madrone,NM,35061,
46310,Magdalena,NM,35053,
46380,Malaga,NM,35015,
46660,Manuelito,NM,35031,
46730,Manzano,NM,35057,
46770,Manzano Springs,NM,35001 35057,
47080,Maxwell,NM,35007,
47150,Mayhill,NM,35035,
47220,Meadow Lake,NM,35061,
47360,Medanales,NM,35039,
47570,Melrose,NM,35009,
47920,Mescalero,NM,35035,
48060,Mesilla,NM,35013,
48200,Mesita,NM,35006,
48270,Mesquite,NM,35013,
48425,Middle Frisco,NM,35003,
48435,Middle Mesa,NM,35045,
48480,Midway,NM,35005,
48620,Milan,NM,35006,
48830,Mimbres,NM,35017,
49180,Mogollon,NM,35003,
49515,Monterey Park,NM,35061,
49950,Monument,NM,35025,
50020,Moquino,NM,35006,
50090,Mora,NM,35033,
50160,Moriarty,NM,35057,
50195,Morningside,NM,35015,
50300,Mosquero,NM,35021 35047,
50370,Mountainair,NM,35057,
50512,Mountain View,NM,35006,
50515,Mountain View,NM,35029,
50615,Mount Taylor,NM,35006,
50720,Nadine,NM,35025,
50790,Nageezi,NM,35045,
50860,Nakaibito,NM,35031,
50930,Nambe,NM,35049,
51035,Napi Headquarters,NM,35045,
51140,Nara Visa,NM,35037,
51280,Naschitti,NM,35045,
51420,Navajo,NM,35031,
51490,Navajo Dam,NM,35045,
51715,Nenahnezad,NM,35045,
51770,Newcomb,NM,35045,
51840,Newkirk,NM,35019,
52190,Nogal,NM,35027,
52300,North Acomita Village,NM,35006,
52500,North Hobbs,NM,35025,
52540,North Hurley,NM,35017,
52560,North Light Plant,NM,35045,
52680,North San Ysidro,NM,35047,
52750,North Valley,NM,35001,
53010,Oasis,NM,35051,
53150,Ohkay Owingeh,NM,35039,
53485,Ojo Amarillo,NM,35045,
53590,Ojo Caliente,NM,35039 35055,
53620,Ojo Encino,NM,35031,
53730,Ojo Sarco,NM,35039,
54097,Old Town,NM,35029,
54430,Organ,NM,35013,
54500,Orogrande,NM,35035,
54675,Paa-Ko,NM,35001,
54710,Paguate,NM,35006,
54940,Pajarito Mesa,NM,35001,
55270,Paradise Hills,NM,35001,
55340,Paraje,NM,35006,
55550,Pastura,NM,35019,
55595,Peak Place,NM,35049,
55605,Pecan Park,NM,35029,
55620,Pecos,NM,35047,
55830,Peña Blanca,NM,35043,
55900,Peñasco,NM,35055,
56180,Peralta,NM,35061,
56748,Picacho Hills,NM,35013,
56810,Picuris Pueblo,NM,35055,
56950,Pie Town,NM,35003,
57160,Pinedale,NM,35031,
57175,Pinehaven,NM,35031,
57190,Pinehill,NM,35006,
57440,Pinon,NM,35035,
57510,Pinos Altos,NM,35017,
57990,Placitas,NM,35013,
58070,Placitas,NM,35043,
58210,Playas,NM,35023,
58420,Pleasanton,NM,35003,
58630,Pojoaque,NM,35049,
58910,Polvadera,NM,35053,
58980,Ponderosa,NM,35043,
59120,Ponderosa Pine,NM,35001,
59260,Portales,NM,35041,
59540,Prewitt,NM,35031,
59750,Pueblito,NM,35039,
59820,Pueblitos,NM,35061,
59840,Pueblo,NM,35047,
59950,Pueblo of Sandia Village,NM,35043,
60000,Pueblo Pintado,NM,35031,
60170,Puerto de Luna,NM,35019,
60205,Pulpotio Bareas,NM,35029,
60310,Punta de Agua,NM,35057,
60327,Purty Rock,NM,35031,
60730,Quemado,NM,35003,
60870,Questa,NM,35055,
61010,Radium Springs,NM,35013,
61220,Ramah,NM,35031,
61675,Rancho Grande,NM,35003,
61710,Ranchos de Taos,NM,35055,
62060,Raton,NM,35007,
62200,Red River,NM,35055,
62270,Redrock,NM,35017,
62295,Red Rock Ranch,NM,35031,
62340,Regina,NM,35043,
62620,Reserve,NM,35003,
62760,Ribera,NM,35047,
62900,Rincon,NM,35013,
63110,Rio Chiquito,NM,35039 35049,
63145,Rio Communities,NM,35061,
63168,Rio en Medio,NM,35049,
63250,Rio Lucio,NM,35055,
63460,Rio Rancho,NM,35001 35043,
63530,Rio Rancho Estates,NM,35043,
63660,Rivers,NM,35003,
64230,Rock Springs,NM,35031,
64370,Rodeo,NM,35023,
64440,Rodey,NM,35013,
64900,Rosedale,NM,35017,
64930,Roswell,NM,35005,
65000,Rowe,NM,35047,
65070,Roy,NM,35021,
65210,Ruidoso,NM,35027,
65280,Ruidoso Downs,NM,35027,
65560,Sacramento,NM,35035,
65595,Sagar,NM,35031,
65840,Salem,NM,35013,
65910,San Acacia,NM,35053,
66120,San Antonio,NM,35053,
66330,San Antonito,NM,35001,
66400,San Antonito,NM,35053,
66540,San Cristobal,NM,35055,
66765,Sandia Heights,NM,35001,
66890,Sandia Knolls,NM,35001,
66960,Sandia Park,NM,35001,
67450,San Felipe Pueblo,NM,35043,
67520,San Fidel,NM,35006,
68010,San Ildefonso Pueblo,NM,35049,
68150,San Jon,NM,35037,
68430,San Jose,NM,35039,
68500,San Jose,NM,35047,
68920,San Lorenzo,NM,35017,
69060,San Luis,NM,35043,
69270,San Mateo,NM,35006,
69410,San Miguel,NM,35013,
69620,Sanostee,NM,35045,
69645,San Pablo,NM,35013,
69825,San Pedro,NM,35049,
69875,San Rafael,NM,35006,
70250,Santa Ana Pueblo,NM,35043,
70270,Santa Clara,NM,35017,
70390,Santa Clara Pueblo,NM,35039,
70460,Santa Cruz,NM,35049,
70500,Santa Fe,NM,35049,
70505,Santa Fe Foothills,NM,35049,
70670,Santa Rosa,NM,35019,
70700,Santa Teresa,NM,35013,
70810,Santo Domingo Pueblo,NM,35043,
71015,San Ysidro,NM,35013,
71020,San Ysidro,NM,35043,
71145,Sausal,NM,35061,
71440,Seama,NM,35006,
71510,Seboyeta,NM,35006,
71700,Sedillo,NM,35001,
71790,Sena,NM,35047,
72140,Seton Village,NM,35049,
72600,Sheep Springs,NM,35045,
72770,Shiprock,NM,35045,
73260,Silver City,NM,35017,
73440,Skyline-Ganipa,NM,35006,
73540,Socorro,NM,35053,
73680,Soham,NM,35047,
73890,Sombrillo,NM,35049,
73925,South Acomita Village,NM,35006,
74275,South River,NM,35045,
74520,South Valley,NM,35001,
74660,Spencerville,NM,35045,
74800,Springer,NM,35007,
75010,Stanley,NM,35049,
75465,Stoneridge,NM,35006,
75545,Sullivan,NM,35045,
75605,Sundance,NM,35031,
75640,Sunland Park,NM,35013,
75650,Sunlit Hills,NM,35049,
75710,Sunshine,NM,35029,
76060,Tajique,NM,35057,
76130,Talpa,NM,35055,
76165,Tano Road,NM,35049,
76200,Taos,NM,35055,
76410,Taos Pueblo,NM,35055,
76480,Taos Ski Valley,NM,35055,
76620,Tatum,NM,35025,
76760,Tecolote,NM,35047,
76830,Tecolotito,NM,35047,
77040,Tesuque,NM,35049,
77100,Tesuque Pueblo,NM,35049,
77250,Texico,NM,35009,
77530,Thoreau,NM,35031,
77635,Thunder Mountain,NM,35049,
77670,Tierra Amarilla,NM,35039,
77880,Tijeras,NM,35001,
77930,Timberlake,NM,35006 35031,
77950,Timberon,NM,35035,
78440,Tohatchi,NM,35031,
78650,Tome,NM,35061,
79070,Torreon,NM,35043,
79140,Torreon,NM,35057,
79210,Tortugas,NM,35013,
79264,Totah Vista,NM,35045,
79500,Tres Arroyos,NM,35049,
79680,Trout Valley,NM,35017,
79700,Truchas,NM,35039,
79840,Truth or Consequences,NM,35051,
79885,Tse Bonito,NM,35031,
79910,Tucumcari,NM,35037,
79980,Tularosa,NM,35035,
80120,Turley,NM,35045,
80470,Twin Forks,NM,35035,
80540,Twin Lakes,NM,35031,
80820,Tyrone,NM,35017,
81030,University Park,NM,35013,
81177,Upper Fruitland,NM,35045,
81450,Ute Park,NM,35007,
81520,Vadito,NM,35055,
81590,Vado,NM,35013,
81775,Valencia,NM,35049,
81800,Valencia,NM,35061,
82332,Valle Vista,NM,35049,
82430,Vanderwagen,NM,35031,
82570,Vaughn,NM,35019,
82640,Veguita,NM,35053,
82710,Velarde,NM,35039,
82800,Ventura,NM,35029,
83130,Villanueva,NM,35047,
83200,Virden,NM,35023,
83340,Wagon Mound,NM,35033,
83760,Waterflow,NM,35045,
83830,Watrous,NM,35033,
83970,Weed,NM,35035,
84200,West Hammond,NM,35045,
84505,White Cliffs,NM,35031,
84740,White Rock,NM,35028,
84845,White Sands,NM,35013,
84950,Whites City,NM,35015,
84975,White Signal,NM,35017,
85160,Willard,NM,35057,
85230,Williams Acres,NM,35031,
85300,Williamsburg,NM,35051,
85485,Windmill,NM,35023,
85720,Winston,NM,35051,
85860,Yah-ta-hey,NM,35031,
86210,Youngsville,NM,35039,
86420,Zia Pueblo,NM,35043,
86595,Zuni Pueblo,NM,35031,
00500,Alamo,NV,32017,
01000,Amargosa Valley,NV,32023,
03700,Austin,NV,32015,
04100,Baker,NV,32033,
04900,Battle Mountain,NV,32015,
05100,Beatty,NV,32023,
05125,Beaverdam,NV,32017,
05275,Bennett Springs,NV,32017,
05700,Blue Diamond,NV,32003,
06500,Boulder City,NV,32003,
08100,Bunkerville,NV,32003,
08500,Caliente,NV,32017,
08600,Cal-Nev-Ari,NV,32003,
08900,Carlin,NV,32007,
09700,Carson City,NV,32510,
10200,Carter Springs,NV,32005,
14090,Cold Springs,NV,32031,
16300,Crescent Valley,NV,32011,
16700,Crystal Bay,NV,32031,
17500,Dayton,NV,32019,
18500,Denio,NV,32013,
19150,Double Spring,NV,32005,
19800,Dry Valley,NV,32017,
20700,Dyer,NV,32009,
21520,East Valley,NV,32005,
22500,Elko,NV,32007,
23500,Ely,NV,32033,
23700,Empire,NV,32031,
23770,Enterprise,NV,32003,
23900,Eureka,NV,32011,
24100,Fallon,NV,32001,
24500,Fallon Station,NV,32001,
24900,Fernley,NV,32019,
25000,Fish Springs,NV,32005,
25490,Fort McDermitt,NV,32013,
25900,Gabbs,NV,32023,
26300,Gardnerville,NV,32005,
26500,Gardnerville Ranchos,NV,32005,
27100,Genoa,NV,32005,
27300,Gerlach,NV,32031,
27900,Glenbrook,NV,32005,
28500,Golconda,NV,32013,
28860,Golden Valley,NV,32031,
28900,Goldfield,NV,32009,
29500,Goodsprings,NV,32003,
30220,Grass Valley,NV,32027,
31300,Hawthorne,NV,32021,
31900,Henderson,NV,32003,
32900,Hiko,NV,32017,
34100,Humboldt River Ranch,NV,32027,
34700,Imlay,NV,32027,
35100,Incline Village,NV,32031,
35275,Indian Hills,NV,32005,
35300,Indian Springs,NV,32003,
36500,Jackpot,NV,32007,
36700,Jarbidge,NV,32007,
37190,Johnson Lane,NV,32005,
38000,Kingsbury,NV,32005,
38100,Kingston,NV,32015,
39100,Lakeridge,NV,32005,
39300,Lamoille,NV,32007,
40000,Las Vegas,NV,32003,
41000,Laughlin,NV,32003,
41800,Lemmon Valley,NV,32031,
42350,Logan Creek,NV,32005,
43000,Lovelock,NV,32027,
43400,Lund,NV,32033,
44000,McDermitt,NV,32013,
44200,McGill,NV,32033,
46000,Mesquite,NV,32003,
46400,Midas,NV,32007,
46800,Mina,NV,32021,
47000,Minden,NV,32005,
47840,Moapa Town,NV,32003,
47880,Moapa Valley,NV,32003,
48000,Mogul,NV,32031,
48400,Montello,NV,32007,
49200,Mountain City,NV,32007,
49310,Mount Charleston,NV,32003,
49425,Mount Wilson,NV,32017,
50400,Nellis AFB,NV,32003,
50600,Nelson,NV,32003,
51200,Nixon,NV,32031,
51800,North Las Vegas,NV,32003,
53000,Orovada,NV,32013,
53200,Osino,NV,32007,
53600,Owyhee,NV,32007,
53800,Pahrump,NV,32023,
54200,Panaca,NV,32017,
54600,Paradise,NV,32003,
55400,Paradise Valley,NV,32013,
57400,Pioche,NV,32017,
58000,Preston,NV,32033,
58820,Rachel,NV,32017,
60600,Reno,NV,32031,
62170,Round Hill Village,NV,32005,
63450,Ruhenstroth,NV,32005,
63800,Ruth,NV,32033,
64000,Ryndon,NV,32007,
64600,Sandy Valley,NV,32003,
65400,Schurz,NV,32021,
65600,Searchlight,NV,32003,
66800,Silver City,NV,32019,
67000,Silver Peak,NV,32009,
67200,Silver Springs,NV,32019,
67600,Skyland,NV,32005,
68050,Smith Valley,NV,32019,
68289,South Fork,NV,32007,
68350,Spanish Springs,NV,32031,
68400,Sparks,NV,32031,
68550,Spring Creek,NV,32007,
68585,Spring Valley,NV,32003,
68800,Stagecoach,NV,32019,
69200,Stateline,NV,32005,
70900,Summerlin South,NV,32003,
71400,Sunrise Manor,NV,32003,
71600,Sun Valley,NV,32031,
71800,Sutcliffe,NV,32031,
73600,Tonopah,NV,32023,
74200,Topaz Lake,NV,32005,
74400,Topaz Ranch Estates,NV,32005,
76200,Tuscarora,NV,32007,
76400,Unionville,NV,32027,
77200,Ursine,NV,32017,
78200,Valmy,NV,32013,
79400,Verdi,NV,32031,
80000,Virginia City,NV,32029,
81000,Wadsworth,NV,32031,
81100,Walker Lake,NV,32021,
82250,Washoe Valley,NV,32031,
83000,Wells,NV,32007,
83730,West Wendover,NV,32007,
83800,Whitney,NV,32003,
83900,Wildhorse,NV,32007,
84600,Winchester,NV,32003,
84800,Winnemucca,NV,32013,
85400,Yerington,NV,32019,
86200,Zephyr Cove,NV,32005,
00155,Accord,NY,36111,
00199,Adams,NY,36045,
00232,Adams Center,NY,36045,
00276,Addison,NY,36101,
00342,Afton,NY,36017,
00408,Airmont,NY,36087,
00441,Akron,NY,36029,
00457,Akwesasne,NY,36033 36089,
01000,Albany,NY,36001,
01011,Albertson,NY,36059,
01033,Albion,NY,36073,
01088,Alden,NY,36029,
01154,Alexander,NY,36037,
01187,Alexandria Bay,NY,36045,
01198,Alfred,NY,36003,
01286,Allegany,NY,36009,
01440,Almond,NY,36003 36101,
01517,Altamont,NY,36001,
01550,Altmar,NY,36075,
01572,Altona,NY,36019,
01594,Amagansett,NY,36103,
01682,Amenia,NY,36027,
01737,Ames,NY,36057,
02044,Amityville,NY,36103,
02066,Amsterdam,NY,36057,
02121,Andes,NY,36025,
02143,Andover,NY,36003,
02176,Angelica,NY,36003,
02198,Angola,NY,36029,
02220,Angola on the Lake,NY,36029,
02286,Antwerp,NY,36045,
02308,Apalachin,NY,36107,
02374,Aquebogue,NY,36103,
02407,Arcade,NY,36121,
02506,Ardsley,NY,36119,
02550,Argyle,NY,36115,
02583,Arkport,NY,36101,
02616,Arlington,NY,36027,
02649,Armonk,NY,36119,
02737,Asharoken,NY,36103,
02902,Athens,NY,36039,
02968,Atlantic Beach,NY,36059,
03001,Attica,NY,36037 36121,
03078,Auburn,NY,36011,
03188,Aurora,NY,36011,
03254,Au Sable Forks,NY,36019,
03320,Averill Park,NY,36083,
03331,Avoca,NY,36101,
03353,Avon,NY,36051,
03408,Babylon,NY,36103,
04033,Bainbridge,NY,36017,
04055,Baiting Hollow,NY,36103,
04143,Baldwin,NY,36059,
04198,Baldwinsville,NY,36067,
04253,Ballston Spa,NY,36091,
04286,Balmville,NY,36071,
04388,Bard College,NY,36027,
04396,Bardonia,NY,36087,
04440,Barker,NY,36063,
04528,Barneveld,NY,36065,
04550,Barnum Island,NY,36059,
04605,Barrytown,NY,36027,
04616,Barryville,NY,36105,
04715,Batavia,NY,36037,
04759,Bath,NY,36101,
04803,Baxter Estates,NY,36059,
04891,Bay Park,NY,36059,
04913,Bayport,NY,36103,
04935,Bay Shore,NY,36103,
05034,Bayville,NY,36059,
05039,Baywood,NY,36103,
05100,Beacon,NY,36027,
05188,Beaver Dam Lake,NY,36071,
05309,Bedford,NY,36119,
05342,Bedford Hills,NY,36119,
05562,Belfast,NY,36003,
05639,Bellerose,NY,36059,
05661,Bellerose Terrace,NY,36059,
05672,Belle Terre,NY,36103,
05683,Belleville,NY,36045,
05738,Bellmore,NY,36059,
05771,Bellport,NY,36103,
05815,Belmont,NY,36003,
05848,Bemus Point,NY,36013,
06046,Bergen,NY,36037,
06387,Bethpage,NY,36059,
06464,Big Flats,NY,36015,
06574,Billington Heights,NY,36029,
06607,Binghamton,NY,36007,
06644,Binghamton University,NY,36007,
06794,Black River,NY,36045,
06849,Blasdell,NY,36029,
06860,Blauvelt,NY,36087,
06904,Bliss,NY,36121,
06937,Blodgett Mills,NY,36023,
06945,Bloomfield,NY,36069,
06959,Bloomingburg,NY,36105,
07025,Bloomville,NY,36025,
07069,Blue Point,NY,36103,
07157,Bohemia,NY,36103,
07190,Bolivar,NY,36003,
07245,Bolton Landing,NY,36113,
07355,Boonville,NY,36065,
07960,Brasher Falls,NY,36089,
08004,Breesport,NY,36015,
08026,Brentwood,NY,36103,
08059,Brewerton,NY,36067 36075,
08070,Brewster,NY,36079,
08081,Brewster Heights,NY,36079,
08092,Brewster Hill,NY,36079,
08103,Briarcliff Manor,NY,36119,
08136,Bridgehampton,NY,36103,
08147,Bridgeport,NY,36053 36067,
08158,Bridgeville,NY,36105,
08169,Bridgewater,NY,36053 36065,
08257,Brighton,NY,36055,
08323,Brightwaters,NY,36103,
08334,Brinckerhoff,NY,36027,
08422,Broadalbin,NY,36035,
08466,Brockport,NY,36055,
08488,Brocton,NY,36013,
08532,Bronxville,NY,36119,
09000,Brookhaven,NY,36103,
10077,Brooktondale,NY,36109,
10132,Brookville,NY,36059,
10231,Brownville,NY,36045,
10286,Brushton,NY,36033,
10341,Buchanan,NY,36119,
11000,Buffalo,NY,36029,
11132,Burdett,NY,36097,
11154,Burke,NY,36033,
11220,Burlington Flats,NY,36077,
11440,Busti,NY,36013,
11550,Byersville,NY,36051,
11616,Cadyville,NY,36019,
11638,Cairo,NY,36039,
11671,Calcium,NY,36045,
11704,Caledonia,NY,36051,
11748,Callicoon,NY,36105,
11781,Calverton,NY,36103,
11825,Cambridge,NY,36115,
11847,Camden,NY,36065,
11902,Camillus,NY,36067,
11935,Campbell,NY,36101,
12111,Canajoharie,NY,36057,
12144,Canandaigua,NY,36069,
12177,Canaseraga,NY,36003,
12188,Canastota,NY,36053,
12210,Candor,NY,36107,
12254,Canisteo,NY,36101,
12331,Canton,NY,36089,
12353,Cape Vincent,NY,36045,
12402,Captree,NY,36103,
12419,Carle Place,NY,36059,
12518,Carmel,NY,36079,
12584,Caroga Lake,NY,36035,
12683,Carthage,NY,36045,
12749,Cassadaga,NY,36013,
12771,Castile,NY,36121,
12870,Castleton-on-Hudson,NY,36083,
12881,Castorland,NY,36049,
12958,Cato,NY,36011,
13002,Catskill,NY,36039,
13024,Cattaraugus,NY,36009,
13068,Cayuga,NY,36011,
13079,Cayuga Heights,NY,36109,
13145,Cazenovia,NY,36053,
13233,Cedarhurst,NY,36059,
13288,Celoron,NY,36013,
13299,Cementon,NY,36039,
13376,Centereach,NY,36103,
13420,Center Moriches,NY,36103,
13442,Centerport,NY,36103,
13530,Central Bridge,NY,36095,
13552,Central Islip,NY,36103,
13585,Central Square,NY,36075,
13618,Centre Island,NY,36059,
13662,Chadwicks,NY,36065,
13739,Champlain,NY,36019,
13805,Chappaqua,NY,36119,
13981,Chateaugay,NY,36033,
14003,Chatham,NY,36021,
14036,Chaumont,NY,36045,
14058,Chautauqua,NY,36013,
14102,Chazy,NY,36019,
15000,Cheektowaga,NY,36029,
15060,Chelsea Cove,NY,36027,
15121,Chenango Bridge,NY,36007,
15187,Cherry Creek,NY,36013,
15242,Cherry Valley,NY,36077,
15297,Chester,NY,36071,
15363,Chestertown,NY,36113,
15400,Chestnut Ridge,NY,36087,
15561,Chittenango,NY,36053,
15638,Churchville,NY,36055,
15814,Clarence,NY,36029,
15836,Clarence Center,NY,36029,
15902,Clark Mills,NY,36065,
15946,Clarkson,NY,36055,
16050,Claverack-Red Mills,NY,36021,
16089,Clayton,NY,36045,
16111,Clayville,NY,36065,
16188,Cleveland,NY,36075,
16298,Clifton Gardens,NY,36091,
16322,Clifton Knolls-Mill Creek,NY,36091,
16375,Clifton Springs,NY,36069,
16419,Clinton,NY,36065,
16452,Clintondale,NY,36111,
16573,Clyde,NY,36117,
16628,Cobleskill,NY,36095,
16727,Cohocton,NY,36101,
16749,Cohoes,NY,36001,
16815,Cold Brook,NY,36043,
16936,Cold Spring,NY,36079,
16958,Cold Spring Harbor,NY,36103,
17332,Colonie,NY,36001,
17398,Colton,NY,36089,
17530,Commack,NY,36103,
17607,Conesus,NY,36051,
17622,Conesus Lake,NY,36051,
17739,Congers,NY,36087,
17882,Constableville,NY,36049,
17893,Constantia,NY,36075,
18036,Coopers Plains,NY,36101,
18047,Cooperstown,NY,36077,
18091,Copake,NY,36021,
18113,Copake Falls,NY,36021,
18124,Copake Lake,NY,36021,
18135,Copenhagen,NY,36049,
18146,Copiague,NY,36103,
18157,Coram,NY,36103,
18201,Corfu,NY,36037,
18212,Corinth,NY,36091,
18256,Corning,NY,36101,
18333,Cornwall-on-Hudson,NY,36071,
18388,Cortland,NY,36023,
18443,Cortland West,NY,36023,
18542,Country Knolls,NY,36091,
18597,Cove Neck,NY,36059,
18718,Coxsackie,NY,36039,
18762,Cragsmoor,NY,36111,
18817,Cranberry Lake,NY,36089,
18993,Crest View Heights,NY,36107,
19070,Croghan,NY,36049,
19092,Crompond,NY,36119,
19213,Croton-on-Hudson,NY,36119,
19229,Crown Heights,NY,36027,
19290,Crugers,NY,36119,
19308,Crystal Beach,NY,36069,
19356,Cuba,NY,36003,
19408,Cumberland Head,NY,36019,
19411,Cumminsville,NY,36051,
19466,Cutchogue,NY,36103,
19510,Cuylerville,NY,36051,
19587,Dalton,NY,36051,
19609,Danby,NY,36109,
19642,Dannemora,NY,36019,
19664,Dansville,NY,36051,
19774,Davenport Center,NY,36025,
19972,Deer Park,NY,36103,
19994,Deferiet,NY,36045,
20049,DeKalb Junction,NY,36089,
20082,Delanson,NY,36093,
20115,Delevan,NY,36009,
20126,Delhi,NY,36025,
20302,Depauville,NY,36045,
20313,Depew,NY,36029,
20346,Deposit,NY,36007 36025,
20379,Dering Harbor,NY,36103,
20390,DeRuyter,NY,36053,
20467,DeWitt,NY,36067,
20500,Dexter,NY,36045,
20687,Dix Hills,NY,36103,
20698,Dobbs Ferry,NY,36119,
20731,Dolgeville,NY,36035 36043,
20841,Dover Plains,NY,36027,
20852,Downsville,NY,36025,
20896,Dresden,NY,36123,
20951,Dryden,NY,36109,
20989,Duane Lake,NY,36093,
20995,Duanesburg,NY,36093,
21050,Dundee,NY,36123,
21105,Dunkirk,NY,36013,
21226,Durhamville,NY,36065,
21380,Eagle Bay,NY,36043,
21523,Earlville,NY,36017 36053,
21578,East Atlantic Beach,NY,36059,
21589,East Aurora,NY,36029,
21600,East Avon,NY,36051,
21809,Eastchester,NY,36119,
21919,East Durham,NY,36039,
21985,East Farmingdale,NY,36103,
22029,East Frankfort,NY,36043,
22084,East Glenville,NY,36093,
22106,East Greenbush,NY,36083,
22183,East Hampton,NY,36103,
22200,East Hampton North,NY,36103,
22238,East Herkimer,NY,36043,
22260,East Hills,NY,36059,
22315,East Islip,NY,36103,
22326,East Ithaca,NY,36109,
22370,East Kingston,NY,36111,
22447,East Marion,NY,36103,
22480,East Massapequa,NY,36059,
22502,East Meadow,NY,36059,
22546,East Moriches,NY,36103,
22557,East Nassau,NY,36083,
22612,East Northport,NY,36103,
22623,East Norwich,NY,36059,
22733,East Patchogue,NY,36103,
22810,Eastport,NY,36103,
22832,East Quogue,NY,36103,
22843,East Randolph,NY,36009,
22865,East Rochester,NY,36055,
22876,East Rockaway,NY,36059,
22964,East Setauket,NY,36103,
22980,East Shoreham,NY,36103,
23052,East Syracuse,NY,36067,
23217,East Williston,NY,36059,
23283,East Worcester,NY,36077,
23316,Eatons Neck,NY,36103,
23404,Eden,NY,36029,
23602,Edmeston,NY,36077,
23635,Edwards,NY,36089,
23701,Eggertsville,NY,36029,
23745,Elba,NY,36037,
23789,Elbridge,NY,36067,
23811,Eldred,NY,36105,
23822,Elizabethtown,NY,36031,
23965,Ellenville,NY,36111,
24020,Ellicottville,NY,36009,
24075,Ellisburg,NY,36045,
24141,Elma Center,NY,36029,
24229,Elmira,NY,36015,
24251,Elmira Heights,NY,36015,
24273,Elmont,NY,36059,
24295,Elmsford,NY,36119,
24405,Elwood,NY,36103,
24515,Endicott,NY,36007,
24526,Endwell,NY,36007,
24625,Erin,NY,36015,
24713,Esperance,NY,36095,
24823,Evans Mills,NY,36045,
24867,Fabius,NY,36067,
24988,Fair Haven,NY,36011,
25043,Fairmount,NY,36067,
25076,Fairport,NY,36055,
25109,Fairview,NY,36027,
25120,Fairview,NY,36119,
25164,Falconer,NY,36013,
25230,Fallsburg,NY,36105,
25384,Farmingdale,NY,36059,
25417,Farmingville,NY,36103,
25428,Farnham,NY,36029,
25527,Fayetteville,NY,36067,
25571,Felts Mills,NY,36045,
25747,Fillmore,NY,36003,
25839,Fire Island,NY,36103,
25857,Firthcliffe,NY,36071,
25923,Fishers Island,NY,36103,
25934,Fishers Landing,NY,36045,
25967,Fishkill,NY,36027,
26121,Flanders,NY,36103,
26209,Fleischmanns,NY,36025,
26264,Floral Park,NY,36059,
26319,Florida,NY,36071,
26352,Flower Hill,NY,36059,
26418,Fly Creek,NY,36077,
26462,Fonda,NY,36057,
26561,Forest Home,NY,36109,
26649,Forestville,NY,36013,
26704,Fort Ann,NY,36115,
26726,Fort Covington,NY,36033,
26759,Fort Drum,NY,36045,
26770,Fort Edward,NY,36115,
26880,Fort Johnson,NY,36057,
26902,Fort Montgomery,NY,36071,
26924,Fort Plain,NY,36057,
26946,Fort Salonga,NY,36103,
27133,Fowlerville,NY,36051,
27188,Frankfort,NY,36043,
27221,Franklin,NY,36025,
27309,Franklin Square,NY,36059,
27331,Franklinville,NY,36009,
27419,Fredonia,NY,36013,
27452,Freedom Plains,NY,36027,
27485,Freeport,NY,36059,
27529,Freeville,NY,36109,
27672,Frewsburg,NY,36013,
27694,Friendship,NY,36003,
27815,Fulton,NY,36075,
27859,Fultonville,NY,36057,
27969,Gainesville,NY,36121,
28035,Galeville,NY,36067,
28101,Galway,NY,36091,
28138,Gananda,NY,36117,
28145,Gang Mills,NY,36101,
28178,Garden City,NY,36059,
28189,Garden City Park,NY,36059,
28200,Garden City South,NY,36059,
28244,Gardiner,NY,36111,
28310,Gardnertown,NY,36071,
28376,Garrattsville,NY,36077,
28431,Gasport,NY,36063,
28453,Gates,NY,36055,
28618,Geneseo,NY,36051,
28640,Geneva,NY,36069 36099,
28761,Germantown,NY,36021,
28860,Ghent,NY,36021,
28959,Gilbertsville,NY,36077,
28990,Gilgo,NY,36103,
29014,Glasco,NY,36111,
29058,Glen Aubrey,NY,36007,
29113,Glen Cove,NY,36059,
29245,Glen Head,NY,36059,
29322,Glen Park,NY,36045,
29333,Glens Falls,NY,36113,
29338,Glens Falls North,NY,36113,
29421,Glenwood Landing,NY,36059,
29443,Gloversville,NY,36035,
29476,Golden's Bridge,NY,36119,
29509,Gordon Heights,NY,36103,
29520,Gorham,NY,36069,
29542,Goshen,NY,36071,
29597,Gouverneur,NY,36089,
29630,Gowanda,NY,36009 36029,
29707,Grahamsville,NY,36105,
29872,Grand View-on-Hudson,NY,36087,
29894,Grandyle Village,NY,36029,
30026,Granville,NY,36115,
30136,Great Bend,NY,36045,
30169,Great Neck,NY,36059,
30191,Great Neck Estates,NY,36059,
30202,Great Neck Gardens,NY,36059,
30213,Great Neck Plaza,NY,36059,
30235,Great River,NY,36103,
30279,Greece,NY,36055,
30411,Greene,NY,36017,
30521,Green Island,NY,36001,
30543,Greenlawn,NY,36103,
30576,Greenport,NY,36103,
30581,Greenport West,NY,36103,
30598,Greenvale,NY,36059,
30609,Greenville,NY,36039,
30642,Greenville,NY,36119,
30675,Greenwich,NY,36115,
30752,Greenwood Lake,NY,36071,
30807,Greigsville,NY,36051,
30961,Groton,NY,36109,
31022,Groveland Station,NY,36051,
31137,Guilford,NY,36017,
31258,Hadley,NY,36091,
31291,Hagaman,NY,36057,
31346,Hailesboro,NY,36089,
31357,Haines Falls,NY,36039,
31445,Halesite,NY,36103,
31533,Hall,NY,36069,
31643,Hamburg,NY,36029,
31709,Hamilton,NY,36053,
31746,Hamilton College,NY,36065,
31786,Hamlin,NY,36055,
31830,Hammond,NY,36089,
31852,Hammondsport,NY,36101,
31896,Hampton Bays,NY,36103,
31918,Hampton Manor,NY,36083,
31940,Hancock,NY,36025,
31973,Hankins,NY,36105,
32006,Hannawa Falls,NY,36089,
32017,Hannibal,NY,36075,
32094,Harbor Hills,NY,36059,
32105,Harbor Isle,NY,36059,
32325,Harriman,NY,36071,
32391,Harris Hill,NY,36029,
32402,Harrison,NY,36119,
32523,Hartsdale,NY,36119,
32578,Hartwick,NY,36077,
32597,Hartwick Seminary,NY,36077,
32710,Hastings-on-Hudson,NY,36119,
32732,Hauppauge,NY,36103,
32754,Haverstraw,NY,36087,
32776,Haviland,NY,36027,
32842,Hawthorne,NY,36119,
32963,Head of the Harbor,NY,36103,
33128,Hemlock,NY,36051,
33139,Hempstead,NY,36059,
34044,Henderson,NY,36045,
34118,Heritage Hills,NY,36119,
34121,Herkimer,NY,36043,
34165,Hermon,NY,36089,
34198,Herricks,NY,36059,
34220,Herrings,NY,36045,
34264,Heuvelton,NY,36089,
34286,Hewlett,NY,36059,
34297,Hewlett Bay Park,NY,36059,
34308,Hewlett Harbor,NY,36059,
34319,Hewlett Neck,NY,36059,
34374,Hicksville,NY,36059,
34451,High Falls,NY,36111,
34484,Highland,NY,36111,
34495,Highland Falls,NY,36071,
34528,Highland-on-the-Lake,NY,36029,
34660,Hillburn,NY,36087,
34693,Hillcrest,NY,36087,
34786,Hillside,NY,36111,
34803,Hillside Lake,NY,36027,
34847,Hilton,NY,36055,
34979,Hobart,NY,36025,
35056,Holbrook,NY,36103,
35111,Holland,NY,36029,
35144,Holland Patent,NY,36065,
35155,Holley,NY,36073,
35254,Holtsville,NY,36103,
35276,Homer,NY,36023,
35353,Honeoye,NY,36069,
35364,Honeoye Falls,NY,36055,
35474,Hoosick Falls,NY,36083,
35573,Hopewell Junction,NY,36027,
35672,Hornell,NY,36101,
35694,Horseheads,NY,36015,
35710,Horseheads North,NY,36015,
35738,Hortonville,NY,36105,
35771,Houghton,NY,36003,
35969,Hudson,NY,36021,
35980,Hudson Falls,NY,36115,
36156,Hunt,NY,36051,
36167,Hunter,NY,36039,
36233,Huntington,NY,36103,
37022,Huntington Bay,NY,36103,
37044,Huntington Station,NY,36103,
37132,Hurley,NY,36111,
37154,Hurleyville,NY,36105,
37198,Hyde Park,NY,36027,
37275,Ilion,NY,36043,
37528,Interlaken,NY,36099,
37583,Inwood,NY,36059,
37737,Irondequoit,NY,36055,
37803,Irvington,NY,36119,
37840,Islandia,NY,36103,
37847,Island Park,NY,36059,
37869,Islip,NY,36103,
38022,Islip Terrace,NY,36103,
38077,Ithaca,NY,36109,
38209,Jacksonville,NY,36109,
38253,Jamesport,NY,36103,
38264,Jamestown,NY,36013,
38275,Jamestown West,NY,36013,
38429,Jefferson,NY,36095,
38451,Jefferson Heights,NY,36039,
38500,Jefferson Valley-Yorktown,NY,36119,
38506,Jeffersonville,NY,36105,
38539,Jericho,NY,36059,
38748,Johnson City,NY,36007,
38781,Johnstown,NY,36035,
38825,Jordan,NY,36067,
38934,Kaser,NY,36087,
38946,Katonah,NY,36119,
38985,Kauneonga Lake,NY,36105,
39089,Keeseville,NY,36019 36031,
39232,Kenmore,NY,36029,
39243,Kennedy,NY,36013,
39309,Kensington,NY,36059,
39397,Kerhonkson,NY,36111,
39463,Keuka Park,NY,36123,
39485,Kiamesha Lake,NY,36105,
39562,Kinderhook,NY,36021,
39672,Kings Park,NY,36103,
39694,Kings Point,NY,36059,
39727,Kingston,NY,36111,
39853,Kiryas Joel,NY,36071,
40175,Kysorville,NY,36051,
40189,Lackawanna,NY,36029,
40200,Lacona,NY,36075,
40233,La Fargeville,NY,36045,
40398,Lake Carmel,NY,36079,
40475,Lake Delta,NY,36065,
40486,Lake Erie Beach,NY,36029,
40508,Lake George,NY,36113,
40530,Lake Grove,NY,36103,
40552,Lake Huntington,NY,36105,
40585,Lake Katrine,NY,36111,
40607,Lakeland,NY,36067,
40651,Lake Luzerne,NY,36113,
40689,Lake Mohegan,NY,36119,
40761,Lake Placid,NY,36031,
40838,Lake Ronkonkoma,NY,36103,
40937,Lake Success,NY,36059,
41003,Lakeview,NY,36059,
41036,Lakeville,NY,36051,
41069,Lakewood,NY,36013,
41135,Lancaster,NY,36029,
41223,Lansing,NY,36109,
41333,Larchmont,NY,36119,
41399,Latham,NY,36001,
41432,Lattingtown,NY,36059,
41465,Laurel,NY,36103,
41487,Laurel Hollow,NY,36059,
41520,Laurens,NY,36077,
41553,Lawrence,NY,36059,
41784,Leeds,NY,36039,
41872,Leicester,NY,36051,
42026,Le Roy,NY,36037,
42081,Levittown,NY,36059,
42147,Lewiston,NY,36063,
42224,Liberty,NY,36105,
42279,Lido Beach,NY,36059,
42323,Lima,NY,36051,
42345,Lime Lake,NY,36009,
42378,Limestone,NY,36009,
42455,Lincolndale,NY,36119,
42488,Lincoln Park,NY,36111,
42554,Lindenhurst,NY,36103,
42609,Linwood,NY,36051,
42642,Lisle,NY,36007,
42741,Little Falls,NY,36043,
42829,Little Valley,NY,36009,
42884,Liverpool,NY,36067,
42928,Livingston Manor,NY,36105,
42950,Livonia,NY,36051,
42972,Livonia Center,NY,36051,
43005,Lloyd Harbor,NY,36103,
43038,Loch Sheldrake,NY,36105,
43082,Lockport,NY,36063,
43192,Locust Valley,NY,36059,
43214,Lodi,NY,36099,
43335,Long Beach,NY,36059,
43401,Long Lake,NY,36041,
43511,Lorenz Park,NY,36021,
43533,Lorraine,NY,36045,
43566,Loudonville,NY,36001,
43720,Lowville,NY,36049,
43874,Lynbrook,NY,36059,
43885,Lyncourt,NY,36067,
43918,Lyndonville,NY,36073,
43951,Lyon Mountain,NY,36019,
43962,Lyons,NY,36117,
44006,Lyons Falls,NY,36049,
44105,MacDonnell Heights,NY,36027,
44149,Macedon,NY,36117,
44193,McGraw,NY,36023,
44226,Machias,NY,36009,
44358,McLean,NY,36109,
44424,Madison,NY,36053,
44479,Madrid,NY,36089,
44534,Mahopac,NY,36079,
44677,Malden-on-Hudson,NY,36111,
44710,Malone,NY,36033,
44787,Malverne,NY,36059,
44792,Malverne Park Oaks,NY,36059,
44831,Mamaroneck,NY,36119,
44853,Manchester,NY,36069,
44897,Manhasset,NY,36059,
44908,Manhasset Hills,NY,36059,
45018,Manlius,NY,36067,
45073,Mannsville,NY,36045,
45106,Manorhaven,NY,36059,
45139,Manorville,NY,36103,
45392,Marathon,NY,36023,
45480,Marcellus,NY,36067,
45524,Marcy,NY,36065,
45557,Margaretville,NY,36025,
45573,Mariaville Lake,NY,36093,
45634,Marion,NY,36117,
45659,Marist College,NY,36027,
45700,Marlboro,NY,36111,
45986,Massapequa,NY,36059,
45997,Massapequa Park,NY,36059,
46019,Massena,NY,36089,
46074,Mastic,NY,36103,
46085,Mastic Beach,NY,36103,
46107,Matinecock,NY,36059,
46140,Mattituck,NY,36103,
46151,Mattydale,NY,36067,
46162,Maybrook,NY,36071,
46206,Mayfield,NY,36035,
46239,Mayville,NY,36013,
46349,Mechanicstown,NY,36071,
46360,Mechanicville,NY,36091,
46404,Medford,NY,36103,
46415,Medina,NY,36073,
46503,Melrose Park,NY,36011,
46514,Melville,NY,36103,
46536,Menands,NY,36001,
46646,Meridian,NY,36011,
46668,Merrick,NY,36059,
46750,Merritt Park,NY,36027,
46811,Mexico,NY,36075,
46866,Middleburgh,NY,36095,
46976,Middle Island,NY,36103,
46998,Middleport,NY,36063,
47042,Middletown,NY,36071,
47108,Middleville,NY,36043,
47229,Milford,NY,36077,
47273,Millbrook,NY,36027,
47306,Miller Place,NY,36103,
47361,Millerton,NY,36027,
47405,Mill Neck,NY,36059,
47427,Millport,NY,36015,
47482,Millwood,NY,36119,
47548,Milton,NY,36091,
47554,Milton,NY,36111,
47636,Mineola,NY,36059,
47680,Minetto,NY,36075,
47702,Mineville,NY,36031,
47757,Minoa,NY,36067,
47823,Mohawk,NY,36043,
47977,Mongaup Valley,NY,36105,
47988,Monroe,NY,36071,
48010,Monsey,NY,36087,
48054,Montauk,NY,36103,
48090,Montebello,NY,36087,
48142,Montgomery,NY,36071,
48175,Monticello,NY,36105,
48197,Montour Falls,NY,36097,
48208,Montrose,NY,36119,
48241,Mooers,NY,36019,
48296,Moravia,NY,36011,
48450,Moriches,NY,36103,
48483,Morris,NY,36077,
48538,Morrisonville,NY,36019,
48571,Morristown,NY,36089,
48593,Morrisville,NY,36053,
48736,Mountain Dale,NY,36105,
48750,Mountain Lodge Park,NY,36071,
48879,Mount Ivy,NY,36087,
48890,Mount Kisco,NY,36119,
48945,Mount Morris,NY,36051,
49066,Mount Sinai,NY,36103,
49121,Mount Vernon,NY,36119,
49143,Mount Vision,NY,36077,
49220,Munnsville,NY,36053,
49231,Munsey Park,NY,36059,
49242,Munsons Corners,NY,36023,
49330,Muttontown,NY,36059,
49363,Myers Corner,NY,36027,
49407,Nanuet,NY,36087,
49418,Napanoch,NY,36111,
49424,Napeague,NY,36103,
49429,Naples,NY,36069,
49473,Narrowsburg,NY,36105,
49506,Nassau,NY,36083,
49555,Nassau Lake,NY,36083,
49605,Natural Bridge,NY,36045,
49715,Nazareth College,NY,36055,
49726,Nedrow,NY,36067,
49748,Nelliston,NY,36057,
49781,Nelsonville,NY,36079,
49825,Nesconset,NY,36103,
49891,Newark,NY,36117,
49902,Newark Valley,NY,36107,
49924,New Baltimore,NY,36039,
49946,New Berlin,NY,36017,
50034,Newburgh,NY,36071,
50067,New Cassel,NY,36059,
50100,New City,NY,36087,
50221,Newfane,NY,36063,
50243,Newfield,NY,36109,
50265,New Hackensack,NY,36027,
50276,New Hamburg,NY,36027,
50298,New Hartford,NY,36065,
50353,New Hempstead,NY,36087,
50397,New Hyde Park,NY,36059,
50551,New Paltz,NY,36111,
50573,Newport,NY,36043,
50617,New Rochelle,NY,36119,
50705,New Square,NY,36087,
50727,New Suffolk,NY,36103,
50837,New Windsor,NY,36071,
51000,New York,NY,36005 36047 36061 36081 36085,
51011,New York Mills,NY,36065,
51055,Niagara Falls,NY,36063,
51088,Niagara University,NY,36063,
51110,Nichols,NY,36107,
51262,Niskayuna,NY,36093,
51286,Nissequogue,NY,36103,
51297,Niverville,NY,36021,
51319,Norfolk,NY,36089,
51396,North Amityville,NY,36103,
51418,Northampton,NY,36103,
51440,North Babylon,NY,36103,
51467,North Ballston Spa,NY,36091,
51484,North Bay,NY,36065,
51495,North Bay Shore,NY,36103,
51517,North Bellmore,NY,36059,
51528,North Bellport,NY,36103,
51561,North Blenheim,NY,36095,
51583,North Boston,NY,36029,
51792,North Collins,NY,36029,
51847,North Creek,NY,36113,
51915,Northeast Ithaca,NY,36109,
52040,North Gates,NY,36055,
52067,North Granville,NY,36115,
52078,North Great River,NY,36103,
52188,North Haven,NY,36103,
53022,North Hills,NY,36059,
53055,North Hornell,NY,36101,
53198,North Lindenhurst,NY,36103,
53231,North Lynbrook,NY,36059,
53253,North Massapequa,NY,36059,
53264,North Merrick,NY,36059,
53275,North New Hyde Park,NY,36059,
53319,North Patchogue,NY,36103,
53396,Northport,NY,36103,
53462,North Rose,NY,36117,
53561,North Sea,NY,36103,
53660,North Syracuse,NY,36067,
53682,North Tonawanda,NY,36063,
53748,North Valley Stream,NY,36059,
53770,Northville,NY,36035,
53775,Northville,NY,36103,
53792,North Wantagh,NY,36059,
53852,Northwest Harbor,NY,36103,
53853,Northwest Ithaca,NY,36109,
53979,Norwich,NY,36017,
54012,Norwood,NY,36089,
54056,Noyack,NY,36103,
54078,Nunda,NY,36051,
54100,Nyack,NY,36087,
54111,Oak Beach,NY,36103,
54144,Oakdale,NY,36103,
54155,Oakfield,NY,36037,
54430,Ocean Beach,NY,36103,
54441,Oceanside,NY,36059,
54452,Odessa,NY,36097,
54485,Ogdensburg,NY,36089,
54540,Olcott,NY,36063,
54551,Old Bethpage,NY,36059,
54562,Old Brookville,NY,36059,
54617,Old Field,NY,36103,
54639,Old Forge,NY,36043,
54705,Old Westbury,NY,36059,
54716,Olean,NY,36009,
54837,Oneida,NY,36053,
54848,Oneida Castle,NY,36065,
54881,Oneonta,NY,36077,
55002,Ontario,NY,36117,
55167,Orangeburg,NY,36087,
55189,Orange Lake,NY,36071,
55266,Orchard Park,NY,36029,
55321,Orient,NY,36103,
55365,Oriskany,NY,36065,
55376,Oriskany Falls,NY,36065,
55530,Ossining,NY,36119,
55574,Oswego,NY,36075,
55618,Otego,NY,36077,
55673,Otisville,NY,36071,
55750,Otter Lake,NY,36065,
55816,Ovid,NY,36099,
55882,Owego,NY,36107,
55937,Oxbow,NY,36045,
55948,Oxford,NY,36017,
55992,Oyster Bay,NY,36059,
56011,Oyster Bay Cove,NY,36059,
56088,Painted Post,NY,36101,
56110,Palatine Bridge,NY,36057,
56132,Palenville,NY,36039,
56187,Palmyra,NY,36117,
56212,Pamelia Center,NY,36045,
56231,Panama,NY,36013,
56291,Parc,NY,36019,
56341,Parish,NY,36075,
56363,Parishville,NY,36089,
56660,Patchogue,NY,36103,
56770,Paul Smiths,NY,36033,
56781,Pavilion,NY,36037,
56814,Pawling,NY,36027,
56869,Peach Lake,NY,36079 36119,
56902,Pearl River,NY,36087,
56968,Peconic,NY,36103,
56979,Peekskill,NY,36119,
57001,Pelham,NY,36119,
57023,Pelham Manor,NY,36119,
57177,Penn Yan,NY,36123,
57243,Perry,NY,36121,
57287,Perrysburg,NY,36009,
57364,Peru,NY,36019,
57518,Phelps,NY,36069,
57551,Philadelphia,NY,36045,
57639,Philmont,NY,36021,
57650,Phoenicia,NY,36111,
57661,Phoenix,NY,36075,
57749,Piermont,NY,36087,
57782,Pierrepont Manor,NY,36045,
57804,Piffard,NY,36051,
57815,Pike,NY,36121,
57980,Pine Bush,NY,36071,
58057,Pine Hill,NY,36111,
58145,Pine Plains,NY,36027,
58189,Pine Valley,NY,36015,
58354,Pittsford,NY,36055,
58409,Plainedge,NY,36059,
58442,Plainview,NY,36059,
58475,Plandome,NY,36059,
58486,Plandome Heights,NY,36059,
58497,Plandome Manor,NY,36059,
58541,Plattekill,NY,36111,
58574,Plattsburgh,NY,36019,
58601,Plattsburgh West,NY,36019,
58684,Pleasant Valley,NY,36027,
58728,Pleasantville,NY,36119,
58739,Plessis,NY,36045,
58794,Poestenkill,NY,36083,
58849,Point Lookout,NY,36059,
58937,Poland,NY,36043,
58992,Pomona,NY,36087,
59157,Poquott,NY,36103,
59212,Port Byron,NY,36011,
59223,Port Chester,NY,36119,
59245,Port Dickinson,NY,36007,
59311,Port Ewen,NY,36111,
59322,Port Gibson,NY,36069,
59333,Port Henry,NY,36031,
59355,Port Jefferson,NY,36103,
59377,Port Jefferson Station,NY,36103,
59388,Port Jervis,NY,36071,
59443,Portlandville,NY,36077,
59454,Port Leyden,NY,36049,
59498,Portville,NY,36009,
59520,Port Washington,NY,36059,
59531,Port Washington North,NY,36059,
59564,Potsdam,NY,36089,
59619,Pottersville,NY,36113,
59641,Poughkeepsie,NY,36027,
59708,Prattsburgh,NY,36101,
59740,Prattsville,NY,36039,
59831,Preston-Potter Hollow,NY,36001,
59883,Prospect,NY,36065,
59960,Pulaski,NY,36075,
59993,Pultneyville,NY,36117,
60103,Putnam Lake,NY,36079,
60408,Quiogue,NY,36103,
60422,Quogue,NY,36103,
60455,Radisson,NY,36067,
60576,Randolph,NY,36009,
60598,Ransomville,NY,36063,
60609,Rapids,NY,36063,
60675,Ravena,NY,36001,
60829,Red Creek,NY,36117,
60884,Redford,NY,36019,
60895,Red Hook,NY,36027,
60983,Red Oaks Mill,NY,36027,
61016,Redwood,NY,36045,
61115,Remsen,NY,36065,
61142,Remsenburg-Speonk,NY,36103,
61148,Rensselaer,NY,36083,
61159,Rensselaer Falls,NY,36089,
61236,Retsof,NY,36051,
61346,Rhinebeck,NY,36027,
61368,Rhinecliff,NY,36027,
61434,Richburg,NY,36003,
61489,Richfield Springs,NY,36077,
61588,Richmondville,NY,36095,
61621,Richville,NY,36089,
61665,Ridge,NY,36103,
61797,Rifton,NY,36111,
61874,Ripley,NY,36013,
61973,Riverhead,NY,36103,
62061,Riverside,NY,36101,
62066,Riverside,NY,36103,
63000,Rochester,NY,36055,
63014,Rochester Institute of Technology,NY,36055,
63132,Rock Hill,NY,36105,
63264,Rockville Centre,NY,36059,
63319,Rocky Point,NY,36103,
63330,Rodman,NY,36045,
63363,Roessleville,NY,36001,
63418,Rome,NY,36065,
63429,Romulus,NY,36099,
63473,Ronkonkoma,NY,36103,
63506,Roosevelt,NY,36059,
63583,Roscoe,NY,36105,
63725,Rosendale,NY,36111,
63770,Roslyn,NY,36059,
63792,Roslyn Estates,NY,36059,
63803,Roslyn Harbor,NY,36059,
63814,Roslyn Heights,NY,36059,
63924,Rotterdam,NY,36093,
63957,Round Lake,NY,36091,
63968,Round Top,NY,36039,
63979,Rouses Point,NY,36019,
64056,Ruby,NY,36111,
64155,Rushford,NY,36003,
64199,Rushville,NY,36069 36123,
64232,Russell Gardens,NY,36059,
64309,Rye,NY,36119,
64325,Rye Brook,NY,36119,
64408,Sackets Harbor,NY,36045,
64430,Saddle Rock,NY,36059,
64441,Saddle Rock Estates,NY,36059,
64452,Sagaponack,NY,36103,
64485,Sag Harbor,NY,36103,
64551,St. Bonaventure,NY,36009,
64584,St. James,NY,36103,
64606,St. John Fisher College,NY,36055,
64639,St. Johnsville,NY,36057,
64716,St. Regis Falls,NY,36033,
64749,Salamanca,NY,36009,
64771,Salem,NY,36115,
64842,Salisbury,NY,36059,
64848,Salisbury Center,NY,36043,
64859,Salisbury Mills,NY,36071,
64881,Saltaire,NY,36103,
64892,Salt Point,NY,36027,
64958,Sanborn,NY,36063,
65024,Sand Ridge,NY,36075,
65035,Sands Point,NY,36059,
65068,Sandy Creek,NY,36075,
65233,Saranac Lake,NY,36031 36033,
65255,Saratoga Springs,NY,36091,
65288,Saugerties,NY,36111,
65310,Saugerties South,NY,36111,
65332,Savannah,NY,36117,
65354,Savona,NY,36101,
65409,Sayville,NY,36103,
65431,Scarsdale,NY,36119,
65475,Schaghticoke,NY,36083,
65508,Schenectady,NY,36093,
65519,Schenevus,NY,36077,
65585,Schoharie,NY,36095,
65640,Schroon Lake,NY,36031,
65739,Schuyler Lake,NY,36077,
65750,Schuylerville,NY,36091,
65761,Scio,NY,36003,
65882,Scotchtown,NY,36071,
65893,Scotia,NY,36093,
65926,Scottsburg,NY,36051,
65948,Scotts Corners,NY,36119,
65959,Scottsville,NY,36055,
66047,Sea Cliff,NY,36059,
66058,Seaford,NY,36059,
66102,Searingtown,NY,36059,
66212,Selden,NY,36103,
66322,Seneca Falls,NY,36099,
66366,Seneca Knolls,NY,36067,
66465,Setauket,NY,36103,
66663,Sharon Springs,NY,36095,
66828,Shelter Island,NY,36103,
66850,Shelter Island Heights,NY,36103,
66872,Shenorock,NY,36119,
66883,Sherburne,NY,36017,
66949,Sherman,NY,36013,
66993,Sherrill,NY,36065,
67048,Shinnecock Hills,NY,36103,
67070,Shirley,NY,36103,
67081,Shokan,NY,36111,
67191,Shoreham,NY,36103,
67207,Shorehaven,NY,36027,
67257,Shortsville,NY,36069,
67279,Shrub Oak,NY,36119,
67334,Sidney,NY,36025,
67367,Siena College,NY,36001,
67411,Silver Creek,NY,36013,
67466,Silver Springs,NY,36121,
67488,Sinclairville,NY,36013,
67510,Skaneateles,NY,36067,
67631,Slaterville Springs,NY,36109,
67638,Sleepy Hollow,NY,36119,
67640,Sleepy Hollow Lake,NY,36039,
67686,Sloan,NY,36029,
67708,Sloatsburg,NY,36087,
67730,Smallwood,NY,36105,
67851,Smithtown,NY,36103,
68088,Smithville Flats,NY,36017,
68099,Smyrna,NY,36017,
68209,Sodus,NY,36117,
68242,Sodus Point,NY,36117,
68286,Solvay,NY,36067,
68374,Sound Beach,NY,36103,
68462,Southampton,NY,36103,
68610,South Blooming Grove,NY,36071,
68737,South Cairo,NY,36039,
68847,South Corning,NY,36101,
68891,South Dayton,NY,36009,
68946,South Edmeston,NY,36077,
68968,South Fallsburg,NY,36105,
69001,South Farmingdale,NY,36059,
69023,South Floral Park,NY,36059,
69078,South Glens Falls,NY,36091,
69188,South Hempstead,NY,36059,
69199,South Hill,NY,36109,
69254,South Huntington,NY,36103,
69265,South Ilion,NY,36043,
69342,South Lansing,NY,36109,
69364,South Lima,NY,36051,
69386,South Lockport,NY,36063,
69452,Southold,NY,36103,
69606,Southport,NY,36015,
69892,South Valley Stream,NY,36059,
70035,Spackenkill,NY,36027,
70068,Sparkill,NY,36087,
70090,Sparrow Bush,NY,36071,
70123,Speculator,NY,36041,
70167,Spencer,NY,36107,
70189,Spencerport,NY,36055,
70321,Springfield Center,NY,36077,
70387,Springs,NY,36103,
70420,Spring Valley,NY,36087,
70442,Springville,NY,36029,
70464,Springwater,NY,36051,
70552,Staatsburg,NY,36027,
70618,Stamford,NY,36025,
70717,Stannards,NY,36003,
70849,Star Lake,NY,36089,
71267,Stewart Manor,NY,36059,
71322,Stillwater,NY,36091,
71377,Stittville,NY,36065,
71597,Stone Ridge,NY,36111,
71608,Stony Brook,NY,36103,
71620,Stony Brook University,NY,36103,
71663,Stony Point,NY,36087,
71718,Stottville,NY,36021,
71817,Strykersville,NY,36121,
71894,Suffern,NY,36087,
72246,Sunset Bay,NY,36013,
72327,SUNY Oswego,NY,36075,
72400,Swan Lake,NY,36105,
72521,Sylvan Beach,NY,36065,
72554,Syosset,NY,36059,
73000,Syracuse,NY,36067,
73057,Taconic Shores,NY,36021,
73143,Tannersville,NY,36039,
73154,Tappan,NY,36087,
73176,Tarrytown,NY,36119,
73352,Terryville,NY,36103,
73495,Thendara,NY,36043,
73517,Theresa,NY,36045,
73583,Thiells,NY,36087,
73605,Thomaston,NY,36059,
73715,Thornwood,NY,36119,
73726,Thousand Island Park,NY,36045,
73737,Three Mile Bay,NY,36045,
73880,Ticonderoga,NY,36031,
73902,Tillson,NY,36111,
73990,Tioga Terrace,NY,36107,
74017,Titusville,NY,36027,
74023,Tivoli,NY,36027,
74166,Tonawanda,NY,36029,
75021,Tonawanda Town,NY,36029,
75121,Town Line,NY,36029,
75341,Tribes Hill,NY,36057,
75484,Troy,NY,36083,
75506,Trumansburg,NY,36109,
75572,Tuckahoe,NY,36103,
75583,Tuckahoe,NY,36119,
75627,Tully,NY,36067,
75671,Tupper Lake,NY,36033,
75682,Turin,NY,36049,
75726,Tuscarora,NY,36051,
75779,Tuxedo,NY,36071,
75803,Tuxedo Park,NY,36071,
76001,Unadilla,NY,36077,
76023,Unadilla Forks,NY,36077,
76089,Uniondale,NY,36059,
76155,Union Springs,NY,36011,
76210,Unionville,NY,36071,
76280,University at Buffalo,NY,36029,
76287,University Gardens,NY,36059,
76331,Upper Brookville,NY,36059,
76386,Upper Nyack,NY,36087,
76397,Upper Red Hook,NY,36027,
76540,Utica,NY,36065,
76584,Vails Gate,NY,36071,
76617,Valatie,NY,36021,
76639,Valhalla,NY,36119,
76661,Valley Cottage,NY,36087,
76672,Valley Falls,NY,36083,
76705,Valley Stream,NY,36059,
76881,Van Etten,NY,36015,
76969,Varna,NY,36109,
76985,Vassar College,NY,36027,
77112,Vernon,NY,36065,
77167,Verona,NY,36065,
77211,Verplanck,NY,36119,
77376,Victor,NY,36069,
77431,Victory,NY,36091,
77513,Village Green,NY,36067,
77519,Village of the Branch,NY,36103,
77574,Viola,NY,36087,
77585,Virgil,NY,36023,
77684,Voorheesville,NY,36001,
77728,Waddington,NY,36089,
77772,Wading River,NY,36103,
77783,Wadsworth,NY,36051,
77805,Wainscott,NY,36103,
77849,Walden,NY,36071,
77948,Walker Valley,NY,36111,
78003,Wallkill,NY,36111,
78036,Walton,NY,36025,
78063,Walton Park,NY,36071,
78091,Walworth,NY,36117,
78113,Wampsville,NY,36053,
78124,Wanakah,NY,36029,
78146,Wantagh,NY,36059,
78168,Wappingers Falls,NY,36027,
78289,Warrensburg,NY,36113,
78333,Warsaw,NY,36121,
78355,Warwick,NY,36071,
78421,Washington Heights,NY,36071,
78454,Washington Mills,NY,36065,
78465,Washingtonville,NY,36071,
78476,Wassaic,NY,36027,
78487,Watchtower,NY,36111,
78520,Waterford,NY,36091,
78553,Waterloo,NY,36099,
78575,Water Mill,NY,36103,
78608,Watertown,NY,36045,
78663,Waterville,NY,36065,
78674,Watervliet,NY,36001,
78696,Watkins Glen,NY,36097,
78806,Waverly,NY,36107,
78850,Wayland,NY,36101,
78960,Webster,NY,36055,
78982,Websters Crossing,NY,36051,
79015,Weedsport,NY,36011,
79048,Wells,NY,36041,
79070,Wells Bridge,NY,36077,
79081,Wellsburg,NY,36015,
79092,Wellsville,NY,36003,
79174,Wesley Hills,NY,36087,
79246,West Babylon,NY,36103,
79301,West Bay Shore,NY,36103,
79444,Westbury,NY,36059,
79499,West Carthage,NY,36045,
79543,West Chazy,NY,36019,
79697,West Danby,NY,36109,
79785,West Elmira,NY,36015,
79796,West End,NY,36077,
79895,Westernville,NY,36065,
79939,Westfield,NY,36013,
79961,Westford,NY,36077,
80082,West Glens Falls,NY,36113,
80170,Westhampton,NY,36103,
80181,Westhampton Beach,NY,36103,
80186,West Hampton Dunes,NY,36103,
80203,West Haverstraw,NY,36087,
80225,West Hempstead,NY,36059,
80258,West Hills,NY,36103,
80291,West Hurley,NY,36111,
80302,West Islip,NY,36103,
80324,West Kill,NY,36039,
80423,Westmere,NY,36001,
80522,Westmoreland,NY,36065,
80599,West Nyack,NY,36087,
80632,Weston Mills,NY,36009,
80747,West Point,NY,36071,
80764,Westport,NY,36031,
80863,West Sand Lake,NY,36083,
80885,West Sayville,NY,36103,
80907,West Seneca,NY,36029,
81127,Westvale,NY,36067,
81138,West Valley,NY,36009,
81292,West Winfield,NY,36043,
81419,Wheatley Heights,NY,36103,
81622,Whitehall,NY,36115,
81644,White Lake,NY,36065,
81655,White Lake,NY,36105,
81677,White Plains,NY,36119,
81710,Whitesboro,NY,36065,
81831,Whitney Point,NY,36007,
82029,Williamson,NY,36117,
82084,Williamsville,NY,36029,
82117,Williston Park,NY,36059,
82260,Willsboro,NY,36031,
82282,Willsboro Point,NY,36031,
82304,Wilmington,NY,36031,
82359,Wilson,NY,36063,
82469,Windham,NY,36039,
82524,Windsor,NY,36007,
82579,Wingdale,NY,36027,
82612,Winthrop,NY,36089,
82656,Witherbee,NY,36031,
82678,Wolcott,NY,36117,
82733,Woodbourne,NY,36105,
82744,Woodbury,NY,36059,
82750,Woodbury,NY,36071,
82942,Woodmere,NY,36059,
82953,Woodridge,NY,36105,
82986,Woodsburgh,NY,36059,
83041,Woodstock,NY,36111,
83063,Woodsville,NY,36051,
83118,Worcester,NY,36077,
83272,Wurtsboro,NY,36105,
83283,Wurtsboro Hills,NY,36105,
83294,Wyandanch,NY,36103,
83349,Wynantskill,NY,36083,
83371,Wyoming,NY,36121,
83426,Yaphank,NY,36103,
84000,Yonkers,NY,36119,
84011,York,NY,36051,
84044,Yorkshire,NY,36009,
84088,Yorktown Heights,NY,36119,
84099,Yorkville,NY,36065,
84143,Youngstown,NY,36063,
84187,Zena,NY,36111,
00142,Aberdeen,OH,39015,
00198,Ada,OH,39065,
00380,Adamsville,OH,39119,
00436,Addyston,OH,39061,
00450,Adelphi,OH,39141,
00464,Adena,OH,39067 39081,
00541,Ai,OH,39051,
01000,Akron,OH,39153,
01042,Albany,OH,39009,
01154,Alexandria,OH,39089,
01210,Alger,OH,39065,
01420,Alliance,OH,39099 39151,
01588,Alvordton,OH,39171,
01630,Amanda,OH,39045,
01672,Amberley,OH,39061,
01742,Amelia,OH,39025,
01784,Amesville,OH,39009,
01798,Amherst,OH,39093,
01938,Amsterdam,OH,39081,
02022,Andersonville,OH,39141,
02050,Andover,OH,39007,
02092,Anna,OH,39149,
02120,Ansonia,OH,39037,
02148,Antioch,OH,39111,
02204,Antwerp,OH,39125,
02232,Apple Creek,OH,39169,
02266,Apple Valley,OH,39083,
02274,Aquilla,OH,39055,
02316,Arcadia,OH,39063,
02330,Arcanum,OH,39037,
02344,Archbold,OH,39051,
02400,Arlington,OH,39063,
02428,Arlington Heights,OH,39061,
02568,Ashland,OH,39005,
02582,Ashley,OH,39041,
02638,Ashtabula,OH,39007,
02680,Ashville,OH,39129,
02722,Athalia,OH,39087,
02736,Athens,OH,39009,
02820,Attica,OH,39147,
02848,Atwater,OH,39133,
03086,Aurora,OH,39133,
03142,Austinburg,OH,39007,
03184,Austintown,OH,39099,
03352,Avon,OH,39093,
03464,Avon Lake,OH,39093,
03562,Bailey Lakes,OH,39005,
03585,Bainbridge,OH,39055,
03604,Bainbridge,OH,39141,
03646,Bairdstown,OH,39173,
03716,Ballville,OH,39143,
03744,Baltic,OH,39031 39075 39157,
03758,Baltimore,OH,39045,
03786,Bannock,OH,39013,
03828,Barberton,OH,39153,
03926,Barnesville,OH,39013,
03940,Barnhill,OH,39157,
04094,Bascom,OH,39147,
04136,Bass Lake,OH,39055,
04150,Batavia,OH,39025,
04192,Batesville,OH,39121,
04402,Bay View,OH,39043,
04416,Bay Village,OH,39035,
04458,Beach City,OH,39151,
04500,Beachwood,OH,39035,
04542,Beallsville,OH,39111,
04696,Beaver,OH,39131,
04720,Beavercreek,OH,39057,
04752,Beaverdam,OH,39003,
04840,Beckett Ridge,OH,39017,
04878,Bedford,OH,39035,
04920,Bedford Heights,OH,39035,
05013,Beechwood Trails,OH,39089,
05074,Bellaire,OH,39013,
05102,Bellbrook,OH,39057,
05116,Belle Center,OH,39091,
05130,Bellefontaine,OH,39091,
05158,Belle Valley,OH,39121,
05228,Bellevue,OH,39043 39077 39143,
05284,Bellville,OH,39139,
05312,Belmont,OH,39013,
05396,Belmore,OH,39137,
05410,Beloit,OH,39099,
05424,Belpre,OH,39167,
05550,Bentleyville,OH,39035,
05662,Benton Ridge,OH,39063,
05676,Bentonville,OH,39001,
05690,Berea,OH,39035,
05718,Bergholz,OH,39081,
05732,Berkey,OH,39095,
05816,Berlin,OH,39075,
05900,Berlin Heights,OH,39043,
06068,Bethel,OH,39025,
06138,Bethesda,OH,39013,
06194,Bettsville,OH,39147,
06208,Beulah Beach,OH,39043,
06222,Beverly,OH,39167,
06278,Bexley,OH,39049,
06320,Bidwell,OH,39053,
06502,Birmingham,OH,39043,
06670,Blacklick Estates,OH,39049,
06740,Bladensburg,OH,39083,
06754,Blaine,OH,39013,
06810,Blakeslee,OH,39171,
06908,Blanchester,OH,39027 39165,
07062,Bloomdale,OH,39173,
07188,Bloomingburg,OH,39047,
07202,Bloomingdale,OH,39081,
07258,Bloomingville,OH,39043,
07286,Bloomville,OH,39147,
07300,Blue Ash,OH,39061,
07377,Blue Jay,OH,39061,
07426,Bluffton,OH,39003 39063,
07583,Bolindale,OH,39155,
07594,Bolivar,OH,39157,
07608,Bolton,OH,39151,
07790,Boston Heights,OH,39153,
07832,Botkins,OH,39149,
07888,Bourneville,OH,39141,
07916,Bowerston,OH,39067,
07930,Bowersville,OH,39057,
07972,Bowling Green,OH,39173,
08084,Bradford,OH,39037 39109,
08112,Bradner,OH,39173,
08168,Brady Lake,OH,39133,
08308,Brandt,OH,39109,
08336,Bratenahl,OH,39035,
08364,Brecksville,OH,39035,
08378,Brecon,OH,39061,
08392,Bremen,OH,39045,
08504,Brewster,OH,39151,
08532,Brice,OH,39049,
08560,Bridgeport,OH,39013,
08602,Bridgetown,OH,39061,
08812,Brilliant,OH,39081,
08826,Brimfield,OH,39133,
08859,Brinkhaven,OH,39083,
09064,Broadview Heights,OH,39035,
09200,Brookfield Center,OH,39155,
09246,Brooklyn,OH,39035,
09274,Brooklyn Heights,OH,39035,
09288,Brook Park,OH,39035,
09316,Brookside,OH,39013,
09358,Brookville,OH,39113,
09386,Broughton,OH,39125,
09596,Brownsville,OH,39089,
09652,Brunersburg,OH,39039,
09680,Brunswick,OH,39103,
09792,Bryan,OH,39171,
09834,Buchtel,OH,39009 39073,
09890,Buckeye Lake,OH,39045 39089,
09974,Buckland,OH,39011,
10030,Bucyrus,OH,39033,
10128,Buffalo,OH,39059,
10156,Buford,OH,39071,
10254,Burbank,OH,39169,
10282,Burgoon,OH,39143,
10296,Burkettsville,OH,39037 39107,
10352,Burlington,OH,39087,
10436,Burton,OH,39055,
10632,Butler,OH,39139,
10674,Butlerville,OH,39165,
10716,Byesville,OH,39059,
10800,Cadiz,OH,39067,
10884,Cairo,OH,39003,
10926,Calcutta,OH,39029,
10940,Caldwell,OH,39121,
10954,Caledonia,OH,39101,
10996,Cambridge,OH,39059,
11024,Camden,OH,39135,
11066,Campbell,OH,39099,
11150,Camp Dennison,OH,39061,
11304,Canal Fulton,OH,39151,
11318,Canal Lewisville,OH,39031,
11332,Canal Winchester,OH,39045 39049,
11334,Candlewood Lake,OH,39117,
11360,Canfield,OH,39099,
12000,Canton,OH,39151,
12056,Carbon Hill,OH,39073,
12084,Cardington,OH,39117,
12112,Carey,OH,39175,
12168,Carlisle,OH,39113 39165,
12252,Carroll,OH,39045,
12280,Carrollton,OH,39019,
12462,Casstown,OH,39109,
12476,Castalia,OH,39043,
12504,Castine,OH,39037,
12560,Catawba,OH,39023,
12700,Cecil,OH,39125,
12784,Cedarville,OH,39057,
12854,Celeryville,OH,39077,
12868,Celina,OH,39107,
13036,Centerburg,OH,39083,
13169,Centerville (Thurman),OH,39053,
13190,Centerville,OH,39057 39113,
13358,Chagrin Falls,OH,39035,
13484,Champion Heights,OH,39155,
13554,Chardon,OH,39055,
13694,Chatfield,OH,39033,
13778,Chauncey,OH,39009,
13834,Cherry Fork,OH,39001,
13848,Cherry Grove,OH,39061,
13904,Chesapeake,OH,39087,
13932,Cheshire,OH,39053,
14086,Chesterhill,OH,39115,
14100,Chesterland,OH,39055,
14114,Chesterville,OH,39117,
14128,Cheviot,OH,39061,
14156,Chickasaw,OH,39107,
14184,Chillicothe,OH,39141,
14226,Chilo,OH,39025,
14254,Chippewa Lake,OH,39103,
14280,Chippewa Park,OH,39091,
14288,Choctaw Lake,OH,39097,
14296,Christiansburg,OH,39021,
14324,Churchill,OH,39155,
15000,Cincinnati,OH,39061,
15008,Cinnamon Lake,OH,39005,
15070,Circleville,OH,39129,
15210,Clarington,OH,39111,
15336,Clarksburg,OH,39141,
15406,Clarksville,OH,39027,
15434,Clarktown,OH,39145,
15588,Clay Center,OH,39123,
15644,Clayton,OH,39113,
16000,Cleveland,OH,39035,
16014,Cleveland Heights,OH,39035,
16028,Cleves,OH,39061,
16056,Clifton,OH,39023 39057,
16182,Clinton,OH,39153,
16266,Cloverdale,OH,39137,
16308,Clyde,OH,39143,
16378,Coal Grove,OH,39087,
16434,Coalton,OH,39079,
16521,Coldstream,OH,39061,
16532,Coldwater,OH,39107,
16700,College Corner,OH,39017 39135,
16784,Collins,OH,39077,
17036,Columbiana,OH,39029 39099,
18000,Columbus,OH,39041 39045 39049,
18014,Columbus Grove,OH,39137,
18070,Commercial Point,OH,39129,
18244,Concorde Hills,OH,39061,
18266,Conesville,OH,39031,
18308,Congress,OH,39169,
18350,Conneaut,OH,39007,
18420,Connorville,OH,39081,
18504,Continental,OH,39137,
18546,Convoy,OH,39161,
18588,Coolville,OH,39009,
18770,Corning,OH,39127,
18812,Cortland,OH,39155,
18840,Corwin,OH,39165,
18868,Coshocton,OH,39031,
19008,Covedale,OH,39061,
19050,Covington,OH,39109,
19106,Craig Beach,OH,39099,
19330,Crestline,OH,39033 39139,
19344,Creston,OH,39103 39169,
19400,Cridersville,OH,39011,
19456,Crooksville,OH,39127,
19554,Crown City,OH,39053,
19596,Crystal Lakes,OH,39023,
19615,Crystal Rock,OH,39043,
19694,Cumberland,OH,39059,
19736,Curtice,OH,39095 39123,
19750,Custar,OH,39173,
19778,Cuyahoga Falls,OH,39153,
19806,Cuyahoga Heights,OH,39035,
19820,Cygnet,OH,39173,
19848,Cynthiana,OH,39131,
19974,Dalton,OH,39169,
20030,Damascus,OH,39029 39099,
20114,Danville,OH,39083,
20198,Darbydale,OH,39049,
20212,Darbyville,OH,39129,
20268,Darrtown,OH,39017,
20366,Day Heights,OH,39025,
21000,Dayton,OH,39057 39113,
21266,Deer Park,OH,39061,
21294,Deersville,OH,39067,
21308,Defiance,OH,39039,
21378,De Graff,OH,39091,
21434,Delaware,OH,39041,
21518,Delhi Hills,OH,39061,
21560,Dellroy,OH,39019,
21602,Delphos,OH,39003 39161,
21610,Delshire,OH,39061,
21616,Delta,OH,39051,
21714,Dennison,OH,39157,
21742,Dent,OH,39061,
21784,Derby,OH,39129,
21812,Deshler,OH,39069,
21868,Devola,OH,39167,
21910,Dexter City,OH,39121,
22008,Dillonvale,OH,39061,
22022,Dillonvale,OH,39081,
22260,Dola,OH,39065,
22288,Donnelsville,OH,39023,
22456,Dover,OH,39157,
22568,Doylestown,OH,39169,
22610,Dresden,OH,39119,
22624,Drexel,OH,39113,
22660,Dry Ridge,OH,39061,
22674,Dry Run,OH,39061,
22694,Dublin,OH,39041 39049 39159,
22820,Duncan Falls,OH,39119,
22848,Dundee,OH,39157,
22946,Dunkirk,OH,39065,
22960,Dunlap,OH,39061,
22974,Dupont,OH,39137,
23254,East Alliance,OH,39099,
23324,East Canton,OH,39151,
23380,East Cleveland,OH,39035,
23534,East Fultonham,OH,39119,
23618,Eastlake,OH,39085,
23702,East Liberty,OH,39091,
23730,East Liverpool,OH,39029,
23940,East Palestine,OH,39029,
24024,East Rochester,OH,39029,
24052,East Sparta,OH,39151,
24066,East Springfield,OH,39081,
24234,Eaton,OH,39135,
24262,Eaton Estates,OH,39093,
24486,Edgerton,OH,39171,
24542,Edgewood,OH,39007,
24598,Edison,OH,39117,
24640,Edon,OH,39171,
24766,Eldorado,OH,39135,
24794,Elgin,OH,39161,
24808,Elida,OH,39003,
24850,Elizabethtown,OH,39061,
25144,Elmore,OH,39123 39143,
25186,Elmwood Place,OH,39061,
25256,Elyria,OH,39093,
25368,Empire,OH,39081,
25396,Englewood,OH,39113,
25452,Enon,OH,39023,
25676,Etna,OH,39089,
25704,Euclid,OH,39035,
25802,Evendale,OH,39061,
25914,Fairborn,OH,39057,
25942,Fairfax,OH,39061,
25970,Fairfield,OH,39017 39061,
26110,Fairfield Beach,OH,39045,
26166,Fairlawn,OH,39153,
26306,Fairport Harbor,OH,39085,
26348,Fairview,OH,39013 39059,
26446,Fairview Park,OH,39035,
26656,Farmersville,OH,39113,
26768,Fayette,OH,39051,
26796,Fayetteville,OH,39015,
26880,Felicity,OH,39025,
27048,Findlay,OH,39063,
27104,Finneytown,OH,39061,
27303,Five Points,OH,39165,
27356,Flat Rock,OH,39147,
27412,Fletcher,OH,39109,
27538,Florida,OH,39069,
27552,Flushing,OH,39013,
27636,Forest,OH,39065,
27706,Forest Park,OH,39061,
27776,Forestville,OH,39061,
27818,Fort Jennings,OH,39137,
27832,Fort Loramie,OH,39149,
27846,Fort McKinley,OH,39113,
27902,Fort Recovery,OH,39107,
27930,Fort Seneca,OH,39147,
27944,Fort Shawnee,OH,39003,
28014,Fostoria,OH,39063 39147 39173,
28058,Four Bridges,OH,39017,
28182,Frankfort,OH,39141,
28476,Franklin,OH,39165,
28532,Franklin Furnace,OH,39145,
28574,Frazeysburg,OH,39119,
28616,Fredericksburg,OH,39169,
28658,Fredericktown,OH,39083,
28798,Freeport,OH,39067,
28826,Fremont,OH,39143,
28882,Fresno,OH,39031,
28896,Friendship,OH,39145,
28966,Fruit Hill,OH,39061,
29050,Fulton,OH,39117,
29064,Fultonham,OH,39119,
29106,Gahanna,OH,39049,
29148,Galena,OH,39041,
29162,Galion,OH,39033 39117 39139,
29204,Gallipolis,OH,39053,
29246,Gambier,OH,39083,
29428,Garfield Heights,OH,39035,
29442,Garrettsville,OH,39133,
29498,Gates Mills,OH,39035,
29610,Geneva,OH,39007,
29652,Geneva-on-the-Lake,OH,39007,
29722,Genoa,OH,39123,
29778,Georgetown,OH,39015,
29932,Germantown,OH,39113,
29974,Gettysburg,OH,39037,
30072,Gibsonburg,OH,39143,
30114,Gilboa,OH,39137,
30198,Girard,OH,39155,
30282,Glandorf,OH,39137,
30352,Glencoe,OH,39013,
30380,Glendale,OH,39061,
30436,Glenford,OH,39127,
30506,Glenmont,OH,39075,
30520,Glenmoor,OH,39029,
30632,Glenwillow,OH,39035,
30660,Gloria Glens Park,OH,39103,
30674,Glouster,OH,39009,
30702,Gnadenhutten,OH,39157,
30786,Golf Manor,OH,39061,
30814,Gomer,OH,39003,
30828,Good Hope,OH,39047,
30912,Gordon,OH,39037,
30996,Goshen,OH,39025,
31150,Grafton,OH,39093,
31206,Grand Rapids,OH,39173,
31234,Grand River,OH,39085,
31262,Grandview,OH,39061,
31304,Grandview Heights,OH,39049,
31402,Granville,OH,39089,
31434,Granville South,OH,39089,
31458,Gratiot,OH,39089 39119,
31472,Gratis,OH,39135,
31542,Graysville,OH,39111,
31860,Green,OH,39153,
31948,Green Camp,OH,39101,
32088,Greenfield,OH,39071 39141,
32158,Greenhills,OH,39061,
32207,Green Meadows,OH,39023,
32256,Green Springs,OH,39143 39147,
32298,Greentown,OH,39151,
32340,Greenville,OH,39037,
32368,Greenwich,OH,39077,
32536,Groesbeck,OH,39061,
32592,Grove City,OH,39049,
32606,Groveport,OH,39049,
32620,Grover Hill,OH,39125,
32680,Guilford Lake,OH,39029,
32928,Hamburg,OH,39045,
32956,Hamden,OH,39163,
32984,Hamersville,OH,39015,
33012,Hamilton,OH,39017,
33096,Hamler,OH,39069,
33194,Hanging Rock,OH,39087,
33222,Hannibal,OH,39111,
33292,Hanover,OH,39089,
33306,Hanoverton,OH,39029,
33362,Harbor Hills,OH,39089,
33376,Harbor View,OH,39095,
33656,Harpster,OH,39175,
33740,Harrisburg,OH,39049 39129,
33768,Harrisburg,OH,39151,
33838,Harrison,OH,39061,
34090,Harrisville,OH,39067,
34118,Harrod,OH,39003,
34202,Hartford (Croton),OH,39089,
34328,Hartville,OH,39151,
34384,Harveysburg,OH,39165,
34412,Haskins,OH,39173,
34552,Haviland,OH,39125,
34594,Haydenville,OH,39073,
34636,Hayesville,OH,39005,
34748,Heath,OH,39089,
34790,Hebron,OH,39089,
34860,Helena,OH,39143,
34888,Hemlock,OH,39127,
35028,Hessville,OH,39143,
35098,Hicksville,OH,39039,
35119,Hidden Lakes,OH,39117,
35126,Hide-A-Way Hills,OH,39045 39073,
35168,Higginsport,OH,39015,
35210,Highland,OH,39071,
35252,Highland Heights,OH,39035,
35255,Highland Hills,OH,39035,
35256,Highland Holiday,OH,39071,
35322,Highpoint,OH,39061,
35476,Hilliard,OH,39049,
35532,Hills and Dales,OH,39151,
35560,Hillsboro,OH,39071,
35613,Hilltop,OH,39155,
35658,Hiram,OH,39133,
35826,Hockingport,OH,39009,
35854,Holgate,OH,39069,
35864,Holiday City,OH,39171,
35866,Holiday Lakes,OH,39077,
35868,Holiday Valley,OH,39023,
35882,Holland,OH,39095,
35896,Hollansburg,OH,39037,
35924,Holloway,OH,39013,
35994,Holmesville,OH,39075,
36176,Homeworth,OH,39029,
36232,Hooven,OH,39061,
36260,Hopedale,OH,39067,
36512,Howard,OH,39083,
36557,Howland Center,OH,39155,
36568,Hoytville,OH,39173,
36582,Hubbard,OH,39155,
36610,Huber Heights,OH,39109 39113,
36624,Huber Ridge,OH,39049,
36651,Hudson,OH,39153,
36806,Hunter,OH,39165,
36918,Hunting Valley,OH,39035 39055,
36988,Huntsville,OH,39091,
37016,Huron,OH,39043,
37142,Iberia,OH,39117,
37240,Independence,OH,39035,
37422,Irondale,OH,39081,
37464,Ironton,OH,39087,
37604,Ithaca,OH,39037,
37842,Jackson,OH,39079,
38192,Jacksonburg,OH,39017,
38220,Jackson Center,OH,39149,
38276,Jacksontown,OH,39089,
38304,Jacksonville,OH,39009,
38374,Jamestown,OH,39057,
38500,Jefferson,OH,39007,
38920,Jeffersonville,OH,39047,
38948,Jenera,OH,39063,
39060,Jeromesville,OH,39005,
39074,Jerry City,OH,39173,
39088,Jersey,OH,39089,
39130,Jerusalem,OH,39111,
39172,Jewett,OH,39067,
39340,Johnstown,OH,39089,
39508,Junction City,OH,39127,
39536,Kalida,OH,39137,
39564,Kanauga,OH,39053,
39578,Kansas,OH,39147,
39662,Kelleys Island,OH,39043,
39872,Kent,OH,39133,
39886,Kenton,OH,39065,
39914,Kenwood,OH,39061,
40040,Kettering,OH,39057 39113,
40054,Kettlersville,OH,39149,
40096,Kidron,OH,39169,
40124,Kilbourne,OH,39041,
40180,Killbuck,OH,39075,
40264,Kimbolton,OH,39059,
40348,Kings Mills,OH,39165,
40376,Kingston,OH,39141,
40390,Kingsville,OH,39007,
40507,Kinsman Center,OH,39155,
40544,Kipton,OH,39093,
40558,Kirby,OH,39175,
40572,Kirkersville,OH,39089,
40642,Kirtland,OH,39085,
40670,Kirtland Hills,OH,39085,
40978,Kunkle,OH,39171,
41090,La Croft,OH,39029,
41118,Lafayette,OH,39003,
41146,Lafayette,OH,39097,
41188,Lafferty,OH,39013,
41230,LaGrange,OH,39093,
41349,Lake Buckhorn,OH,39075,
41363,Lake Darby,OH,39049,
41373,Lake Lakengren,OH,39135,
41398,Lakeline,OH,39085,
41419,Lake Lorelei,OH,39015,
41440,Lake Milton,OH,39099,
41443,Lake Mohawk,OH,39019,
41454,Lakemore,OH,39153,
41500,Lake Seneca,OH,39171,
41552,Lakeside,OH,39123,
41597,Lake Tomahawk,OH,39029,
41608,Lakeview,OH,39091,
41657,Lake Waynoka,OH,39015,
41664,Lakewood,OH,39035,
41720,Lancaster,OH,39045,
41755,Landen,OH,39165,
41860,Lansing,OH,39013,
41902,La Rue,OH,39101,
41986,Latty,OH,39125,
42028,Laura,OH,39109,
42084,Laurelville,OH,39073,
42210,Lawrenceville,OH,39023,
42308,Leavittsburg,OH,39155,
42364,Lebanon,OH,39165,
42476,Leesburg,OH,39071,
42518,Leesville,OH,39019,
42560,Leetonia,OH,39029,
42602,Leipsic,OH,39137,
42938,Lewisburg,OH,39135,
42966,Lewistown,OH,39091,
42980,Lewisville,OH,39111,
42994,Lexington,OH,39139,
43414,Liberty Center,OH,39069,
43554,Lima,OH,39003,
43596,Limaville,OH,39151,
43722,Lincoln Heights,OH,39061,
43764,Lincoln Heights,OH,39139,
43792,Lincoln Village,OH,39049,
43904,Lindsey,OH,39143,
43918,Linndale,OH,39035,
44030,Lisbon,OH,39029,
44086,Lithopolis,OH,39045 39049,
44128,Little Hocking,OH,39167,
44282,Lloydsville,OH,39013,
44310,Lockbourne,OH,39049 39129,
44352,Lockington,OH,39149,
44366,Lockland,OH,39061,
44604,Lodi,OH,39103,
44632,Logan,OH,39073,
44636,Logan Elm Village,OH,39129,
44674,London,OH,39097,
44856,Lorain,OH,39093,
44912,Lordstown,OH,39155,
44954,Lore City,OH,39059,
45066,Loudonville,OH,39005 39075,
45094,Louisville,OH,39151,
45108,Loveland,OH,39025 39061 39165,
45122,Loveland Park,OH,39061 39165,
45164,Lowell,OH,39167,
45178,Lowellville,OH,39099,
45220,Lower Salem,OH,39167,
45276,Lucas,OH,39139,
45304,Lucasville,OH,39145,
45332,Luckey,OH,39173,
45374,Ludlow Falls,OH,39109,
45542,Lynchburg,OH,39027 39071,
45556,Lyndhurst,OH,39035,
45626,Lyons,OH,39051,
45696,McArthur,OH,39163,
45794,McClure,OH,39069,
45808,McComb,OH,39063,
45822,McConnelsville,OH,39115,
45892,McCutchenville,OH,39147 39175,
45906,McDermott,OH,39145,
45934,McDonald,OH,39155,
45976,Macedonia,OH,39153,
46046,McGuffey,OH,39065,
46088,Mack,OH,39061,
46144,McKinley Heights,OH,39155,
46158,Macksburg,OH,39167,
46312,Madeira,OH,39061,
46480,Madison,OH,39085,
46736,Madison Place,OH,39061,
46830,Magnetic Springs,OH,39159,
46844,Magnolia,OH,39019 39151,
46872,Maineville,OH,39165,
46942,Malinta,OH,39069,
46970,Malta,OH,39115,
46998,Malvern,OH,39019,
47012,Manchester,OH,39001,
47138,Mansfield,OH,39139,
47180,Mantua,OH,39133,
47306,Maple Heights,OH,39035,
47362,Maple Ridge,OH,39099,
47445,Maplewood Park,OH,39155,
47460,Marathon,OH,39025,
47474,Marble Cliff,OH,39049,
47502,Marblehead,OH,39123,
47558,Marengo,OH,39117,
47586,Maria Stein,OH,39107,
47600,Mariemont,OH,39061,
47628,Marietta,OH,39167,
47754,Marion,OH,39101,
47922,Marlboro,OH,39151,
47950,Marne,OH,39089,
47992,Marseilles,OH,39175,
48048,Marshallville,OH,39169,
48090,Martinsburg,OH,39083,
48104,Martins Ferry,OH,39013,
48118,Martinsville,OH,39027,
48160,Marysville,OH,39159,
48188,Mason,OH,39165,
48230,Massieville,OH,39141,
48244,Massillon,OH,39151,
48272,Masury,OH,39155,
48286,Matamoras (New Matamoras),OH,39167,
48342,Maumee,OH,39095,
48468,Mayfield,OH,39035,
48482,Mayfield Heights,OH,39035,
48706,Mechanicsburg,OH,39021,
48790,Medina,OH,39103,
48832,Medway,OH,39023,
48972,Melmore,OH,39147,
49000,Melrose,OH,39125,
49042,Mendon,OH,39107,
49056,Mentor,OH,39085,
49098,Mentor-on-the-Lake,OH,39085,
49238,Metamora,OH,39051,
49294,Meyers Lake,OH,39151,
49420,Miami Heights,OH,39061,
49434,Miamisburg,OH,39113,
49462,Miamitown,OH,39061,
49504,Miamiville,OH,39025,
49588,Middlebranch,OH,39151,
49644,Middleburg Heights,OH,39035,
49700,Middlefield,OH,39055,
49728,Middle Point,OH,39161,
49756,Middleport,OH,39105,
49840,Middletown,OH,39017 39165,
49896,Midland,OH,39027,
49966,Midvale,OH,39157,
50008,Midway,OH,39097,
50036,Mifflin,OH,39005,
50134,Milan,OH,39043 39077,
50176,Milford,OH,39025 39061,
50218,Milford Center,OH,39159,
50260,Millbury,OH,39173,
50316,Milledgeville,OH,39047,
50344,Miller,OH,39087,
50358,Miller City,OH,39137,
50372,Millersburg,OH,39075,
50400,Millersport,OH,39045,
50456,Millfield,OH,39009,
50540,Millville,OH,39017,
50708,Milton Center,OH,39173,
50722,Miltonsburg,OH,39111,
50764,Mineral City,OH,39157,
50778,Mineral Ridge,OH,39099 39155,
50834,Minerva,OH,39019 39029 39151,
50862,Minerva Park,OH,39049,
50876,Minford,OH,39145,
50904,Mingo Junction,OH,39081,
50918,Minster,OH,39011 39149,
50974,Mitiwanga,OH,39043,
51058,Mogadore,OH,39133 39153,
51212,Monfort Heights,OH,39061,
51310,Monroe,OH,39017 39165,
51618,Monroeville,OH,39077,
51674,Montezuma,OH,39107,
51716,Montgomery,OH,39061,
51772,Montpelier,OH,39171,
51816,Montrose-Ghent,OH,39153,
52010,Moraine,OH,39113,
52052,Moreland Hills,OH,39035,
52178,Morgandale,OH,39155,
52276,Morral,OH,39101,
52346,Morristown,OH,39013,
52374,Morrow,OH,39165,
52416,Moscow,OH,39025,
52598,Mount Blanchard,OH,39063,
52612,Mount Carmel,OH,39025,
52668,Mount Cory,OH,39063,
52682,Mount Eaton,OH,39169,
52738,Mount Gilead,OH,39117,
52752,Mount Healthy,OH,39061,
52780,Mount Healthy Heights,OH,39061,
52822,Mount Hope,OH,39075,
52906,Mount Orab,OH,39015,
52976,Mount Pleasant,OH,39081,
53032,Mount Repose,OH,39025,
53046,Mount Sterling,OH,39097,
53102,Mount Vernon,OH,39083,
53144,Mount Victory,OH,39065,
53186,Mowrystown,OH,39071,
53270,Mulberry,OH,39025,
53312,Munroe Falls,OH,39153,
53410,Murray City,OH,39073,
53480,Mutual,OH,39021,
53536,Nankin,OH,39005,
53550,Napoleon,OH,39069,
53606,Nashport,OH,39119,
53634,Nashville,OH,39075,
53690,Navarre,OH,39151,
53718,Neapolis,OH,39095,
53788,Neffs,OH,39013,
53802,Negley,OH,39029,
53816,Nellie,OH,39031,
53886,Nelsonville,OH,39009,
53914,Nettle Lake,OH,39171,
53942,Nevada,OH,39175,
53956,Neville,OH,39025,
53970,New Albany,OH,39049 39089,
54012,New Alexandria,OH,39081,
54040,Newark,OH,39089,
54068,New Athens,OH,39067,
54082,New Baltimore,OH,39061,
54110,New Bavaria,OH,39069,
54152,New Bloomington,OH,39101,
54166,New Boston,OH,39145,
54194,New Bremen,OH,39011,
54250,Newburgh Heights,OH,39035,
54264,New Burlington,OH,39061,
54320,New California,OH,39159,
54334,New Carlisle,OH,39023,
54432,Newcomerstown,OH,39157,
54446,New Concord,OH,39119,
54562,New Franklin,OH,39153,
54628,New Hampshire,OH,39011,
54684,New Haven,OH,39061,
54698,New Haven,OH,39077,
54726,New Holland,OH,39047 39129,
54838,New Knoxville,OH,39011,
54852,New Lebanon,OH,39113,
54866,New Lexington,OH,39127,
54908,New London,OH,39077,
54978,New Madison,OH,39037,
55062,New Marshfield,OH,39009,
55104,New Miami,OH,39017,
55118,New Middletown,OH,39099,
55188,New Paris,OH,39135,
55216,New Philadelphia,OH,39157,
55244,New Pittsburg,OH,39169,
55314,Newport,OH,39149,
55342,Newport,OH,39167,
55384,New Richmond,OH,39025,
55398,New Riegel,OH,39147,
55524,New Springfield,OH,39099,
55552,New Straitsville,OH,39127,
55650,Newton Falls,OH,39155,
55678,Newtown,OH,39061,
55748,New Vienna,OH,39027,
55776,New Washington,OH,39033,
55790,New Waterford,OH,39029,
55818,New Weston,OH,39037,
55874,Ney,OH,39039,
55916,Niles,OH,39155,
56154,North Baltimore,OH,39173,
56182,North Bend,OH,39061,
56280,Northbrook,OH,39061,
56294,North Canton,OH,39151,
56322,North College Hill,OH,39061,
56420,North Fairfield,OH,39077,
56448,Northfield,OH,39153,
56553,Northgate,OH,39061,
56588,North Hampton,OH,39023,
56658,North Industry,OH,39151,
56700,North Kingsville,OH,39007,
56756,North Lawrence,OH,39151,
56770,North Lewisburg,OH,39021,
56798,North Lima,OH,39099,
56812,North Madison,OH,39085,
56882,North Olmsted,OH,39035,
56910,North Perry,OH,39085,
56924,North Randall,OH,39035,
56938,Northridge,OH,39023,
56966,North Ridgeville,OH,39093,
56994,North Robinson,OH,39033,
57008,North Royalton,OH,39035,
57064,North Star,OH,39037,
57190,Northwood,OH,39173,
57218,North Zanesville,OH,39119,
57260,Norton,OH,39153 39169,
57302,Norwalk,OH,39077,
57372,Norwich,OH,39119,
57386,Norwood,OH,39061,
57582,Oak Harbor,OH,39123,
57596,Oak Hill,OH,39079,
57750,Oakwood,OH,39035,
57764,Oakwood,OH,39113,
57792,Oakwood,OH,39125,
57834,Oberlin,OH,39093,
57862,Obetz,OH,39049,
57876,Oceola,OH,39033,
57918,Octa,OH,39047,
58002,Ohio City,OH,39161,
58149,Olde West Chester,OH,39017,
58156,Old Fort,OH,39147,
58226,Old Washington,OH,39059,
58422,Olmsted Falls,OH,39035,
58520,Ontario,OH,39139,
58604,Orange,OH,39035,
58674,Orangeville,OH,39155,
58730,Oregon,OH,39095,
58800,Orient,OH,39129,
58828,Orrville,OH,39169,
58856,Orwell,OH,39007,
58912,Osgood,OH,39037,
58940,Ostrander,OH,39041,
58982,Ottawa,OH,39137,
59010,Ottawa Hills,OH,39095,
59052,Ottoville,OH,39137,
59066,Otway,OH,39145,
59220,Owensville,OH,39025,
59234,Oxford,OH,39017,
59416,Painesville,OH,39085,
59598,Palestine,OH,39037,
59724,Pancoastburg,OH,39047,
59738,Pandora,OH,39137,
59920,Park Layne,OH,39023,
59934,Parkman,OH,39055,
61000,Parma,OH,39035,
61028,Parma Heights,OH,39035,
61056,Parral,OH,39157,
61112,Pataskala,OH,39089,
61182,Patterson,OH,39065,
61252,Paulding,OH,39125,
61322,Payne,OH,39125,
61420,Peebles,OH,39001,
61448,Pekin,OH,39019,
61504,Pemberville,OH,39173,
61574,Peninsula,OH,39153,
61686,Pepper Pike,OH,39035,
61882,Perry,OH,39085,
62134,Perry Heights,OH,39151,
62148,Perrysburg,OH,39173,
62190,Perrysville,OH,39005,
62302,Petersburg,OH,39099,
62344,Pettisville,OH,39051,
62404,Pheasant Run,OH,39093,
62414,Phillipsburg,OH,39113,
62442,Philo,OH,39119,
62498,Pickerington,OH,39045 39049,
62578,Pigeon Creek,OH,39153,
62708,Piketon,OH,39131,
62834,Pioneer,OH,39171,
62848,Piqua,OH,39109,
62890,Pitsburg,OH,39037,
63030,Plain City,OH,39097 39159,
63044,Plainfield,OH,39031,
63072,Plainville,OH,39061,
63436,Pleasant City,OH,39059,
63478,Pleasant Grove,OH,39119,
63534,Pleasant Hill,OH,39109,
63548,Pleasant Hills,OH,39061,
63576,Pleasant Plain,OH,39165,
63604,Pleasant Run,OH,39061,
63618,Pleasant Run Farm,OH,39061,
63716,Pleasantville,OH,39045,
63758,Plumwood,OH,39097,
63800,Plymouth,OH,39077 39139,
63954,Poland,OH,39099,
63996,Polk,OH,39005,
64024,Pomeroy,OH,39105,
64108,Portage,OH,39173,
64136,Portage Lakes,OH,39153,
64150,Port Clinton,OH,39123,
64262,Port Jefferson,OH,39149,
64304,Portsmouth,OH,39145,
64346,Port Washington,OH,39157,
64360,Port William,OH,39027,
64430,Potsdam,OH,39109,
64472,Pottery Addition,OH,39081,
64486,Powell,OH,39041,
64542,Powhatan Point,OH,39013,
64766,Proctorville,OH,39087,
64780,Prospect,OH,39101,
64906,Pulaski,OH,39171,
65032,Put-in-Bay,OH,39123,
65116,Quaker City,OH,39059,
65200,Quincy,OH,39091,
65256,Racine,OH,39105,
65298,Radnor,OH,39041,
65508,Rarden,OH,39145,
65592,Ravenna,OH,39133,
65634,Rawson,OH,39063,
65662,Rayland,OH,39081,
65676,Raymond,OH,39159,
65732,Reading,OH,39061,
66012,Reedurban,OH,39151,
66152,Reminderville,OH,39153,
66180,Remington,OH,39061,
66222,Rendville,OH,39127,
66250,Reno,OH,39167,
66264,Reno Beach,OH,39095,
66320,Republic,OH,39147,
66390,Reynoldsburg,OH,39045 39049 39089,
66530,Richfield,OH,39153,
66824,Richmond,OH,39081,
66880,Richmond Dale,OH,39141,
66894,Richmond Heights,OH,39035,
66922,Richville,OH,39151,
66936,Richwood,OH,39159,
67104,Ridgeville Corners,OH,39069,
67118,Ridgeway,OH,39065 39091,
67128,Ridgewood,OH,39061,
67258,Rio Grande,OH,39053,
67272,Ripley,OH,39015,
67314,Risingsun,OH,39173,
67356,Rittman,OH,39103 39169,
67440,Riverlea,OH,39049,
67468,Riverside,OH,39113,
67580,Roachester,OH,39165,
67600,Roaming Shores,OH,39007,
67664,Robertsville,OH,39151,
67762,Rochester,OH,39093,
67804,Rockbridge,OH,39073,
67846,Rock Creek,OH,39007,
67874,Rockford,OH,39107,
68004,Rocky Fork Point,OH,39071,
68042,Rocky Ridge,OH,39123,
68056,Rocky River,OH,39035,
68084,Rogers,OH,39029,
68196,Rome,OH,39001,
68448,Rose Farm,OH,39115 39127,
68490,Roseland,OH,39139,
68546,Rosemount,OH,39145,
68560,Roseville,OH,39119 39127,
68574,Rosewood,OH,39021,
68602,Ross,OH,39017,
68672,Rossburg,OH,39037,
68686,Rossford,OH,39173,
68714,Rossmoyne,OH,39061,
68742,Roswell,OH,39157,
68938,Rudolph,OH,39173,
69176,Rushsylvania,OH,39091,
69204,Rushville,OH,39045,
69302,Russells Point,OH,39091,
69316,Russellville,OH,39015,
69344,Russia,OH,39149,
69358,Rutland,OH,39105,
69400,Sabina,OH,39027,
69470,St. Bernard,OH,39061,
69526,St. Clairsville,OH,39013,
69540,St. Henry,OH,39107,
69596,St. Johns,OH,39011,
69652,St. Louisville,OH,39089,
69666,St. Martin,OH,39015,
69680,St. Marys,OH,39011,
69708,St. Paris,OH,39021,
69834,Salem,OH,39029 39099,
70044,Salem Heights,OH,39029,
70050,Salem Heights,OH,39061,
70072,Salesville,OH,39059,
70100,Salineville,OH,39029,
70380,Sandusky,OH,39043,
70464,Sandyville,OH,39157,
70520,Sarahsville,OH,39121,
70534,Sardinia,OH,39015 39071,
70548,Sardis,OH,39111,
70576,Savannah,OH,39005,
70618,Sawyerwood,OH,39153,
70655,Saybrook-on-the-Lake,OH,39007,
70814,Scio,OH,39067,
70912,Sciotodale,OH,39145,
71080,Scott,OH,39125 39161,
71206,Seaman,OH,39001,
71220,Sebring,OH,39099,
71360,Senecaville,OH,39059,
71416,Seven Hills,OH,39035,
71444,Seven Mile,OH,39017,
71486,Seville,OH,39103,
71640,Shadyside,OH,39013,
71682,Shaker Heights,OH,39035,
71836,Sharon Center,OH,39103,
71892,Sharonville,OH,39017 39061,
71958,Shawnee,OH,39061,
71962,Shawnee,OH,39127,
71976,Shawnee Hills,OH,39041,
71983,Shawnee Hills,OH,39057,
72060,Sheffield,OH,39093,
72088,Sheffield Lake,OH,39093,
72102,Shelby,OH,39139,
72242,Sherrodsville,OH,39019,
72256,Sherwood,OH,39039,
72258,Sherwood,OH,39061,
72284,Shiloh,OH,39113,
72298,Shiloh,OH,39139,
72396,Shreve,OH,39169,
72424,Sidney,OH,39149,
72494,Silver Lake,OH,39153,
72522,Silverton,OH,39061,
72578,Sinking Spring,OH,39071,
72620,Sixteen Mile Stand,OH,39061,
72648,Skyline Acres,OH,39061,
72788,Smithville,OH,39169,
72928,Solon,OH,39035,
72977,Somerset,OH,39127,
72998,Somerville,OH,39017,
73040,South Amherst,OH,39093,
73068,South Bloomfield,OH,39129,
73118,South Canal,OH,39155,
73124,South Charleston,OH,39023,
73264,South Euclid,OH,39035,
73446,South Lebanon,OH,39165,
73530,South Mount Vernon,OH,39083,
73670,South Point,OH,39087,
73684,South Russell,OH,39055,
73698,South Salem,OH,39141,
73768,South Solon,OH,39097,
73796,South Vienna,OH,39023,
73824,South Webster,OH,39145,
73894,South Zanesville,OH,39119,
73950,Sparta,OH,39117,
73992,Spencer,OH,39103,
74034,Spencerville,OH,39003,
74076,Springboro,OH,39113 39165,
74104,Springdale,OH,39061,
74118,Springfield,OH,39023,
74216,Spring Valley,OH,39057,
74300,Stafford,OH,39111,
74566,Sterling,OH,39169,
74608,Steubenville,OH,39081,
74622,Stewart,OH,39009,
74734,Stockdale,OH,39131,
74748,Stockport,OH,39115,
74804,Stone Creek,OH,39157,
74832,Stony Prairie,OH,39143,
74846,Stony Ridge,OH,39173,
74916,Stoutsville,OH,39045,
74944,Stow,OH,39153,
74958,Strasburg,OH,39157,
75000,Stratton,OH,39081,
75014,Streetsboro,OH,39133,
75098,Strongsville,OH,39035,
75126,Struthers,OH,39099,
75140,Stryker,OH,39171,
75182,Suffield,OH,39133,
75196,Sugar Bush Knolls,OH,39133,
75210,Sugarcreek,OH,39157,
75252,Sugar Grove,OH,39045,
75350,Sullivan,OH,39005,
75392,Sulphur Springs,OH,39033,
75406,Summerfield,OH,39121,
75434,Summerside,OH,39025,
75574,Summitville,OH,39029,
75602,Sunbury,OH,39041,
75896,Swanton,OH,39051 39095,
75980,Sycamore,OH,39175,
76022,Sylvania,OH,39095,
76050,Syracuse,OH,39105,
76106,Tallmadge,OH,39133 39153,
76148,Tarlton,OH,39045 39129,
76197,Taylor Creek,OH,39061,
76358,Tedrow,OH,39051,
76428,Terrace Park,OH,39061,
76568,The Plains,OH,39009,
76582,The Village of Indian Hill,OH,39061,
76666,Thornport,OH,39127,
76680,Thornville,OH,39127,
76764,Thurston,OH,39045,
76778,Tiffin,OH,39147,
76806,Tiltonsville,OH,39081,
76834,Timberlake,OH,39085,
76876,Tipp City,OH,39109,
76890,Tippecanoe,OH,39067,
76932,Tiro,OH,39033,
77000,Toledo,OH,39095,
77070,Tontogany,OH,39173,
77112,Toronto,OH,39081,
77308,Tremont City,OH,39023,
77322,Trenton,OH,39017,
77406,Trimble,OH,39009,
77434,Trinway,OH,39119,
77504,Trotwood,OH,39113,
77588,Troy,OH,39109,
77812,Tuppers Plains,OH,39105,
77840,Turpin Hills,OH,39061,
77924,Tuscarawas,OH,39157,
78050,Twinsburg,OH,39153,
78078,Twinsburg Heights,OH,39153,
78176,Uhrichsville,OH,39157,
78470,Union,OH,39109 39113,
78624,Union City,OH,39037,
78736,Uniontown,OH,39151,
78834,Unionville Center,OH,39159,
78848,Uniopolis,OH,39011,
78932,University Heights,OH,39035,
79002,Upper Arlington,OH,39049,
79044,Upper Sandusky,OH,39175,
79072,Urbana,OH,39021,
79100,Urbancrest,OH,39049,
79114,Utica,OH,39083 39089,
79184,Valley City,OH,39103,
79226,Valley Hi,OH,39091,
79268,Valley View,OH,39035,
79282,Valleyview,OH,39049,
79394,Van Buren,OH,39063,
79492,Vandalia,OH,39113,
79534,Vanlue,OH,39063,
79562,Van Wert,OH,39161,
79590,Vaughnsville,OH,39137,
79632,Venedocia,OH,39161,
79716,Vermilion,OH,39043 39093,
79898,Verona,OH,39113 39135,
79912,Versailles,OH,39037,
79982,Vickery,OH,39143,
80066,Vienna Center,OH,39155,
80150,Vincent,OH,39167,
80178,Vinton,OH,39053,
80304,Wadsworth,OH,39103,
80402,Waite Hill,OH,39085,
80458,Wakeman,OH,39077,
80486,Walbridge,OH,39173,
80500,Waldo,OH,39101,
80612,Walnut Creek,OH,39075,
80738,Walton Hills,OH,39035,
80766,Wapakoneta,OH,39011,
80892,Warren,OH,39155,
80990,Warrensville Heights,OH,39035,
81032,Warsaw,OH,39031,
81718,Washington Court House,OH,39047,
81732,Washingtonville,OH,39029 39099,
81760,Waterford,OH,39167,
81858,Waterville,OH,39095,
81928,Wauseon,OH,39051,
81935,Waverly,OH,39131,
82334,Wayne,OH,39173,
82348,Wayne Lakes,OH,39037,
82376,Waynesburg,OH,39151,
82390,Waynesfield,OH,39011,
82418,Waynesville,OH,39165,
82642,Wellington,OH,39093,
82712,Wellston,OH,39079,
82740,Wellsville,OH,39029,
82880,West Alexandria,OH,39135,
83090,West Carrollton,OH,39113,
83216,West Elkton,OH,39135,
83342,Westerville,OH,39041 39049,
83384,West Farmington,OH,39155,
83468,Westfield Center,OH,39103,
83541,West Hill,OH,39155,
83580,West Jefferson,OH,39097,
83608,West Lafayette,OH,39031,
83622,Westlake,OH,39035,
83706,West Leipsic,OH,39137,
83734,West Liberty,OH,39091,
83776,West Logan,OH,39073,
83804,West Manchester,OH,39135,
83818,West Mansfield,OH,39091,
83888,West Millgrove,OH,39173,
83902,West Milton,OH,39109,
83930,Westminster,OH,39003,
83972,Weston,OH,39173,
84140,West Portsmouth,OH,39145,
84182,West Rushville,OH,39045,
84196,West Salem,OH,39169,
84294,West Union,OH,39001,
84308,West Unity,OH,39171,
84528,Wetherington,OH,39017,
84574,Wharton,OH,39175,
84588,Wheelersburg,OH,39145,
84742,Whitehall,OH,39049,
84770,Whitehouse,OH,39095,
84812,White Oak,OH,39061,
84882,Whites Landing,OH,39043 39143,
85036,Wickliffe,OH,39085,
85085,Wightmans Grove,OH,39143,
85092,Wilberforce,OH,39057,
85190,Wilkesville,OH,39163,
85228,Wilkshire Hills,OH,39157,
85232,Willard,OH,39077,
85288,Williamsburg,OH,39025,
85344,Williamsdale,OH,39017,
85414,Williamsport,OH,39129,
85442,Williston,OH,39123,
85484,Willoughby,OH,39085,
85512,Willoughby Hills,OH,39085,
85638,Willowick,OH,39085,
85736,Willshire,OH,39161,
85792,Wilmington,OH,39027,
85806,Wilmot,OH,39151,
85834,Wilson,OH,39013 39111,
85876,Winchester,OH,39001,
85946,Windham,OH,39133,
86072,Winesburg,OH,39075,
86184,Wintersville,OH,39081,
86254,Withamsville,OH,39025,
86282,Wolfhurst,OH,39013,
86366,Woodlawn,OH,39061,
86394,Woodmere,OH,39035,
86422,Woodsdale,OH,39017,
86436,Woodsfield,OH,39111,
86478,Woodstock,OH,39021,
86492,Woodville,OH,39143,
86534,Woodworth,OH,39099,
86548,Wooster,OH,39169,
86604,Worthington,OH,39049,
86632,Wren,OH,39161,
86660,Wright-Patterson AFB,OH,39057,
86730,Wyoming,OH,39061,
86772,Xenia,OH,39057,
86856,Yankee Lake,OH,39155,
86940,Yellow Springs,OH,39057,
87164,Yorkshire,OH,39037,
87178,Yorkville,OH,39013 39081,
88000,Youngstown,OH,39099 39155,
88028,Zaleski,OH,39163,
88070,Zanesfield,OH,39091,
88084,Zanesville,OH,39119,
88168,Zoar,OH,39157,
00100,Achille,OK,40013,
00200,Ada,OK,40123,
00250,Adair,OK,40097,
00300,Adams,OK,40139,
00350,Adamson,OK,40121,
00450,Addington,OK,40067,
00600,Afton,OK,40115,
00700,Agra,OK,40081,
00900,Akins,OK,40135,
00950,Albany,OK,40013,
01050,Albion,OK,40127,
01150,Alderson,OK,40121,
01250,Alex,OK,40051,
01350,Aline,OK,40003,
01400,Allen,OK,40063 40123,
01700,Altus,OK,40065,
01800,Alva,OK,40151,
01900,Amber,OK,40051,
01950,Ames,OK,40093,
02000,Amorita,OK,40003,
02050,Anadarko,OK,40015,
02250,Antlers,OK,40127,
02300,Apache,OK,40015,
02500,Arapaho,OK,40039,
02550,Arcadia,OK,40109,
02600,Ardmore,OK,40019,
02650,Arkoma,OK,40079,
02750,Armstrong,OK,40013,
02800,Arnett,OK,40045,
02900,Arpelar,OK,40121,
03000,Asher,OK,40125,
03050,Ashland,OK,40121,
03300,Atoka,OK,40005,
03350,Atwood,OK,40063,
03500,Avant,OK,40113,
03550,Avard,OK,40151,
03750,Bache,OK,40121,
03815,Badger Lee,OK,40135,
03900,Baker,OK,40139,
04075,Ballou,OK,40097,
04200,Barber,OK,40021,
04250,Barnsdall,OK,40113,
04350,Baron,OK,40001,
04450,Bartlesville,OK,40113 40147,
04700,Bearden,OK,40107,
04750,Beaver,OK,40007,
04950,Bee,OK,40069,
05000,Beggs,OK,40111,
05070,Belfonte,OK,40135,
05090,Bell,OK,40001,
05400,Bennington,OK,40013,
05450,Bentley,OK,40005,
05550,Bernice,OK,40041,
05650,Bessie,OK,40149,
05700,Bethany,OK,40109,
05800,Bethel Acres,OK,40125,
05900,Big Cabin,OK,40035,
06100,Billings,OK,40103,
06200,Binger,OK,40015,
06350,Bison,OK,40047,
06400,Bixby,OK,40143 40145,
06450,Blackburn,OK,40117,
06500,Blackgum,OK,40135,
06600,Blackwell,OK,40071,
06650,Blair,OK,40065,
06700,Blanchard,OK,40051 40087,
06750,Blanco,OK,40121,
06900,Blue,OK,40013,
06950,Bluejacket,OK,40035,
07300,Boise City,OK,40025,
07350,Bokchito,OK,40013,
07450,Bokoshe,OK,40079,
07500,Boley,OK,40107,
07750,Boswell,OK,40023,
07950,Bowlegs,OK,40133,
08000,Bowring,OK,40113,
08050,Box,OK,40135,
08150,Boynton,OK,40101,
08300,Bradley,OK,40051,
08400,Braggs,OK,40101,
08450,Braman,OK,40071,
08550,Bray,OK,40137,
08600,Breckenridge,OK,40047,
08650,Brent,OK,40135,
08700,Briartown,OK,40101,
08725,Bridge Creek,OK,40051,
08750,Bridgeport,OK,40015,
08775,Briggs,OK,40021,
08900,Bristow,OK,40037,
09050,Broken Arrow,OK,40143 40145,
09100,Broken Bow,OK,40089,
09150,Bromide,OK,40029 40069,
09400,Brooksville,OK,40125,
09612,Brush Creek,OK,40041,
09650,Brushy,OK,40135,
09700,Bryant,OK,40111,
09850,Buffalo,OK,40059,
09875,Bug Tussle,OK,40121,
09887,Bull Hollow,OK,40041,
09900,Bunch,OK,40001,
09950,Burbank,OK,40113,
10050,Burlington,OK,40003,
10150,Burneyville,OK,40085,
10250,Burns Flat,OK,40149,
10400,Bushyhead,OK,40131,
10450,Butler,OK,40039,
10460,Butler,OK,40041,
10550,Byars,OK,40087,
10600,Byng,OK,40123,
10650,Byron,OK,40003,
10700,Cache,OK,40031,
10800,Caddo,OK,40013,
10950,Calera,OK,40013,
11050,Calumet,OK,40017,
11100,Calvin,OK,40063,
11150,Camargo,OK,40043,
11300,Cameron,OK,40079,
11450,Canadian,OK,40121,
11530,Canadian Shores,OK,40121,
11550,Caney,OK,40005,
11562,Caney,OK,40021,
11575,Caney Ridge,OK,40021,
11600,Canton,OK,40011,
11650,Canute,OK,40149,
11750,Capron,OK,40151,
11975,Carlisle,OK,40135,
11990,Carlton Landing,OK,40121,
12000,Carmen,OK,40003,
12050,Carnegie,OK,40015,
12100,Carney,OK,40081,
12200,Carrier,OK,40047,
12300,Carter,OK,40009,
12550,Cartwright,OK,40013,
12650,Cashion,OK,40073 40083,
12750,Castle,OK,40107,
12900,Catoosa,OK,40131 40145,
12910,Cave Spring,OK,40001,
12915,Cayuga,OK,40041,
12930,Cedar Crest,OK,40097,
12937,Cedar Lake,OK,40017,
12960,Cedar Valley,OK,40083,
13000,Cement,OK,40015,
13100,Centrahoma,OK,40029,
13135,Central High,OK,40137,
13475,Chance,OK,40001,
13500,Chandler,OK,40081,
13600,Chattanooga,OK,40031 40141,
13650,Checotah,OK,40091,
13700,Chelsea,OK,40131,
13750,Cherokee,OK,40003,
13775,Cherry Tree,OK,40001,
13800,Chester,OK,40093,
13850,Chewey,OK,40001,
13900,Cheyenne,OK,40129,
13950,Chickasha,OK,40051,
14200,Choctaw,OK,40109,
14300,Chouteau,OK,40097,
14350,Christie,OK,40001,
14500,Cimarron City,OK,40083,
14700,Claremore,OK,40131,
14750,Clarita,OK,40029,
14800,Clarksville,OK,40145,
14900,Clayton,OK,40127,
15050,Clearview,OK,40107,
15250,Cleora,OK,40041,
15300,Cleo Springs,OK,40093,
15350,Cleveland,OK,40117,
15400,Clinton,OK,40039 40149,
15625,Cloud Creek,OK,40041,
15800,Coalgate,OK,40029,
16050,Colbert,OK,40013,
16100,Colcord,OK,40041,
16200,Cole,OK,40087,
16250,Coleman,OK,40069,
16350,Collinsville,OK,40131 40143,
16400,Colony,OK,40149,
16450,Comanche,OK,40137,
16500,Commerce,OK,40115,
16700,Connerville,OK,40069,
16950,Cookson,OK,40021,
17050,Cooperton,OK,40075,
17100,Copan,OK,40147,
17110,Copeland,OK,40041,
17300,Corn,OK,40149,
17350,Cornish,OK,40067,
17450,Cottonwood,OK,40029,
17550,Council Hill,OK,40101,
17700,Covington,OK,40047,
17800,Coweta,OK,40145,
17850,Cowlington,OK,40079,
17950,Coyle,OK,40083,
18250,Crescent,OK,40083,
18275,Crescent Springs,OK,40083,
18450,Cromwell,OK,40133,
18550,Crowder,OK,40121,
18750,Cumberland,OK,40095,
18850,Cushing,OK,40119,
18950,Custer City,OK,40039,
19000,Cyril,OK,40015,
19050,Dacoma,OK,40151,
19150,Dale,OK,40125,
19350,Davenport,OK,40081,
19400,Davidson,OK,40141,
19450,Davis,OK,40049 40099,
19650,Deer Creek,OK,40053,
19665,Deer Lick,OK,40041,
19850,Delaware,OK,40105,
19900,Del City,OK,40109,
20100,Dennis,OK,40041,
20300,Depew,OK,40037,
20450,Devol,OK,40033,
20500,Dewar,OK,40111,
20550,Dewey,OK,40147,
20650,Dibble,OK,40087,
20700,Dickson,OK,40019,
20850,Dill City,OK,40149,
20900,Disney,OK,40097,
21000,Dixon,OK,40133,
21020,Dodge,OK,40041,
21150,Dotyville,OK,40115,
21200,Dougherty,OK,40099,
21250,Douglas,OK,40047,
21350,Dover,OK,40073,
21672,Dripping Springs,OK,40041,
21676,Drowning Creek,OK,40041,
21700,Drummond,OK,40047,
21750,Drumright,OK,40037 40119,
21755,Dry Creek,OK,40021,
21760,Duchess Landing,OK,40091,
21900,Duncan,OK,40137,
22050,Durant,OK,40013,
22100,Durham,OK,40129,
22200,Dustin,OK,40063,
22275,Dwight Mission,OK,40135,
22300,Eagle City,OK,40011,
22350,Eagletown,OK,40089,
22400,Eakly,OK,40015,
22450,Earl,OK,40069,
22500,Earlsboro,OK,40125,
22550,East Duke,OK,40065,
23100,Edgewater Park,OK,40031,
23200,Edmond,OK,40109,
23300,Eldon,OK,40021,
23350,Eldorado,OK,40065,
23450,Elgin,OK,40031,
23500,Elk City,OK,40009,
23550,Elmer,OK,40065,
23575,Elm Grove,OK,40001,
23600,Elmore City,OK,40049,
23675,Elohim City,OK,40001,
23700,El Reno,OK,40017,
23850,Emet,OK,40069,
23900,Empire City,OK,40137,
23950,Enid,OK,40047,
24050,Enterprise,OK,40061,
24200,Erick,OK,40009,
24300,Erin Springs,OK,40049,
24460,Etowah,OK,40027,
24500,Etta,OK,40021,
24650,Eufaula,OK,40091,
24762,Evening Shade,OK,40135,
24850,Fairfax,OK,40113,
24875,Fairfield,OK,40001,
24900,Fairland,OK,40115,
24950,Fairmont,OK,40047,
25000,Fair Oaks,OK,40131 40145,
25100,Fairview,OK,40093,
25250,Fallis,OK,40081,
25400,Fanshawe,OK,40077 40079,
25450,Fargo,OK,40045,
25650,Faxon,OK,40031,
25700,Fay,OK,40043,
25850,Felt,OK,40025,
26000,Finley,OK,40127,
26200,Fittstown,OK,40123,
26250,Fitzhugh,OK,40123,
26350,Fletcher,OK,40031,
26415,Flint Creek,OK,40041,
26525,Flute Springs,OK,40135,
26750,Foraker,OK,40113,
26850,Forest Park,OK,40109,
26900,Forgan,OK,40007,
27100,Fort Cobb,OK,40015,
27150,Fort Coffee,OK,40079,
27200,Fort Gibson,OK,40021 40101,
27350,Fort Supply,OK,40153,
27400,Fort Towson,OK,40023,
27450,Foss,OK,40149,
27500,Foster,OK,40049,
27550,Fox,OK,40019,
27600,Foyil,OK,40131,
27650,Francis,OK,40123,
27800,Frederick,OK,40141,
27850,Freedom,OK,40151,
27900,Friendship,OK,40065,
28250,Gage,OK,40045,
28350,Gans,OK,40135,
28500,Garber,OK,40047,
28700,Garvin,OK,40089,
28800,Gate,OK,40007,
28900,Geary,OK,40011 40017,
28950,Gene Autry,OK,40019,
29100,Geronimo,OK,40031,
29150,Gerty,OK,40063,
29300,Gideon,OK,40021,
29400,Glencoe,OK,40119,
29600,Glenpool,OK,40143,
29800,Golden,OK,40089,
29850,Goldsby,OK,40087,
29900,Goltry,OK,40003,
30200,Goodwell,OK,40139,
30300,Gore,OK,40135,
30350,Gotebo,OK,40075,
30400,Gould,OK,40057,
30500,Gowen,OK,40077,
30600,Gracemont,OK,40015,
30750,Grainola,OK,40113,
30850,Grandfield,OK,40141,
30900,Grand Lake Towne,OK,40097,
30915,Grandview,OK,40021,
30950,Granite,OK,40055,
31000,Grant,OK,40023,
31150,Grayson,OK,40111,
31165,Greasy,OK,40001,
31250,Greenfield,OK,40011,
31375,Greenville,OK,40085,
31425,Gregory,OK,40131,
31600,Grove,OK,40041,
31700,Guthrie,OK,40083,
31750,Guymon,OK,40139,
31900,Haileyville,OK,40121,
32050,Hallett,OK,40117,
32250,Hammon,OK,40039 40129,
32350,Hanna,OK,40091,
32400,Hanson,OK,40135,
32550,Hardesty,OK,40139,
32750,Harrah,OK,40109,
32850,Hartshorne,OK,40121,
32900,Haskell,OK,40101,
33000,Hastings,OK,40067,
33150,Haworth,OK,40089,
33250,Haywood,OK,40121,
33300,Headrick,OK,40065,
33350,Healdton,OK,40019,
33400,Heavener,OK,40079,
33450,Helena,OK,40003,
33600,Hendrix,OK,40013,
33650,Hennepin,OK,40049,
33700,Hennessey,OK,40073,
33750,Henryetta,OK,40111,
34150,Hickory,OK,40099,
34650,Hillsdale,OK,40047,
34750,Hinton,OK,40015,
34850,Hitchcock,OK,40011,
34900,Hitchita,OK,40091,
35000,Hobart,OK,40075,
35030,Hochatown,OK,40089,
35150,Hodgen,OK,40079,
35300,Hoffman,OK,40111,
35400,Holdenville,OK,40063,
35500,Hollis,OK,40057,
35550,Hollister,OK,40141,
35800,Homestead,OK,40011,
35850,Hominy,OK,40113,
35875,Honey Hill,OK,40001,
36000,Hooker,OK,40139,
36020,Hoot Owl,OK,40097,
36050,Hopeton,OK,40151,
36090,Horntown,OK,40063,
36115,Hough,OK,40139,
36150,Howe,OK,40079,
36200,Hoyt,OK,40061,
36300,Hugo,OK,40023,
36400,Hulbert,OK,40021,
36600,Hunter,OK,40047,
36700,Hydro,OK,40011 40015,
36750,Idabel,OK,40089,
36850,Indiahoma,OK,40031,
36945,Indianola,OK,40041,
36950,Indianola,OK,40121,
37000,Ingalls,OK,40119,
37100,Inola,OK,40131,
37275,Iron Post,OK,40097,
37350,Isabella,OK,40093,
37410,IXL,OK,40107,
37650,Jay,OK,40041,
37750,Jefferson,OK,40053,
37800,Jenks,OK,40143,
37850,Jennings,OK,40117,
38000,Jet,OK,40003,
38200,Johnson,OK,40125,
38201,Johnson Prairie,OK,40021,
38350,Jones,OK,40109,
38475,Justice,OK,40131,
38600,Kansas,OK,40041,
38700,Katie,OK,40049,
38800,Kaw City,OK,40071,
38850,Keefton,OK,40101,
39000,Kellyville,OK,40037,
39050,Kemp,OK,40013,
39150,Kendrick,OK,40081,
39200,Kenefic,OK,40013,
39400,Kenton,OK,40025,
39450,Kenwood,OK,40041 40097,
39500,Keota,OK,40061,
39550,Ketchum,OK,40035 40041 40097,
39600,Keyes,OK,40025,
39625,Keys,OK,40021,
39750,Kiefer,OK,40037,
39800,Kildare,OK,40071,
39850,Kingfisher,OK,40073,
39900,Kingston,OK,40095,
39950,Kinta,OK,40061,
40000,Kiowa,OK,40121,
40100,Knowles,OK,40007,
40200,Konawa,OK,40133,
40300,Krebs,OK,40121,
40400,Kremlin,OK,40047,
40700,Lahoma,OK,40047,
40800,Lake Aluma,OK,40109,
40875,Lake Ellsworth Addition,OK,40031,
41050,Lakeside Village,OK,40031,
41250,Lamar,OK,40063,
41300,Lambert,OK,40003,
41350,Lamont,OK,40053,
41400,Lane,OK,40005,
41500,Langley,OK,40035 40097,
41550,Langston,OK,40083,
41680,Latta,OK,40123,
41700,Laverne,OK,40059,
41760,Lawrence Creek,OK,40037,
41850,Lawton,OK,40031,
41856,Lawtonka Acres,OK,40031,
41900,Leach,OK,40041,
41950,Lebanon,OK,40095,
42050,Leedey,OK,40043,
42150,Le Flore,OK,40079,
42200,Lehigh,OK,40029,
42300,Lenapah,OK,40105,
42450,Leon,OK,40085,
42500,Leonard,OK,40143,
42600,Lequire,OK,40061,
42700,Lexington,OK,40027,
42850,Liberty,OK,40135,
42860,Liberty,OK,40111 40143,
43000,Lima,OK,40133,
43057,Limestone,OK,40131,
43150,Lindsay,OK,40049,
43400,Little City,OK,40095,
43425,Little Ponderosa,OK,40007,
43442,Little Rock,OK,40097,
43450,Loco,OK,40137,
43500,Locust Grove,OK,40097,
43725,Lone Chimney,OK,40117,
43750,Lone Grove,OK,40019,
43850,Lone Wolf,OK,40075,
43900,Long,OK,40135,
43950,Longdale,OK,40011,
43975,Longtown,OK,40121,
44000,Lookeba,OK,40015,
44075,Lost City,OK,40021,
44100,Lotsee,OK,40143,
44150,Loveland,OK,40141,
44200,Lovell,OK,40083,
44275,Lowrey,OK,40021,
44300,Loyal,OK,40073,
44350,Lucien,OK,40103,
44500,Luther,OK,40109,
44775,Lyons Switch,OK,40001,
44800,McAlester,OK,40121,
44900,McBride,OK,40095,
44925,McCord,OK,40113,
44950,McCurtain,OK,40061,
45350,McLoud,OK,40125,
45500,Macomb,OK,40125,
45750,Madill,OK,40095,
45930,Mallard Bay,OK,40145,
46000,Manchester,OK,40053,
46050,Mangum,OK,40055,
46150,Manitou,OK,40141,
46200,Mannford,OK,40037 40117 40143,
46300,Mannsville,OK,40069,
46400,Maramec,OK,40117,
46450,Marble City,OK,40135,
46488,Marietta,OK,40001,
46500,Marietta,OK,40085,
46550,Marland,OK,40103,
46600,Marlow,OK,40137,
46650,Marshall,OK,40083,
46700,Martha,OK,40065,
46900,Maud,OK,40125 40133,
47000,May,OK,40059,
47150,Maysville,OK,40049 40087,
47200,Mazie,OK,40097,
47250,Mead,OK,40013,
47300,Medford,OK,40053,
47350,Medicine Park,OK,40031,
47450,Meeker,OK,40081,
47550,Mehan,OK,40119,
47750,Meno,OK,40093,
47800,Meridian,OK,40083,
48000,Miami,OK,40115,
48100,Middleberg,OK,40051,
48350,Midwest City,OK,40109,
48400,Milburn,OK,40069,
48450,Milfay,OK,40037,
48500,Mill Creek,OK,40069,
48600,Millerton,OK,40089,
48750,Minco,OK,40051,
49000,Moffett,OK,40135,
49050,Monroe,OK,40079,
49100,Moodys,OK,40021,
49200,Moore,OK,40027,
49250,Mooreland,OK,40153,
49400,Morris,OK,40111,
49450,Morrison,OK,40103,
49550,Mounds,OK,40037 40111,
49600,Mountain Park,OK,40075,
49650,Mountain View,OK,40075,
49750,Moyers,OK,40127,
49825,Mulberry,OK,40001,
49850,Muldrow,OK,40135,
49860,Mule Barn,OK,40117,
49900,Mulhall,OK,40083 40119,
49950,Murphy,OK,40097,
50050,Muskogee,OK,40101,
50100,Mustang,OK,40017,
50150,Mutual,OK,40153,
50200,Narcissa,OK,40115,
50250,Nardin,OK,40071,
50300,Nash,OK,40053,
50350,Nashoba,OK,40127,
50800,Nelagoney,OK,40113,
50975,Nescatunga,OK,40003,
51050,New Alluwe,OK,40105,
51150,Newcastle,OK,40087,
51250,New Cordell,OK,40149,
51275,New Eucha,OK,40041,
51300,Newkirk,OK,40071,
51750,New Woodville,OK,40095,
51800,Nichols Hills,OK,40109,
51850,Nicoma Park,OK,40109,
51900,Nicut,OK,40135,
52100,Ninnekah,OK,40051,
52150,Noble,OK,40027,
52450,Norge,OK,40051,
52500,Norman,OK,40027,
52600,North Enid,OK,40047,
52700,North Miami,OK,40115,
52859,Norwood,OK,40021 40101,
52862,Notchietown,OK,40135,
52900,Nowata,OK,40105,
53210,Oak Grove,OK,40117,
53301,Oak Hill-Piney,OK,40041,
53350,Oakhurst,OK,40037 40143,
53400,Oakland,OK,40095,
53550,Oaks,OK,40021 40041,
53600,Oakwood,OK,40043,
53700,Ochelata,OK,40147,
54000,Oilton,OK,40037,
54050,Okarche,OK,40017 40073,
54100,Okay,OK,40145,
54150,Okeene,OK,40011,
54200,Okemah,OK,40107,
55000,Oklahoma City,OK,40017 40027 40109 40125,
55150,Okmulgee,OK,40107 40111,
55200,Oktaha,OK,40101,
55275,Old Eucha,OK,40041,
55285,Old Green,OK,40001,
55350,Olive,OK,40037,
55450,Olustee,OK,40065,
55750,Oologah,OK,40131,
55850,Optima,OK,40139,
56050,Orlando,OK,40083 40119,
56150,Osage,OK,40113,
56650,Owasso,OK,40131 40143,
56800,Paden,OK,40107,
56900,Panama,OK,40079,
56950,Panola,OK,40077,
57100,Paoli,OK,40049,
57150,Paradise Hill,OK,40135,
57300,Park Hill,OK,40021,
57550,Pauls Valley,OK,40049,
57600,Pawhuska,OK,40113,
57650,Pawnee,OK,40117,
57875,Peavine,OK,40001,
57900,Peckham,OK,40071,
57950,Peggs,OK,40021,
58050,Pensacola,OK,40097,
58100,Peoria,OK,40115,
58150,Perkins,OK,40119,
58250,Perry,OK,40103,
58300,Pershing,OK,40113,
58400,Pettit,OK,40021,
58500,Phillips,OK,40029,
58650,Pickett,OK,40123,
58700,Piedmont,OK,40017 40073,
59100,Piney,OK,40001,
59125,Pinhook Corner,OK,40135,
59150,Pink,OK,40125,
59175,Pin Oak Acres,OK,40097,
59350,Pittsburg,OK,40121,
59500,Platter,OK,40013,
59700,Pocasset,OK,40051,
59750,Pocola,OK,40079,
59850,Ponca City,OK,40071,
59950,Pond Creek,OK,40053,
60000,Pontotoc,OK,40069,
60150,Porter,OK,40145,
60250,Porum,OK,40101,
60350,Poteau,OK,40079,
60500,Prague,OK,40081 40125,
60650,Preston,OK,40111,
60750,Proctor,OK,40001,
60850,Prue,OK,40113,
61000,Pryor Creek,OK,40097,
61020,Pump Back,OK,40097,
61113,Pumpkin Hollow,OK,40021,
61150,Purcell,OK,40027 40087,
61250,Putnam,OK,40043,
61400,Quapaw,OK,40115,
61450,Quay,OK,40117 40119,
61500,Quinlan,OK,40153,
61550,Quinton,OK,40121,
61650,Ralston,OK,40117,
61700,Ramona,OK,40147,
61850,Randlett,OK,40033,
61900,Ratliff City,OK,40019,
61950,Rattan,OK,40127,
62000,Ravia,OK,40069,
62100,Reagan,OK,40069,
62200,Redbird,OK,40145,
62275,Redbird Smith,OK,40135,
62550,Red Oak,OK,40077,
62650,Red Rock,OK,40103,
62875,Remy,OK,40135,
62900,Renfrow,OK,40053,
62950,Rentiesville,OK,40091,
63100,Reydon,OK,40129,
63350,Ringling,OK,40067,
63450,Ringwood,OK,40093,
63500,Ripley,OK,40119,
63537,River Bottom,OK,40101,
63600,Rock Island,OK,40079,
63700,Rocky,OK,40149,
63715,Rocky Ford,OK,40021 40041,
63720,Rocky Mountain,OK,40001,
63730,Rocky Point,OK,40145,
63750,Roff,OK,40123,
63800,Roland,OK,40135,
63900,Roosevelt,OK,40075,
63950,Rose,OK,40097,
64000,Rosedale,OK,40087,
64050,Rosston,OK,40059,
64300,Rush Springs,OK,40051,
64600,Ryan,OK,40067,
64850,St. Louis,OK,40125,
64950,Salina,OK,40097,
65000,Sallisaw,OK,40135,
65062,Sams Corner,OK,40097,
65240,Sand Hill,OK,40101,
65250,Sand Point,OK,40013,
65300,Sand Springs,OK,40113 40143,
65400,Sapulpa,OK,40037 40143,
65500,Sasakwa,OK,40133,
65600,Savanna,OK,40121,
65650,Sawyer,OK,40023,
65700,Sayre,OK,40009,
65900,Schulter,OK,40111,
65950,Scipio,OK,40121,
66250,Seiling,OK,40043 40093,
66300,Selman,OK,40059,
66350,Seminole,OK,40133,
66400,Sentinel,OK,40149,
66450,Sequoyah,OK,40131,
66500,Seward,OK,40083,
66510,Shady Grove,OK,40021,
66520,Shady Grove,OK,40091,
66550,Shady Point,OK,40079,
66600,Shamrock,OK,40037,
66650,Sharon,OK,40153,
66750,Shattuck,OK,40045,
66800,Shawnee,OK,40125,
67200,Shidler,OK,40113,
67400,Short,OK,40135,
67550,Silo,OK,40013,
67625,Simms,OK,40101,
67800,Skedee,OK,40117,
67850,Skiatook,OK,40113 40143,
67950,Slaughterville,OK,40027,
68000,Slick,OK,40037,
68200,Smith Village,OK,40109,
68250,Smithville,OK,40089,
68275,Snake Creek,OK,40097,
68400,Snyder,OK,40075,
68500,Soper,OK,40023,
68537,Sour John,OK,40101,
68600,South Coffeyville,OK,40105,
68950,Sparks,OK,40081,
68951,Sparrowhawk,OK,40021,
69000,Spaulding,OK,40063,
69050,Spavinaw,OK,40097,
69200,Spencer,OK,40109,
69300,Sperry,OK,40113 40143,
69350,Spiro,OK,40079,
69392,Sportmans Shores,OK,40097,
69400,Sportsmen Acres,OK,40097,
69500,Springer,OK,40019,
70037,Steely Hollow,OK,40021,
70150,Sterling,OK,40031,
70200,Stidham,OK,40091,
70250,Stigler,OK,40061,
70300,Stillwater,OK,40119,
70350,Stilwell,OK,40001,
70500,Stonewall,OK,40123,
70512,Stoney Point,OK,40135,
70750,Strang,OK,40097,
70800,Stratford,OK,40049,
70850,Stringtown,OK,40005,
70950,Strong City,OK,40129,
71000,Stroud,OK,40037 40081,
71050,Stuart,OK,40063,
71250,Sugden,OK,40067,
71350,Sulphur,OK,40099,
71450,Summit,OK,40101,
71500,Sumner,OK,40103,
71650,Sunray,OK,40137,
71900,Sweetwater,OK,40009 40129,
71950,Swink,OK,40023,
71965,Sycamore,OK,40041,
72050,Taft,OK,40101,
72075,Tagg Flats,OK,40041,
72100,Tahlequah,OK,40021,
72200,Talala,OK,40131,
72250,Talihina,OK,40079,
72350,Taloga,OK,40043,
72400,Tamaha,OK,40061,
72500,Tatums,OK,40019,
72610,Taylor Ferry,OK,40145,
72650,Tecumseh,OK,40125,
72750,Temple,OK,40033,
72775,Tenkiller,OK,40021,
72800,Teresita,OK,40021,
72850,Terlton,OK,40117,
72900,Terral,OK,40067,
72950,Texanna,OK,40091,
73100,Texhoma,OK,40139,
73150,Texola,OK,40009,
73200,Thackerville,OK,40085,
73250,The Village,OK,40109,
73450,Thomas,OK,40039,
73600,Tiawah,OK,40131,
73850,Tipton,OK,40141,
73900,Tishomingo,OK,40069,
73950,Titanic,OK,40001,
74150,Tonkawa,OK,40071,
74159,Tonkawa Tribal Housing,OK,40071,
74180,Toppers,OK,40145,
74400,Tribbey,OK,40125,
74550,Tryon,OK,40081,
74650,Tullahassee,OK,40145,
75000,Tulsa,OK,40113 40131 40143 40145,
75050,Tupelo,OK,40029,
75150,Turley,OK,40143,
75200,Turpin,OK,40007,
75250,Tushka,OK,40005,
75300,Tuskahoma,OK,40127,
75450,Tuttle,OK,40051,
75575,Twin Lakes,OK,40083,
75600,Twin Oaks,OK,40041,
75750,Tyrone,OK,40139,
75950,Union City,OK,40017,
76350,Utica,OK,40013,
76500,Valley Brook,OK,40109,
76600,Valley Park,OK,40131,
76650,Valliant,OK,40089,
76850,Vanoss,OK,40123,
76900,Velma,OK,40137,
76950,Vera,OK,40147,
77000,Verden,OK,40051,
77050,Verdigris,OK,40131,
77150,Vernon,OK,40091,
77250,Vian,OK,40135,
77300,Vici,OK,40043,
77550,Vinita,OK,40035,
77850,Wagoner,OK,40145,
77900,Wainwright,OK,40101,
77950,Wakita,OK,40053,
78150,Walters,OK,40033,
78200,Wanette,OK,40125,
78250,Wann,OK,40105,
78300,Wapanucka,OK,40069,
78350,Wardville,OK,40005,
78400,Warner,OK,40101,
78500,Warr Acres,OK,40109,
78650,Warwick,OK,40081,
78700,Washington,OK,40087,
78750,Washita,OK,40015,
78950,Watonga,OK,40011,
79000,Watova,OK,40105,
79100,Watts,OK,40001,
79150,Wauhillau,OK,40001,
79200,Waukomis,OK,40047,
79250,Waurika,OK,40067,
79300,Wayne,OK,40087,
79350,Waynoka,OK,40151,
79450,Weatherford,OK,40039,
79600,Webb City,OK,40113,
79650,Webbers Falls,OK,40101,
79750,Welch,OK,40035,
79800,Weleetka,OK,40107,
79850,Welling,OK,40021,
79900,Wellston,OK,40081,
80000,Welty,OK,40107,
80230,West Peavine,OK,40001,
80250,Westport,OK,40117,
80350,West Siloam Springs,OK,40041,
80450,Westville,OK,40001,
80500,Wetumka,OK,40063,
80550,Wewoka,OK,40133,
80675,Whippoorwill,OK,40113,
80750,White Eagle,OK,40071,
80800,Whitefield,OK,40061,
80813,Whitehorn Cove,OK,40145,
80850,White Oak,OK,40035,
80900,Whitesboro,OK,40079,
80912,White Water,OK,40041,
80975,Wickliffe,OK,40097,
81000,Wilburton,OK,40077,
81300,Willow,OK,40055,
81500,Wilson,OK,40019,
81575,Winchester,OK,40111,
81750,Wister,OK,40079,
81912,Woodall,OK,40021,
82000,Woodlawn Park,OK,40109,
82150,Woodward,OK,40153,
82200,Wright City,OK,40089,
82250,Wyandotte,OK,40115,
82400,Wynnewood,OK,40049,
82450,Wynona,OK,40113,
82500,Yale,OK,40119,
82650,Yeager,OK,40063,
82950,Yukon,OK,40017,
83030,Zeb,OK,40021,
83050,Zena,OK,40041,
83125,Zion,OK,40001,
00275,Adair Village,OR,41003,
00350,Adams,OR,41059,
00500,Adrian,OR,41045,
01000,Albany,OR,41003 41043,
01650,Aloha,OR,41067,
01700,Alpine,OR,41003,
01800,Alsea,OR,41003,
01850,Altamont,OR,41035,
02000,Amity,OR,41071,
02200,Annex,OR,41045,
02250,Antelope,OR,41065,
02800,Arlington,OR,41021,
03050,Ashland,OR,41029,
03150,Astoria,OR,41007,
03200,Athena,OR,41059,
03250,Aumsville,OR,41047,
03300,Aurora,OR,41047,
03650,Baker City,OR,41001,
03800,Bandon,OR,41011,
03850,Banks,OR,41067,
04000,Barlow,OR,41005,
04125,Barnesdale,OR,41057,
04400,Barview,OR,41011,
04800,Bay City,OR,41057,
04850,Bayshore,OR,41041,
04925,Bayside Gardens,OR,41057,
05150,Beatty,OR,41035,
05200,Beaver,OR,41057,
05250,Beavercreek,OR,41005,
05300,Beaver Marsh,OR,41035,
05350,Beaverton,OR,41067,
05700,Bellfountain,OR,41003,
05800,Bend,OR,41017,
05950,Bethany,OR,41067,
06400,Biggs Junction,OR,41055,
06650,Black Butte Ranch,OR,41017,
06950,Blodgett,OR,41003,
07150,Bly,OR,41035,
07200,Boardman,OR,41049,
07300,Bonanza,OR,41035,
07550,Boring,OR,41005,
08600,Brogan,OR,41045,
08650,Brookings,OR,41015,
08750,Brooks,OR,41047,
09050,Brownsville,OR,41043,
09535,Bull Mountain,OR,41067,
09600,Bunker Hill,OR,41011,
09800,Burns,OR,41025,
10050,Butte Falls,OR,41029,
10100,Butteville,OR,41047,
10550,Camp Sherman,OR,41031,
10750,Canby,OR,41005,
10850,Cannon Beach,OR,41007,
10950,Canyon City,OR,41023,
11000,Canyonville,OR,41019,
11050,Cape Meares,OR,41057,
11150,Carlton,OR,41071,
11600,Cascade Locks,OR,41027,
11700,Cascadia,OR,41043,
11850,Cave Junction,OR,41033,
11900,Cayuse,OR,41059,
12050,Cedar Hills,OR,41067,
12150,Cedar Mill,OR,41051 41067,
12400,Central Point,OR,41029,
12750,Chemult,OR,41035,
12800,Chenoweth,OR,41065,
12850,Cherry Grove,OR,41067,
13000,Cheshire,OR,41039,
13050,Chiloquin,OR,41035,
13750,Clatskanie,OR,41009,
14200,Cloverdale,OR,41057,
14400,Coburg,OR,41039,
14750,Columbia City,OR,41009,
15000,Condon,OR,41021,
15250,Coos Bay,OR,41011,
15350,Coquille,OR,41011,
15550,Cornelius,OR,41067,
15800,Corvallis,OR,41003,
15950,Cottage Grove,OR,41039,
16250,Cove,OR,41061,
16350,Crabtree,OR,41043,
16450,Crane,OR,41025,
16650,Crawfordsville,OR,41043,
16750,Crescent,OR,41035,
16800,Crescent Lake,OR,41035,
16950,Creswell,OR,41039,
16975,Crooked River Ranch,OR,41017 41031,
17300,Culver,OR,41031,
17700,Dallas,OR,41053,
17800,Damascus,OR,41005,
18150,Days Creek,OR,41019,
18250,Dayton,OR,41071,
18300,Dayville,OR,41023,
18450,Deer Island,OR,41009,
18850,Depoe Bay,OR,41041,
19020,Deschutes River Woods,OR,41017,
19100,Detroit,OR,41047,
19250,Dexter,OR,41039,
19600,Dillard,OR,41019,
19650,Dilley,OR,41067,
20100,Donald,OR,41047,
20500,Drain,OR,41019,
20900,Dufur,OR,41065,
21050,Dundee,OR,41071,
21150,Dunes City,OR,41039,
21215,Dunthorpe,OR,41051,
21250,Durham,OR,41067,
21450,Eagle Crest,OR,41017,
21550,Eagle Point,OR,41029,
22200,Echo,OR,41059,
22550,Elgin,OR,41061,
22800,Elkton,OR,41019,
23000,Elmira,OR,41039,
23500,Enterprise,OR,41063,
23550,Eola,OR,41053,
23800,Estacada,OR,41005,
23850,Eugene,OR,41039,
24100,Fair Oaks,OR,41019,
24250,Fairview,OR,41051,
24300,Fairview,OR,41057,
24350,Falcon Heights,OR,41035,
24550,Falls City,OR,41053,
26050,Florence,OR,41039,
26165,Foots Creek,OR,41029,
26200,Forest Grove,OR,41067,
26400,Fort Hill,OR,41053 41071,
26450,Fort Klamath,OR,41035,
26650,Fossil,OR,41069,
26750,Four Corners,OR,41047,
27825,Garden Home-Whitford,OR,41067,
27850,Gardiner,OR,41019,
28000,Garibaldi,OR,41057,
28100,Gaston,OR,41067 41071,
28200,Gates,OR,41043 41047,
28450,Gearhart,OR,41007,
28650,Gervais,OR,41047,
28800,Gilchrist,OR,41035,
29000,Gladstone,OR,41005,
29100,Glasgow,OR,41011,
29350,Glendale,OR,41019,
29750,Glide,OR,41019,
29900,Gold Beach,OR,41015,
29950,Gold Hill,OR,41029,
30165,Gopher Flats,OR,41059,
30250,Government Camp,OR,41005,
30300,Grand Ronde,OR,41053 41071,
30500,Granite,OR,41023,
30550,Grants Pass,OR,41033,
30650,Grass Valley,OR,41055,
30750,Green,OR,41019,
31050,Greenhorn,OR,41001 41023,
31115,Green Meadows,OR,41059,
31250,Gresham,OR,41051,
31600,Haines,OR,41001,
31650,Halfway,OR,41001,
31750,Halsey,OR,41043,
32050,Happy Valley,OR,41005,
32100,Harbor,OR,41015,
32400,Harper,OR,41045,
32550,Harrisburg,OR,41043,
32850,Hayesville,OR,41047,
33100,Hebo,OR,41057,
33150,Heceta Beach,OR,41039,
33250,Helix,OR,41059,
33550,Heppner,OR,41049,
33700,Hermiston,OR,41059,
34100,Hillsboro,OR,41067,
34250,Hines,OR,41025,
34650,Holley,OR,41043,
34900,Hood River,OR,41027,
35450,Hubbard,OR,41047,
35700,Huntington,OR,41001,
35800,Idanha,OR,41043 41047,
35850,Idaville,OR,41057,
36050,Imbler,OR,41061,
36150,Independence,OR,41053,
36400,Ione,OR,41049,
36500,Irrigon,OR,41049,
36750,Island City,OR,41061,
37000,Jacksonville,OR,41029,
37150,Jasper,OR,41039,
37202,Jeffers Gardens,OR,41007,
37250,Jefferson,OR,41047,
37400,Jennings Lodge,OR,41005,
37550,John Day,OR,41023,
37650,Johnson City,OR,41005,
37850,Jordan Valley,OR,41045,
37900,Joseph,OR,41063,
38000,Junction City,OR,41039,
38075,Juniper Canyon,OR,41013,
38150,Juntura,OR,41045,
38500,Keizer,OR,41047,
38750,Keno,OR,41035,
38900,Kerby,OR,41033,
39150,King City,OR,41067,
39350,Kings Valley,OR,41003,
39566,Kirkpatrick,OR,41059,
39700,Klamath Falls,OR,41035,
39850,Knappa,OR,41007,
40050,Labish Village,OR,41047,
40150,Lacomb,OR,41043,
40300,Lafayette,OR,41071,
40350,La Grande,OR,41061,
40550,Lake Oswego,OR,41005 41051 41067,
40650,Lakeside,OR,41011,
40700,Lakeview,OR,41037,
40950,Langlois,OR,41015,
41050,La Pine,OR,41017,
41650,Lebanon,OR,41043,
42200,Lexington,OR,41049,
42550,Lincoln Beach,OR,41041,
42600,Lincoln City,OR,41041,
43400,Lonerock,OR,41021,
43550,Long Creek,OR,41023,
43650,Lookingglass,OR,41019,
43900,Lostine,OR,41063,
44050,Lowell,OR,41039,
44300,Lyons,OR,41043,
44625,McKay,OR,41059,
45000,McMinnville,OR,41071,
45250,Madras,OR,41031,
45400,Malin,OR,41035,
45700,Manzanita,OR,41057,
45750,Mapleton,OR,41039,
45850,Marcola,OR,41039,
45900,Marion,OR,41047,
46100,Marlene Village,OR,41067,
46500,Maupin,OR,41065,
46730,Maywood Park,OR,41051,
46800,Meacham,OR,41059,
47000,Medford,OR,41029,
47300,Mehama,OR,41047,
47350,Melrose,OR,41019,
47650,Merlin,OR,41033,
47700,Merrill,OR,41035,
47750,Metolius,OR,41031,
47800,Metzger,OR,41067,
48150,Mill City,OR,41043 41047,
48300,Millersburg,OR,41043,
48600,Milton-Freewater,OR,41059,
48650,Milwaukie,OR,41005 41051,
49000,Mission,OR,41059,
49150,Mitchell,OR,41069,
49450,Molalla,OR,41005,
49550,Monmouth,OR,41053,
49600,Monroe,OR,41003,
49750,Monument,OR,41023,
50000,Moro,OR,41055,
50050,Mosier,OR,41065,
50150,Mount Angel,OR,41047,
50200,Mount Hood,OR,41027,
50236,Mount Hood Villages,OR,41005,
50250,Mount Vernon,OR,41023,
50450,Mulino,OR,41005,
50950,Myrtle Creek,OR,41019,
51050,Myrtle Point,OR,41011,
51450,Neahkahnie,OR,41057,
51700,Nehalem,OR,41057,
51900,Neotsu,OR,41041,
51950,Nesika Beach,OR,41015,
52000,Neskowin,OR,41057,
52050,Netarts,OR,41057,
52100,Newberg,OR,41071,
52275,New Hope,OR,41033,
52400,New Pine Creek,OR,41037,
52450,Newport,OR,41041,
53000,North Bend,OR,41011,
53150,North Plains,OR,41067,
53300,North Powder,OR,41061,
53750,Nyssa,OR,41045,
53900,Oak Grove,OR,41005,
53988,Oak Hills,OR,41067,
54000,Oakland,OR,41019,
54100,Oakridge,OR,41039,
54325,Oatfield,OR,41005,
54350,O'Brien,OR,41033,
54450,Oceanside,OR,41057,
54527,Ochoco West,OR,41013,
54550,Odell,OR,41027,
54900,Ontario,OR,41045,
55200,Oregon City,OR,41005,
55268,Oregon Shores,OR,41035,
55500,Orient,OR,41051,
56150,Pacific City,OR,41057,
56250,Paisley,OR,41037,
56500,Parkdale,OR,41027,
57150,Pendleton,OR,41059,
57300,Peoria,OR,41043,
57450,Philomath,OR,41003,
57500,Phoenix,OR,41029,
57650,Pilot Rock,OR,41059,
57850,Pine Grove,OR,41065,
57875,Pine Hollow,OR,41065,
58050,Pistol River,OR,41015,
58500,Pleasant Valley,OR,41057,
58550,Plush,OR,41037,
59000,Portland,OR,41005 41051 41067,
59250,Port Orford,OR,41015,
59600,Powers,OR,41011,
59650,Prairie City,OR,41023,
59750,Prescott,OR,41009,
59850,Prineville,OR,41013,
59916,Prineville Lake Acres,OR,41013,
60070,Pronghorn,OR,41017,
60100,Prospect,OR,41029,
60850,Rainier,OR,41009,
60900,Raleigh Hills,OR,41067,
61200,Redmond,OR,41017,
61250,Redwood,OR,41033,
61300,Reedsport,OR,41019,
61550,Rhododendron,OR,41005,
61700,Richland,OR,41001,
61800,Rickreall,OR,41053,
61850,Riddle,OR,41019,
62250,Rivergrove,OR,41005 41067,
62292,River Point,OR,41007,
62300,River Road,OR,41039,
62412,Riverside,OR,41059,
62900,Rockaway Beach,OR,41057,
63010,Rockcreek,OR,41067,
63250,Rocky Point,OR,41035,
63450,Rogue River,OR,41029,
63650,Roseburg,OR,41019,
63660,Roseburg North,OR,41019,
63800,Rose Lodge,OR,41041,
63950,Rowena,OR,41065,
64150,Ruch,OR,41029,
64200,Rufus,OR,41055,
64282,Running Y Ranch,OR,41035,
64600,St. Helens,OR,41009,
64850,St. Paul,OR,41047,
64900,Salem,OR,41047 41053,
65250,Sandy,OR,41005,
65300,San Marine,OR,41041,
65400,Santa Clara,OR,41039,
65450,Saunders Lake,OR,41011,
65500,Scappoose,OR,41009,
65650,Scio,OR,41043,
65800,Scotts Mills,OR,41047,
65950,Seaside,OR,41007,
66150,Selma,OR,41033,
66200,Seneca,OR,41023,
66385,Seventh Mountain,OR,41017,
66550,Shady Cove,OR,41029,
66700,Shaniko,OR,41065,
66900,Shedd,OR,41043,
67050,Sheridan,OR,41071,
67100,Sherwood,OR,41067,
67500,Siletz,OR,41041,
67600,Silver Lake,OR,41037,
67650,Silverton,OR,41047,
67950,Sisters,OR,41017,
68550,Sodaville,OR,41043,
68875,South Lebanon,OR,41043,
69387,Sportsmans Park,OR,41065,
69400,Sprague River,OR,41035,
69450,Spray,OR,41069,
69600,Springfield,OR,41039,
69800,Stafford,OR,41005,
69900,Stanfield,OR,41059,
70200,Stayton,OR,41047,
70700,Sublimity,OR,41047,
70850,Summerville,OR,41061,
70870,Summit,OR,41003,
71000,Sumpter,OR,41001,
71250,Sunriver,OR,41017,
71650,Sutherlin,OR,41019,
71800,Svensen,OR,41007,
71950,Sweet Home,OR,41043,
72400,Takilma,OR,41033,
72500,Talent,OR,41029,
72600,Tangent,OR,41043,
72800,Terrebonne,OR,41017,
72820,Tetherow,OR,41017,
72950,The Dalles,OR,41065,
73225,Three Rivers,OR,41017,
73650,Tigard,OR,41067,
73700,Tillamook,OR,41057,
74000,Toledo,OR,41041,
74400,Trail,OR,41029,
74550,Trent,OR,41039,
74650,Tri-City,OR,41019,
74850,Troutdale,OR,41051,
74950,Tualatin,OR,41005 41067,
75050,Tumalo,OR,41017,
75150,Turner,OR,41047,
75185,Tutuilla,OR,41059,
75500,Tygh Valley,OR,41065,
75550,Ukiah,OR,41059,
75600,Umapine,OR,41059,
75650,Umatilla,OR,41059,
75850,Union,OR,41061,
76250,Unity,OR,41001,
76600,Vale,OR,41045,
77050,Veneta,OR,41039,
77250,Vernonia,OR,41009,
78000,Waldport,OR,41041,
78150,Wallowa,OR,41063,
78160,Wallowa Lake,OR,41063,
78300,Wamic,OR,41065,
78600,Warm Springs,OR,41031,
78800,Warren,OR,41009,
78900,Warrenton,OR,41007,
78950,Wasco,OR,41055,
79050,Waterloo,OR,41043,
79500,Wedderburn,OR,41015,
79950,Westfir,OR,41039,
80025,West Haven-Sylvan,OR,41051 41067,
80150,West Linn,OR,41005,
80350,Weston,OR,41059,
80400,Westport,OR,41007,
80750,West Scio,OR,41043,
80900,West Slope,OR,41067,
81300,Wheeler,OR,41057,
81450,White City,OR,41029,
82350,Willamina,OR,41053 41071,
82450,Williams,OR,41033,
82800,Wilsonville,OR,41005 41067,
82850,Wimer,OR,41029,
83050,Winchester Bay,OR,41019,
83400,Winston,OR,41019,
83750,Woodburn,OR,41047,
83950,Wood Village,OR,41051,
84200,Yachats,OR,41041,
84250,Yamhill,OR,41071,
84600,Yoncalla,OR,41019,
00100,Aaronsburg,PA,42027,
00104,Aaronsburg,PA,42125,
00116,Abbottstown,PA,42001,
00244,Ackermanville,PA,42095,
00276,Acosta,PA,42111,
00332,Adamsburg,PA,42129,
00364,Adamstown,PA,42011 42071,
00372,Adamsville,PA,42039,
00396,Addison,PA,42111,
00540,Akron,PA,42071,
00572,Alba,PA,42015,
00628,Albion,PA,42049,
00652,Albrightsville,PA,42025,
00660,Alburtis,PA,42077,
00676,Aldan,PA,42045,
00756,Alexandria,PA,42061,
00764,Alfarata,PA,42087,
00820,Aliquippa,PA,42007,
00924,Alleghenyville,PA,42011,
00980,Allenport,PA,42061,
00988,Allenport,PA,42125,
01004,Allensville,PA,42087,
02000,Allentown,PA,42077,
02016,Allenwood,PA,42119,
02040,Allison,PA,42051,
02056,Allison Park,PA,42003,
02072,Allport,PA,42033,
02088,Almedia,PA,42037,
02128,Alsace Manor,PA,42011,
02144,Altamont,PA,42107,
02184,Altoona,PA,42013,
02216,Alverda,PA,42063,
02264,Ambler,PA,42091,
02288,Ambridge,PA,42007,
02296,Ambridge Heights,PA,42007,
02349,Amity Gardens,PA,42011,
02416,Ancient Oaks,PA,42077,
02424,Andalusia,PA,42017,
02608,Annville,PA,42075,
02720,Apollo,PA,42005,
02752,Applewold,PA,42005,
02826,Arcadia University,PA,42091,
02832,Archbald,PA,42069,
02896,Ardmore,PA,42045 42091,
02928,Arendtsville,PA,42001,
02968,Aristes,PA,42037,
03008,Arlington Heights,PA,42089,
03032,Armagh,PA,42063,
03088,Arnold,PA,42129,
03096,Arnold City,PA,42051,
03104,Arnot,PA,42117,
03120,Arona,PA,42129,
03264,Ashland,PA,42037 42107,
03272,Ashley,PA,42079,
03296,Ashville,PA,42021,
03312,Aspers,PA,42001,
03320,Aspinwall,PA,42003,
03384,Atglen,PA,42029,
03392,Athens,PA,42015,
03424,Atkinson Mills,PA,42087,
03440,Atlantic,PA,42039,
03464,Atlas,PA,42097,
03472,Atlasburg,PA,42125,
03480,Atwood,PA,42005,
03488,Auburn,PA,42107,
03544,Audubon,PA,42091,
03576,Austin,PA,42105,
03608,Avalon,PA,42003,
03616,Avella,PA,42125,
03632,Avis,PA,42035,
03640,Avoca,PA,42079,
03648,Avon,PA,42075,
03656,Avondale,PA,42029,
03676,Avonia,PA,42049,
03688,Avonmore,PA,42129,
03736,Baden,PA,42007,
03768,Baidland,PA,42125,
03792,Baileyville,PA,42027,
03800,Bainbridge,PA,42071,
03816,Bairdford,PA,42003,
03864,Bakerstown,PA,42003,
03895,Bala Cynwyd,PA,42091,
03904,Bald Eagle,PA,42013,
03928,Baldwin,PA,42003,
03984,Bally,PA,42011,
04032,Bangor,PA,42095,
04136,Barkeyville,PA,42121,
04344,Barrville,PA,42087,
04432,Bath,PA,42095,
04488,Baumstown,PA,42011,
04568,Beallsville,PA,42125,
04599,Bear Creek Village,PA,42079,
04608,Bear Lake,PA,42123,
04616,Bear Rocks,PA,42051,
04688,Beaver,PA,42007,
04768,Beaverdale,PA,42021,
04792,Beaver Falls,PA,42007,
04816,Beaver Meadows,PA,42025,
04824,Beaver Springs,PA,42109,
04832,Beavertown,PA,42013,
04848,Beavertown,PA,42109,
04896,Bechtelsville,PA,42011,
04944,Bedford,PA,42009,
04984,Beech Creek,PA,42035,
05028,Beech Mountain Lakes,PA,42079,
05152,Belfast,PA,42095,
05216,Bell Acres,PA,42003,
05256,Bellefonte,PA,42027,
05288,Belle Vernon,PA,42051,
05304,Belleville,PA,42087,
05312,Bellevue,PA,42003,
05384,Bellwood,PA,42013,
05400,Belmont,PA,42021,
05464,Belsano,PA,42021,
05504,Ben Avon,PA,42003,
05520,Ben Avon Heights,PA,42003,
05536,Bendersville,PA,42001,
05648,Benson,PA,42111,
05672,Bentleyville,PA,42125,
05680,Benton,PA,42037,
05776,Berlin,PA,42111,
05848,Bernville,PA,42011,
05856,Berrysburg,PA,42043,
05888,Berwick,PA,42037,
05904,Berwyn,PA,42029,
05936,Bessemer,PA,42073,
05976,Bethany,PA,42127,
06000,Bethel,PA,42011,
06064,Bethel Park,PA,42003,
06088,Bethlehem,PA,42077 42095,
06171,Beurys Lake,PA,42107,
06236,Big Bass Lake,PA,42069 42127,
06240,Big Beaver,PA,42007,
06280,Bigler,PA,42033,
06296,Biglerville,PA,42001,
06344,Big Run,PA,42065,
06490,Birchwood Lakes,PA,42103,
06496,Bird-in-Hand,PA,42071,
06504,Birdsboro,PA,42011,
06560,Birmingham,PA,42061,
06744,Black Lick,PA,42063,
06824,Blain,PA,42099,
06832,Blain City,PA,42033,
06848,Blaine Hill,PA,42003,
06904,Blairsville,PA,42063,
06928,Blakely,PA,42069,
06960,Blanchard,PA,42027,
06976,Blandburg,PA,42021,
06984,Blandon,PA,42011,
07000,Blawnox,PA,42003,
07040,Bloomfield,PA,42099,
07072,Blooming Glen,PA,42017,
07120,Blooming Valley,PA,42039,
07128,Bloomsburg,PA,42037,
07160,Blossburg,PA,42117,
07208,Blue Ball,PA,42071,
07224,Blue Bell,PA,42091,
07272,Blue Knob,PA,42013,
07312,Blue Ridge Summit,PA,42055,
07368,Boalsburg,PA,42027,
07384,Bobtown,PA,42059,
07472,Boiling Springs,PA,42041,
07480,Bolivar,PA,42129,
07560,Bonneauville,PA,42001,
07616,Boothwyn,PA,42045,
07688,Boston,PA,42003,
07712,Boswell,PA,42111,
07800,Bowers,PA,42011,
07880,Bowmanstown,PA,42025,
07896,Bowmansville,PA,42071,
07944,Boyers,PA,42019,
07960,Boyertown,PA,42011,
07976,Brackenridge,PA,42003,
07992,Braddock,PA,42003,
08008,Braddock Hills,PA,42003,
08024,Bradenville,PA,42129,
08040,Bradford,PA,42083,
08064,Bradford Woods,PA,42003,
08208,Branchdale,PA,42107,
08240,Brandonville,PA,42107,
08312,Brave,PA,42059,
08392,Breinigsville,PA,42077,
08416,Brentwood,PA,42003,
08432,Bressler,PA,42043,
08472,Briar Creek,PA,42037,
08504,Brickerville,PA,42071,
08568,Bridgeport,PA,42091,
08624,Bridgeville,PA,42003,
08632,Bridgewater,PA,42007,
08744,Brisbin,PA,42033,
08760,Bristol,PA,42017,
08819,Brittany Farms-The Highlands,PA,42017,
08896,Broad Top City,PA,42061,
08952,Brockton,PA,42107,
08960,Brockway,PA,42065,
09000,Brodheadsville,PA,42089,
09080,Brookhaven,PA,42045,
09196,Brooks Mill,PA,42013,
09224,Brookville,PA,42065,
09248,Broomall,PA,42045,
09304,Browndale,PA,42127,
09400,Brownstown,PA,42021,
09416,Brownstown,PA,42071,
09432,Brownsville,PA,42051,
09496,Browntown,PA,42079,
09528,Bruin,PA,42019,
09696,Bryn Athyn,PA,42091,
09728,Bryn Mawr,PA,42045 42091,
09792,Buckhorn,PA,42037,
09896,Buck Run,PA,42107,
09944,Buena Vista,PA,42003,
10096,Buffington,PA,42051,
10128,Bulger,PA,42125,
10208,Bunola,PA,42003,
10224,Burgettstown,PA,42125,
10240,Burlington,PA,42015,
10256,Burnham,PA,42087,
10280,Burnside,PA,42033,
10328,Burnt Cabins,PA,42057,
10464,Butler,PA,42019,
10600,Byrnedale,PA,42047,
10720,Cairnbrook,PA,42111,
10768,California,PA,42125,
10792,Callensburg,PA,42031,
10800,Callery,PA,42019,
10808,Callimont,PA,42111,
10816,Caln,PA,42029,
10832,Calumet,PA,42129,
10908,Cambridge,PA,42071,
10912,Cambridge Springs,PA,42039,
10960,Campbelltown,PA,42075,
11000,Camp Hill,PA,42041,
11072,Canadohta Lake,PA,42039,
11088,Canan Station,PA,42013,
11136,Canoe Creek,PA,42013,
11152,Canonsburg,PA,42125,
11160,Canton,PA,42015,
11232,Carbondale,PA,42069,
11272,Carlisle,PA,42041,
11280,Carlisle Barracks,PA,42041,
11328,Carmichaels,PA,42059,
11336,Carnegie,PA,42003,
11348,Carnot-Moon,PA,42003,
11456,Carrolltown,PA,42021,
11472,Carroll Valley,PA,42001,
11492,Carson Valley,PA,42013,
11544,Casanova,PA,42027,
11576,Cashtown,PA,42001,
11616,Cassandra,PA,42021,
11624,Casselman,PA,42111,
11632,Cassville,PA,42061,
11648,Castanea,PA,42035,
11680,Castle Shannon,PA,42003,
11720,Catasauqua,PA,42077,
11736,Catawissa,PA,42037,
11804,Cecil-Bishop,PA,42125,
11836,Cedar Crest,PA,42087,
11976,Cementon,PA,42077,
12104,Centerport,PA,42011,
12184,Centerville,PA,42039,
12224,Centerville,PA,42125,
12296,Central City,PA,42111,
12312,Centralia,PA,42037,
12376,Centre Hall,PA,42027,
12424,Cetronia,PA,42077,
12440,Chadds Ford,PA,42029 42045,
12496,Chalfant,PA,42003,
12504,Chalfont,PA,42017,
12512,Chalkhill,PA,42051,
12536,Chambersburg,PA,42055,
12656,Chapman,PA,42095,
12704,Charleroi,PA,42125,
12768,Charlottsville,PA,42013,
12864,Chase,PA,42079,
12973,Cheltenham Village,PA,42091,
13120,Cherry Tree,PA,42063,
13152,Cherry Valley,PA,42019,
13168,Cherryville,PA,42095,
13208,Chester,PA,42045,
13216,Chesterbrook,PA,42029,
13232,Chester Heights,PA,42045,
13240,Chester Hill,PA,42033,
13336,Chestnut Hill,PA,42095,
13384,Chest Springs,PA,42021,
13392,Cheswick,PA,42003,
13400,Chevy Chase Heights,PA,42063,
13408,Chewton,PA,42073,
13418,Cheyney University,PA,42029 42045,
13440,Chicora,PA,42019,
13480,Chinchilla,PA,42069,
13512,Christiana,PA,42071,
13596,Church Hill,PA,42087,
13608,Churchill,PA,42003,
13632,Churchtown,PA,42071,
13648,Churchville,PA,42017,
13704,Clairton,PA,42003,
13728,Clappertown,PA,42013,
13768,Clarence,PA,42027,
13776,Clarendon,PA,42123,
13800,Clarion,PA,42031,
13832,Clark,PA,42085,
13864,Clarks Green,PA,42069,
13880,Clarks Summit,PA,42069,
13896,Clarksville,PA,42059,
13952,Clay,PA,42071,
13992,Claysburg,PA,42013,
14000,Claysville,PA,42125,
14064,Clearfield,PA,42033,
14152,Clearville,PA,42009,
14160,Cleona,PA,42075,
14264,Clifton Heights,PA,42045,
14296,Clinton,PA,42003,
14312,Clinton,PA,42005,
14368,Clintondale,PA,42035,
14376,Clintonville,PA,42121,
14520,Clymer,PA,42063,
14568,Coal Center,PA,42125,
14584,Coaldale,PA,42009,
14600,Coaldale,PA,42107,
14640,Coalmont,PA,42061,
14656,Coalport,PA,42033,
14712,Coatesville,PA,42029,
14760,Coburn,PA,42027,
14800,Cochranton,PA,42039,
14808,Cochranville,PA,42029,
14896,Cokeburg,PA,42125,
15192,Collegeville,PA,42091,
15232,Collingdale,PA,42045,
15248,Collinsburg,PA,42129,
15328,Colonial Park,PA,42043,
15368,Colony Park,PA,42011,
15384,Columbia,PA,42071,
15400,Columbus,PA,42123,
15416,Colver,PA,42021,
15432,Colwyn,PA,42045,
15464,Commodore,PA,42063,
15479,Conashaugh Lakes,PA,42103,
15584,Conestoga,PA,42071,
15680,Confluence,PA,42111,
15744,Conneaut Lake,PA,42039,
15755,Conneaut Lakeshore,PA,42039,
15760,Conneautville,PA,42039,
15776,Connellsville,PA,42051,
15808,Connoquenessing,PA,42019,
15848,Conshohocken,PA,42091,
15860,Continental Courts,PA,42027,
15872,Conway,PA,42007,
15888,Conyngham,PA,42079,
16056,Coopersburg,PA,42077,
16080,Cooperstown,PA,42121,
16128,Coplay,PA,42077,
16136,Coral,PA,42063,
16144,Coraopolis,PA,42003,
16256,Cornwall,PA,42075,
16272,Cornwells Heights,PA,42017,
16296,Corry,PA,42049,
16304,Corsica,PA,42065,
16432,Cotton Town,PA,42013,
16448,Coudersport,PA,42105,
16456,Coulter,PA,42003,
16568,Courtdale,PA,42079,
16590,Cove Forge,PA,42013,
16816,Crabtree,PA,42129,
16848,Crafton,PA,42003,
16960,Cranesville,PA,42049,
17024,Creekside,PA,42063,
17040,Crenshaw,PA,42065,
17136,Cresson,PA,42021,
17152,Cressona,PA,42107,
17320,Cross Creek,PA,42125,
17368,Cross Keys,PA,42013,
17416,Cross Roads,PA,42133,
17440,Crown,PA,42031,
17448,Croydon,PA,42017,
17528,Crucible,PA,42059,
17624,Culp,PA,42013,
17680,Cumbola,PA,42107,
17784,Curryville,PA,42013,
17832,Curtisville,PA,42003,
17840,Curwensville,PA,42033,
17976,Daisytown,PA,42021,
18000,Dale,PA,42021,
18048,Dallas,PA,42079,
18072,Dallastown,PA,42133,
18080,Dalmatia,PA,42097,
18088,Dalton,PA,42069,
18136,Danville,PA,42093,
18152,Darby,PA,42045,
18192,Darlington,PA,42007,
18256,Dauberville,PA,42011,
18272,Dauphin,PA,42043,
18312,Davidsville,PA,42111,
18360,Dawson,PA,42051,
18400,Dayton,PA,42005,
18496,Deemston,PA,42125,
18568,Deer Lake,PA,42051,
18576,Deer Lake,PA,42107,
18608,Defiance,PA,42009,
18664,Delano,PA,42107,
18736,Delaware Water Gap,PA,42089,
18768,Delmont,PA,42129,
18800,Delta,PA,42133,
18888,Denver,PA,42071,
18960,Derry,PA,42129,
18998,DeSales University,PA,42077,
19040,Devon,PA,42029,
19048,Dewart,PA,42097,
19160,Dickson City,PA,42069,
19208,Dillsburg,PA,42133,
19232,Dilworthtown,PA,42029 42045,
19304,Distant,PA,42005,
19344,Dixonville,PA,42063,
19432,Donaldson,PA,42107,
19472,Donegal,PA,42129,
19536,Donora,PA,42125,
19576,Dormont,PA,42003,
19584,Dorneyville,PA,42077,
19632,Dorseyville,PA,42003,
19680,Douglassville,PA,42011,
19696,Dover,PA,42133,
19752,Downingtown,PA,42029,
19784,Doylestown,PA,42017,
19856,Dravosburg,PA,42003,
19920,Drexel Hill,PA,42045,
19960,Drifting,PA,42033,
19976,Driftwood,PA,42023,
20080,Dry Tavern,PA,42059,
20096,Dryville,PA,42011,
20104,Dublin,PA,42017,
20136,DuBois,PA,42033,
20144,Duboistown,PA,42081,
20152,Dudley,PA,42061,
20214,Dumb Hundred,PA,42013,
20216,Dunbar,PA,42051,
20240,Duncannon,PA,42099,
20248,Duncansville,PA,42013,
20328,Dunlevy,PA,42125,
20336,Dunlo,PA,42021,
20352,Dunmore,PA,42069,
20416,Dunnstown,PA,42035,
20424,Dupont,PA,42079,
20432,Duquesne,PA,42003,
20512,Duryea,PA,42079,
20528,Dushore,PA,42113,
20600,Eagle,PA,42029,
20604,Eagle Creek,PA,42027,
20634,Eagle Lake,PA,42069,
20648,Eagles Mere,PA,42113,
20662,Eagleview,PA,42029,
20664,Eagleville,PA,42027,
20672,Eagleville,PA,42091,
20704,Earlston,PA,42009,
20752,East Altoona,PA,42013,
20776,East Bangor,PA,42095,
20792,East Berlin,PA,42001,
20800,East Berwick,PA,42079,
20840,East Brady,PA,42031,
20904,East Butler,PA,42019,
20992,East Conemaugh,PA,42021,
21064,East Earl,PA,42071,
21176,East Freedom,PA,42013,
21200,East Greenville,PA,42091,
21384,East Lansdowne,PA,42045,
21400,Eastlawn Gardens,PA,42095,
21444,East McKeesport,PA,42003,
21472,East Marianna,PA,42125,
21648,Easton,PA,42095,
21688,East Petersburg,PA,42071,
21712,East Pittsburgh,PA,42003,
21728,East Prospect,PA,42133,
21752,East Rochester,PA,42007,
21792,East Salem,PA,42067,
21808,East Sharpsburg,PA,42013,
21816,East Side,PA,42025,
21848,East Smithfield,PA,42015,
21872,East Stroudsburg,PA,42089,
21960,East Uniontown,PA,42051,
21968,Eastvale,PA,42007,
21976,East Vandergrift,PA,42129,
22016,East Washington,PA,42125,
22024,East Waterford,PA,42067,
22104,East York,PA,42133,
22128,Eau Claire,PA,42019,
22144,Ebensburg,PA,42021,
22264,Economy,PA,42007,
22280,Eddington,PA,42017,
22296,Eddystone,PA,42045,
22344,Edenborn,PA,42051,
22352,Edenburg,PA,42011,
22520,Edgewood,PA,42003,
22528,Edgewood,PA,42097,
22576,Edgeworth,PA,42003,
22600,Edie,PA,42111,
22608,Edinboro,PA,42049,
22616,Edinburg,PA,42073,
22672,Edwardsville,PA,42079,
22680,Effort,PA,42089,
22696,Egypt,PA,42077,
22712,Ehrenfeld,PA,42021,
22736,Eighty Four,PA,42125,
22776,Elberta,PA,42013,
22800,Elco,PA,42125,
22832,Elderton,PA,42005,
22856,Eldorado,PA,42013,
22888,Eldred,PA,42083,
22960,Elgin,PA,42049,
22976,Elim,PA,42021,
22992,Elizabeth,PA,42003,
23016,Elizabethtown,PA,42071,
23024,Elizabethville,PA,42043,
23112,Elk Grove,PA,42037,
23128,Elkins Park,PA,42091,
23152,Elkland,PA,42117,
23280,Ellport,PA,42073,
23296,Ellsworth,PA,42125,
23304,Ellwood City,PA,42007 42073,
23360,Elmora,PA,42021,
23392,Elrama,PA,42125,
23440,Elverson,PA,42029,
23472,Elysburg,PA,42097,
23520,Emeigh,PA,42021,
23540,Emerald Lakes,PA,42089,
23560,Emigsville,PA,42133,
23568,Emlenton,PA,42031 42121,
23584,Emmaus,PA,42077,
23600,Emporium,PA,42023,
23616,Emsworth,PA,42003,
23688,Englewood,PA,42107,
23704,Enhaut,PA,42043,
23720,Enlow,PA,42003,
23744,Enola,PA,42041,
23768,Enon Valley,PA,42073,
23832,Ephrata,PA,42071,
24000,Erie,PA,42049,
24040,Ernest,PA,42063,
24088,Espy,PA,42037,
24160,Etna,PA,42003,
24240,Evansburg,PA,42091,
24248,Evans City,PA,42019,
24304,Everett,PA,42009,
24336,Everson,PA,42051,
24392,Exeter,PA,42079,
24432,Export,PA,42129,
24440,Exton,PA,42029,
24448,Eyers Grove,PA,42037,
24488,Factoryville,PA,42131,
24536,Fairchance,PA,42051,
24544,Fairdale,PA,42059,
24560,Fairfield,PA,42001,
24664,Fairhope,PA,42051,
24712,Fairless Hills,PA,42017,
24832,Fairview,PA,42019,
24856,Fairview,PA,42049,
24948,Fairview-Ferndale,PA,42097,
25136,Falls Creek,PA,42033 42065,
25152,Fallston,PA,42007,
25168,Falmouth,PA,42071,
25248,Farmersville,PA,42071,
25280,Farmington,PA,42051,
25360,Farrell,PA,42085,
25376,Farwell,PA,42035,
25416,Fawn Grove,PA,42133,
25420,Fawn Lake Forest,PA,42103,
25424,Faxon,PA,42081,
25456,Fayette City,PA,42051,
25464,Fayetteville,PA,42055,
25496,Feasterville,PA,42017,
25568,Fellsburg,PA,42129,
25584,Felton,PA,42133,
25608,Fenelton,PA,42019,
25680,Ferndale,PA,42021,
25744,Fernville,PA,42037,
25944,Finleyville,PA,42125,
26036,Fisherville,PA,42013,
26232,Fivepointville,PA,42071,
26280,Fleetwood,PA,42011,
26296,Flemington,PA,42035,
26312,Flinton,PA,42021,
26376,Flourtown,PA,42091,
26397,Flying Hills,PA,42011,
26408,Folcroft,PA,42045,
26432,Folsom,PA,42045,
26488,Foot of Ten,PA,42013,
26504,Force,PA,42047,
26512,Ford City,PA,42005,
26520,Ford Cliff,PA,42005,
26560,Forest City,PA,42115,
26592,Forest Hills,PA,42003,
26640,Forest Lake,PA,42115,
26688,Forestville,PA,42019,
26704,Forestville,PA,42107,
26760,Forksville,PA,42113,
26776,Fort Fetter,PA,42013,
26812,Fort Indiantown Gap,PA,42075,
26824,Fort Loudon,PA,42055,
26872,Fort Washington,PA,42091,
26880,Forty Fort,PA,42079,
26960,Foster Brook,PA,42083,
26976,Fostoria,PA,42013,
26984,Foundryville,PA,42037,
27008,Fountain Hill,PA,42077,
27024,Fountain Springs,PA,42107,
27112,Foxburg,PA,42031,
27120,Fox Chapel,PA,42003,
27130,Fox Chase,PA,42011,
27232,Frackville,PA,42107,
27312,Frankfort Springs,PA,42007,
27360,Franklin,PA,42021,
27456,Franklin,PA,42121,
27517,Franklin Forge,PA,42013,
27552,Franklin Park,PA,42003,
27576,Franklintown,PA,42133,
27592,Frankstown,PA,42013,
27616,Frazer,PA,42029,
27641,Fredericksburg,PA,42013,
27648,Fredericksburg,PA,42039,
27656,Fredericksburg,PA,42075,
27672,Fredericktown,PA,42125,
27688,Fredonia,PA,42085,
27696,Freeburg,PA,42109,
27712,Freedom,PA,42007,
27744,Freeland,PA,42079,
27760,Freemansburg,PA,42095,
27784,Freeport,PA,42005,
27872,Frenchville,PA,42033,
27928,Friedens,PA,42111,
27936,Friedensburg,PA,42107,
27968,Friendsville,PA,42115,
27976,Friesville,PA,42013,
28000,Frisco,PA,42007 42073,
28014,Frizzleburg,PA,42073,
28128,Frystown,PA,42011,
28144,Fullerton,PA,42077,
28280,Galeton,PA,42105,
28328,Gallitzin,PA,42021,
28360,Ganister,PA,42013,
28376,Gap,PA,42071,
28456,Garden View,PA,42081,
28488,Gardners,PA,42001,
28520,Garrett,PA,42111,
28600,Gastonville,PA,42125,
28696,Geeseytown,PA,42013,
28720,Geistown,PA,42021,
28752,Genesee,PA,42105,
28768,Geneva,PA,42039,
28824,Georgetown,PA,42007,
28828,Georgetown,PA,42071,
28832,Georgetown,PA,42079,
28960,Gettysburg,PA,42001,
29000,Gibraltar,PA,42011,
29040,Gibsonia,PA,42003,
29088,Gilberton,PA,42107,
29096,Gilbertsville,PA,42091,
29232,Girard,PA,42049,
29264,Girardville,PA,42107,
29392,Glasgow,PA,42007,
29432,Glassport,PA,42003,
29496,Glenburn,PA,42069,
29512,Glen Campbell,PA,42063,
29536,Glendale,PA,42003,
29568,Glendon,PA,42095,
29592,Glenfield,PA,42003,
29632,Glen Hope,PA,42033,
29680,Glen Lyon,PA,42079,
29704,Glenmoore,PA,42029,
29720,Glenolden,PA,42045,
29732,Glen Osborne,PA,42003,
29736,Glen Richey,PA,42033,
29760,Glen Rock,PA,42133,
29800,Glenshaw,PA,42003,
29808,Glenside,PA,42091,
30013,Gold Key Lake,PA,42103,
30016,Goldsboro,PA,42133,
30096,Goodville,PA,42071,
30128,Gordon,PA,42107,
30136,Gordonville,PA,42071,
30192,Gouglersville,PA,42011,
30200,Gouldsboro,PA,42089 42127,
30224,Graceton,PA,42063,
30280,Grampian,PA,42033,
30435,Grantley,PA,42133,
30472,Granville,PA,42087,
30512,Grapeville,PA,42129,
30528,Grassflat,PA,42033,
30600,Gratz,PA,42043,
30628,Gray,PA,42013,
30648,Gray,PA,42111,
30704,Grazierville,PA,42013,
30728,Great Bend,PA,42115,
30896,Greencastle,PA,42055,
31038,Greenfields,PA,42011,
31082,Green Hills,PA,42125,
31088,Green Lane,PA,42091,
31120,Greenock,PA,42003,
31192,Greensboro,PA,42059,
31200,Greensburg,PA,42129,
31208,Greens Landing,PA,42015,
31256,Green Tree,PA,42003,
31328,Greenville,PA,42085,
31368,Greenwood,PA,42013,
31536,Grier City,PA,42107,
31568,Grill,PA,42011,
31592,Grindstone,PA,42051,
31656,Grove City,PA,42085,
31716,Guilford,PA,42055,
31840,Guys Mills,PA,42039,
32024,Halfway House,PA,42091,
32032,Halifax,PA,42043,
32056,Hallam,PA,42133,
32080,Hallstead,PA,42115,
32120,Hamburg,PA,42011,
32280,Hamorton,PA,42029,
32320,Hampton,PA,42001,
32384,Hannasville,PA,42121,
32448,Hanover,PA,42133,
32560,Harford,PA,42115,
32592,Harlansburg,PA,42073,
32600,Harleigh,PA,42079,
32616,Harleysville,PA,42091,
32656,Harmonsburg,PA,42039,
32688,Harmony,PA,42019,
32800,Harrisburg,PA,42043,
32864,Harrison City,PA,42129,
32896,Harrisville,PA,42019,
32936,Hartleton,PA,42119,
32976,Hartstown,PA,42039,
33000,Harveys Lake,PA,42079,
33024,Harwick,PA,42003,
33072,Hasson Heights,PA,42121,
33080,Hastings,PA,42021,
33088,Hatboro,PA,42091,
33112,Hatfield,PA,42091,
33154,Haverford College,PA,42045 42091,
33184,Hawk Run,PA,42033,
33200,Hawley,PA,42127,
33216,Hawthorn,PA,42031,
33312,Haysville,PA,42003,
33328,Hayti,PA,42029,
33364,Hazen,PA,42007,
33408,Hazleton,PA,42079,
33504,Hebron,PA,42075,
33528,Heckscherville,PA,42107,
33576,Hegins,PA,42107,
33592,Heidelberg,PA,42003,
33632,Heidlersburg,PA,42001,
33672,Heilwood,PA,42063,
33744,Hellertown,PA,42095,
33772,Hemlock Farms,PA,42103,
33840,Hendersonville,PA,42125,
33888,Henrietta,PA,42013,
34008,Hereford,PA,42011,
34048,Herminie,PA,42129,
34064,Hermitage,PA,42085,
34080,Herndon,PA,42097,
34144,Hershey,PA,42043,
34256,Hickory,PA,42125,
34308,Hickory Hills,PA,42079,
34592,Highland Park,PA,42087,
34664,Highspire,PA,42043,
34776,Hilldale,PA,42079,
34784,Hiller,PA,42051,
34912,Hillsville,PA,42073,
34992,Hinkletown,PA,42071,
35120,Hokendauqua,PA,42077,
35172,Holiday Pocono,PA,42025,
35224,Hollidaysburg,PA,42013,
35336,Holters Crossing,PA,42027,
35364,Homeacre-Lyndora,PA,42019,
35408,Homer City,PA,42063,
35424,Homestead,PA,42003,
35448,Hometown,PA,42107,
35488,Homewood,PA,42007,
35500,Homewood at Martinsburg,PA,42013,
35520,Honesdale,PA,42127,
35528,Honey Brook,PA,42029,
35576,Hookstown,PA,42007,
35608,Hooversville,PA,42111,
35624,Hop Bottom,PA,42115,
35632,Hopeland,PA,42071,
35648,Hopewell,PA,42009,
35728,Hopwood,PA,42051,
35800,Horsham,PA,42091,
35872,Hostetter,PA,42129,
35888,Houserville,PA,42027,
35896,Houston,PA,42125,
35928,Houtzdale,PA,42033,
35960,Howard,PA,42027,
36064,Hublersburg,PA,42027,
36096,Hudson,PA,42079,
36152,Hughestown,PA,42079,
36160,Hughesville,PA,42081,
36192,Hulmeville,PA,42017,
36232,Hummelstown,PA,42043,
36240,Hummels Wharf,PA,42109,
36288,Hunker,PA,42129,
36352,Hunterstown,PA,42001,
36368,Huntingdon,PA,42061,
36536,Hustontown,PA,42057,
36568,Hyde,PA,42033,
36576,Hyde Park,PA,42011,
36592,Hyde Park,PA,42129,
36616,Hydetown,PA,42039,
36640,Hyndman,PA,42009,
36656,Hyner,PA,42035,
36688,Ickesburg,PA,42099,
36712,Idaville,PA,42001,
36768,Imperial,PA,42003,
36816,Indiana,PA,42063,
36888,Indian Lake,PA,42111,
36904,Indian Mountain Lake,PA,42025 42089,
36921,Indian Rocks,PA,42127,
36940,Industry,PA,42003,
36944,Industry,PA,42007,
37000,Ingram,PA,42003,
37008,Inkerman,PA,42079,
37016,Intercourse,PA,42071,
37024,Iola,PA,42037,
37136,Ironville,PA,42013,
37192,Irvona,PA,42033,
37208,Irwin,PA,42129,
37304,Ivyland,PA,42017,
37496,Jackson Center,PA,42085,
37544,Jacksonville,PA,42027,
37552,Jacksonville,PA,42063,
37584,Jacksonwald,PA,42011,
37640,Jacobus,PA,42133,
37656,James City,PA,42047,
37680,Jamestown,PA,42021,
37696,Jamestown,PA,42085,
37728,Jamison City,PA,42037,
37784,Jeannette,PA,42129,
37792,Jeddo,PA,42079,
37880,Jefferson,PA,42059,
37944,Jefferson,PA,42133,
37955,Jefferson Hills,PA,42003,
38000,Jenkintown,PA,42091,
38048,Jennerstown,PA,42111,
38096,Jermyn,PA,42069,
38104,Jerome,PA,42111,
38128,Jersey Shore,PA,42081,
38152,Jerseytown,PA,42037,
38160,Jessup,PA,42069,
38200,Jim Thorpe,PA,42025,
38240,Joffre,PA,42125,
38248,Johnsonburg,PA,42047,
38288,Johnstown,PA,42021,
38392,Jonestown,PA,42037,
38400,Jonestown,PA,42075,
38514,Jugtown,PA,42013,
38528,Julian,PA,42027,
38632,Juniata Gap,PA,42013,
38640,Juniata Terrace,PA,42087,
38688,Kane,PA,42083,
38744,Kapp Heights,PA,42097,
38768,Karns City,PA,42019,
38776,Karthaus,PA,42033,
39056,Kelayres,PA,42107,
39224,Kempton,PA,42011,
39256,Kenhorst,PA,42011,
39272,Kenilworth,PA,42029,
39280,Kenmar,PA,42081,
39336,Kennerdell,PA,42121,
39352,Kennett Square,PA,42029,
39504,Kerrtown,PA,42039,
39512,Kersey,PA,42047,
39648,Kimberton,PA,42029,
39736,King of Prussia,PA,42091,
39784,Kingston,PA,42079,
39944,Kirkwood,PA,42071,
39960,Kiskimere,PA,42005,
40016,Kistler,PA,42087,
40040,Kittanning,PA,42005,
40072,Klahr,PA,42013,
40136,Klingerstown,PA,42107,
40272,Knox,PA,42031,
40360,Knoxville,PA,42117,
40400,Koppel,PA,42007,
40432,Kratzerville,PA,42109,
40464,Kreamer,PA,42109,
40584,Kulpmont,PA,42097,
40608,Kulpsville,PA,42091,
40656,Kutztown,PA,42011,
40666,Kutztown University,PA,42011,
40680,Kylertown,PA,42033,
40712,Laboratory,PA,42125,
40744,Laceyville,PA,42131,
40848,Laflin,PA,42079,
40948,Lake Arthur Estates,PA,42019,
40960,Lake City,PA,42049,
40981,Lake Heritage,PA,42001,
40982,Lake Latonka,PA,42085,
40988,Lake Meade,PA,42001,
40992,Lakemont,PA,42013,
41032,Lakeside,PA,42115,
41076,Lake Wallenpaupack Estates,PA,42103,
41080,Lake Winola,PA,42131,
41099,Lake Wynonah,PA,42107,
41104,Lamar,PA,42035,
41192,Lampeter,PA,42071,
41216,Lancaster,PA,42071,
41264,Landingville,PA,42107,
41272,Landisburg,PA,42099,
41304,Landisville,PA,42071,
41336,Lanesboro,PA,42115,
41376,Langeloth,PA,42125,
41392,Langhorne,PA,42017,
41416,Langhorne Manor,PA,42017,
41432,Lansdale,PA,42091,
41440,Lansdowne,PA,42045,
41456,Lanse,PA,42033,
41464,Lansford,PA,42025,
41512,Laporte,PA,42113,
41580,Larke,PA,42013,
41608,Larksville,PA,42079,
41680,Latrobe,PA,42129,
41700,Lattimer,PA,42079,
41768,Laureldale,PA,42011,
41832,Laurel Lake,PA,42115,
41834,Laurel Mountain,PA,42129,
41848,Laurel Run,PA,42079,
41856,Laurelton,PA,42119,
41880,Laurys Station,PA,42077,
41904,Lavelle,PA,42107,
41944,Lawnton,PA,42043,
41968,Lawrence,PA,42125,
41992,Lawrence Park,PA,42049,
42016,Lawrenceville,PA,42117,
42032,Lawson Heights,PA,42129,
42136,Leamersville,PA,42013,
42168,Lebanon,PA,42075,
42192,Lebanon South,PA,42075,
42280,Leechburg,PA,42005,
42328,Leeper,PA,42031,
42352,Leesport,PA,42011,
42392,Leetsdale,PA,42003,
42472,Lehighton,PA,42025,
42596,Leith-Hatfield,PA,42051,
42632,Lemont,PA,42027,
42640,Lemont Furnace,PA,42051,
42648,Lemoyne,PA,42041,
42672,Lenape Heights,PA,42005,
42688,Lenhartsville,PA,42011,
42704,Lenkerville,PA,42043,
42776,Leola,PA,42071,
42824,LeRaysville,PA,42015,
42912,Level Green,PA,42129,
42928,Levittown,PA,42017,
42968,Lewisberry,PA,42133,
42976,Lewisburg,PA,42119,
42984,Lewis Run,PA,42083,
43000,Lewistown,PA,42087,
43064,Liberty,PA,42003,
43128,Liberty,PA,42117,
43224,Lightstreet,PA,42037,
43232,Ligonier,PA,42129,
43248,Lilly,PA,42021,
43272,Lima,PA,42045,
43320,Lime Ridge,PA,42037,
43408,Lincoln,PA,42003,
43496,Lincoln Park,PA,42011,
43544,Lincoln University,PA,42029,
43552,Lincolnville,PA,42039,
43628,Linds Crossing,PA,42013,
43656,Linesville,PA,42039,
43672,Linglestown,PA,42043,
43704,Linntown,PA,42119,
43720,Linwood,PA,42045,
43744,Lionville,PA,42029,
43816,Lititz,PA,42071,
43828,Little Britain,PA,42071,
43928,Little Meadows,PA,42115,
43944,Littlestown,PA,42001,
43968,Liverpool,PA,42099,
44048,Llewellyn,PA,42107,
44128,Lock Haven,PA,42035,
44224,Locustdale,PA,42037 42107,
44240,Locust Gap,PA,42097,
44400,Loganton,PA,42035,
44416,Loganville,PA,42133,
44512,Long Branch,PA,42125,
44528,Longfellow,PA,42087,
44632,Loop,PA,42013,
44664,Lorain,PA,42021,
44672,Lorane,PA,42011,
44704,Loretto,PA,42021,
44824,Lower Allen,PA,42041,
44864,Lower Burrell,PA,42129,
45192,Loyalhanna,PA,42129,
45264,Loysville,PA,42099,
45312,Lucerne Mines,PA,42063,
45452,Lumber City,PA,42087,
45512,Luthersburg,PA,42033,
45568,Luzerne,PA,42079,
45592,Lykens,PA,42043,
45732,Lynnwood-Pricedale,PA,42051 42129,
45752,Lyons,PA,42011,
45824,McAdoo,PA,42107,
45848,McAlisterville,PA,42067,
45992,McClure,PA,42109,
46000,McConnellsburg,PA,42057,
46016,McConnellstown,PA,42061,
46072,McDonald,PA,42003 42125,
46112,McElhattan,PA,42035,
46120,McEwensville,PA,42097,
46160,McGovern,PA,42125,
46216,McKean,PA,42049,
46232,McKeansburg,PA,42107,
46240,McKee,PA,42013,
46256,McKeesport,PA,42003,
46264,McKees Rocks,PA,42003,
46272,Mackeyville,PA,42035,
46280,McKinley,PA,42091,
46312,McKnightstown,PA,42001,
46344,McMurray,PA,42125,
46376,McSherrystown,PA,42001,
46392,Macungie,PA,42077,
46400,McVeytown,PA,42087,
46440,Madera,PA,42033,
46488,Madison,PA,42129,
46504,Madisonburg,PA,42027,
46568,Mahaffey,PA,42033,
46592,Mahanoy City,PA,42107,
46696,Mainesburg,PA,42117,
46720,Mainville,PA,42037,
46728,Maitland,PA,42087,
46792,Malvern,PA,42029,
46800,Mammoth,PA,42129,
46864,Manchester,PA,42133,
46888,Manheim,PA,42071,
46944,Manns Choice,PA,42009,
47000,Manor,PA,42129,
47064,Manorville,PA,42005,
47080,Mansfield,PA,42117,
47152,Maple Glen,PA,42091,
47248,Mapleton,PA,42061,
47264,Mapletown,PA,42059,
47344,Marcus Hook,PA,42045,
47400,Marianna,PA,42125,
47404,Marianne,PA,42031,
47416,Marienville,PA,42053,
47424,Marietta,PA,42071,
47464,Marion,PA,42055,
47472,Marion Center,PA,42063,
47480,Marion Heights,PA,42097,
47544,Marklesburg,PA,42061,
47560,Markleysburg,PA,42051,
47600,Marlin,PA,42107,
47672,Mars,PA,42019,
47728,Marshallton,PA,42029,
47736,Marshallton,PA,42097,
47872,Martinsburg,PA,42013,
47880,Martinsburg Junction,PA,42013,
47896,Martins Creek,PA,42095,
47960,Maryd,PA,42107,
47968,Marysville,PA,42099,
48000,Masontown,PA,42051,
48032,Masthope,PA,42103,
48048,Matamoras,PA,42103,
48064,Mather,PA,42059,
48072,Mattawana,PA,42087,
48120,Maxatawny,PA,42011,
48176,Mayfield,PA,42069,
48224,Maytown,PA,42071,
48320,Meadowlands,PA,42125,
48336,Meadowood,PA,42019,
48360,Meadville,PA,42039,
48376,Mechanicsburg,PA,42041,
48448,Mechanicsville,PA,42107,
48480,Media,PA,42045,
48520,Mehoopany,PA,42131,
48600,Melrose Park,PA,42091,
48696,Mercer,PA,42085,
48704,Mercersburg,PA,42055,
48728,Meridian,PA,42019,
48768,Merion Station,PA,42091,
48824,Mertztown,PA,42011,
48856,Meshoppen,PA,42131,
48868,Messiah College,PA,42041,
48904,Mexico,PA,42067,
48912,Meyersdale,PA,42111,
48960,Middleburg,PA,42109,
49048,Middleport,PA,42107,
49128,Middletown,PA,42043,
49144,Middletown,PA,42095,
49184,Midland,PA,42007,
49192,Midland,PA,42125,
49224,Midway,PA,42001,
49240,Midway,PA,42125,
49272,Mifflin,PA,42067,
49288,Mifflinburg,PA,42119,
49304,Mifflintown,PA,42067,
49312,Mifflinville,PA,42037,
49344,Mildred,PA,42113,
49368,Milesburg,PA,42027,
49400,Milford,PA,42103,
49440,Milford Square,PA,42017,
49504,Millbourne,PA,42045,
49552,Mill Creek,PA,42061,
49680,Millersburg,PA,42043,
49704,Millerstown,PA,42013,
49720,Millerstown,PA,42099,
49728,Millersville,PA,42071,
49736,Millerton,PA,42117,
49760,Mill Hall,PA,42035,
49768,Millheim,PA,42027,
49848,Mill Run,PA,42013,
49880,Millsboro,PA,42125,
49920,Millvale,PA,42003,
49936,Mill Village,PA,42049,
49944,Millville,PA,42037,
49960,Millwood,PA,42129,
50000,Milroy,PA,42087,
50016,Milton,PA,42097,
50064,Mineral Springs,PA,42033,
50088,Minersville,PA,42107,
50104,Mingoville,PA,42027,
50160,Misericordia University,PA,42079,
50208,Mocanaqua,PA,42079,
50232,Modena,PA,42029,
50272,Mohnton,PA,42011,
50280,Mohrsville,PA,42011,
50320,Monaca,PA,42007,
50344,Monessen,PA,42129,
50408,Monongahela,PA,42125,
50432,Monroe,PA,42015,
50528,Monroeville,PA,42003,
50544,Mont Alto,PA,42055,
50552,Montandon,PA,42097,
50560,Mont Clare,PA,42091,
50632,Montgomery,PA,42081,
50672,Montgomeryville,PA,42091,
50720,Montoursville,PA,42081,
50736,Montrose,PA,42115,
50748,Montrose Manor,PA,42011,
50760,Monument,PA,42027,
50860,Moores Mill,PA,42013,
50879,Moose Run,PA,42027,
50880,Moosic,PA,42069,
50924,Morea,PA,42107,
51008,Morgan Hill,PA,42095,
51016,Morgantown,PA,42011 42071,
51120,Morrisdale,PA,42033,
51136,Morris Run,PA,42117,
51144,Morrisville,PA,42017,
51152,Morrisville,PA,42059,
51176,Morton,PA,42045,
51208,Moscow,PA,42069,
51240,Moshannon,PA,42027,
51320,Mount Aetna,PA,42011,
51344,Mountainhome,PA,42089,
51384,Mountain Top,PA,42079,
51472,Mount Bethel,PA,42095,
51488,Mount Carbon,PA,42107,
51496,Mount Carmel,PA,42097,
51536,Mount Cobb,PA,42069,
51552,Mount Eagle,PA,42027,
51568,Mount Gretna,PA,42075,
51576,Mount Gretna Heights,PA,42075,
51592,Mount Holly Springs,PA,42041,
51624,Mount Jackson,PA,42073,
51632,Mount Jewett,PA,42083,
51656,Mount Joy,PA,42071,
51720,Mount Morris,PA,42059,
51744,Mount Oliver,PA,42003,
51760,Mount Penn,PA,42011,
51794,Mount Lebanon,PA,42003,
51880,Mount Pleasant,PA,42129,
51904,Mount Pleasant Mills,PA,42109,
51912,Mount Pocono,PA,42089,
51944,Mount Royal,PA,42133,
51984,Mount Union,PA,42061,
52016,Mountville,PA,42071,
52056,Mount Wolf,PA,42133,
52216,Muhlenberg Park,PA,42011,
52224,Muir,PA,42107,
52264,Muncy,PA,42081,
52312,Mundys Corner,PA,42021,
52320,Munhall,PA,42003,
52432,Murrysville,PA,42129,
52440,Muse,PA,42125,
52488,Myerstown,PA,42075,
52584,Nanticoke,PA,42079,
52616,Nanty-Glo,PA,42021,
52632,Naomi,PA,42051,
52664,Narberth,PA,42091,
52760,Natrona,PA,42003,
52768,Natrona Heights,PA,42003,
52808,Nazareth,PA,42095,
52816,Nealmont,PA,42013,
52872,Needmore,PA,42057,
52968,Nemacolin,PA,42059,
52984,Nescopeck,PA,42079,
53088,Nesquehoning,PA,42025,
53152,New Albany,PA,42015,
53160,New Alexandria,PA,42129,
53168,New Baltimore,PA,42111,
53184,New Beaver,PA,42073,
53192,New Bedford,PA,42073,
53200,New Berlin,PA,42119,
53208,New Berlinville,PA,42011,
53248,New Bethlehem,PA,42031,
53272,New Boston,PA,42107,
53288,New Brighton,PA,42007,
53296,New Britain,PA,42017,
53320,New Buffalo,PA,42099,
53328,Newburg,PA,42013,
53336,Newburg,PA,42033,
53344,Newburg,PA,42041,
53368,New Castle,PA,42073,
53392,New Castle Northwest,PA,42073,
53416,New Centerville,PA,42111,
53432,New Columbia,PA,42119,
53448,New Columbus,PA,42079,
53464,New Cumberland,PA,42041,
53496,New Eagle,PA,42125,
53504,Newell,PA,42051,
53544,New Florence,PA,42129,
53568,New Freedom,PA,42133,
53576,New Freeport,PA,42059,
53592,New Galilee,PA,42007,
53696,New Holland,PA,42071,
53712,New Hope,PA,42017,
53728,New Jerusalem,PA,42011,
53736,New Kensington,PA,42129,
53752,New Kingstown,PA,42041,
53768,New Lebanon,PA,42085,
53856,Newmanstown,PA,42075,
53872,New Market,PA,42133,
53880,New Milford,PA,42115,
53916,New Morgan,PA,42011,
53920,New Oxford,PA,42001,
53928,New Paris,PA,42009,
53944,New Philadelphia,PA,42107,
53968,Newport,PA,42099,
54016,New Ringgold,PA,42107,
54024,Newry,PA,42013,
54040,New Salem,PA,42051,
54056,New Salem,PA,42133,
54064,New Schaefferstown,PA,42011,
54104,New Stanton,PA,42129,
54160,Newton Hamilton,PA,42087,
54184,Newtown,PA,42017,
54264,Newtown,PA,42107,
54268,Newtown Grant,PA,42017,
54288,New Tripoli,PA,42077,
54320,Newville,PA,42041,
54344,New Washington,PA,42033,
54352,New Wilmington,PA,42073,
54400,Nicholson,PA,42131,
54440,Nicktown,PA,42021,
54520,Nittany,PA,42027,
54552,Nixon,PA,42019,
54568,Noblestown,PA,42003,
54656,Norristown,PA,42091,
54696,Northampton,PA,42095,
54728,North Apollo,PA,42005,
54776,North Belle Vernon,PA,42129,
54784,North Bend,PA,42035,
54816,North Braddock,PA,42003,
54872,North Catasauqua,PA,42095,
54888,North Charleroi,PA,42125,
54952,North East,PA,42049,
55000,Northern Cambria,PA,42021,
55136,North Irwin,PA,42129,
55304,North Philipsburg,PA,42027,
55440,North Towanda,PA,42015,
55456,Northumberland,PA,42097,
55480,North Vandergrift,PA,42005,
55512,North Wales,PA,42091,
55520,North Warren,PA,42123,
55528,North Washington,PA,42019,
55572,Northwest Harborcreek,PA,42049,
55584,Northwood,PA,42013,
55608,North York,PA,42133,
55616,Norvelt,PA,42129,
55664,Norwood,PA,42045,
55704,Nottingham,PA,42029,
55728,Noxen,PA,42131,
55752,Nuangola,PA,42079,
55792,Numidia,PA,42037,
55808,Nuremberg,PA,42079 42107,
55840,Oakdale,PA,42003,
55969,Oak Hills,PA,42019,
55996,Oakland,PA,42021,
56000,Oakland,PA,42073,
56008,Oakland,PA,42115,
56048,Oak Lane,PA,42091,
56088,Oakmont,PA,42003,
56160,Oaks,PA,42091,
56232,Oakwood,PA,42073,
56264,Oberlin,PA,42043,
56408,Ohiopyle,PA,42051,
56432,Ohioville,PA,42007,
56456,Oil City,PA,42121,
56488,Oklahoma,PA,42033,
56496,Oklahoma,PA,42129,
56576,Old Forge,PA,42069,
56624,Old Orchard,PA,42095,
56664,Oley,PA,42011,
56704,Oliver,PA,42051,
56761,Olivia,PA,42013,
56792,Olyphant,PA,42069,
56816,Oneida,PA,42107,
56912,Orangeville,PA,42037,
56928,Orbisonia,PA,42061,
56960,Orchard Hills,PA,42005,
57016,Ore Hill,PA,42013,
57024,Oreland,PA,42091,
57040,Oreminea,PA,42013,
57112,Orrstown,PA,42055,
57120,Orrtanna,PA,42001,
57160,Orviston,PA,42027,
57184,Orwigsburg,PA,42107,
57192,Orwin,PA,42107,
57232,Osceola Mills,PA,42033,
57280,Oswayo,PA,42105,
57376,Oval,PA,42081,
57480,Oxford,PA,42029,
57544,Paint,PA,42111,
57648,Palmdale,PA,42043,
57680,Palmer Heights,PA,42095,
57696,Palmerton,PA,42025,
57720,Palmyra,PA,42075,
57752,Palo Alto,PA,42107,
57816,Paoli,PA,42029,
57840,Paradise,PA,42071,
57904,Pardeesville,PA,42079,
57928,Paris,PA,42125,
57968,Park Crest,PA,42107,
57976,Parker,PA,42005,
58032,Parkesburg,PA,42029,
58036,Park Forest Village,PA,42027,
58056,Parkhill,PA,42021,
58088,Parkland,PA,42017,
58144,Park Place,PA,42107,
58176,Parkside,PA,42045,
58240,Parkville,PA,42133,
58304,Parryville,PA,42025,
58384,Patterson Heights,PA,42007,
58432,Patton,PA,42021,
58504,Paxtang,PA,42043,
58528,Paxtonia,PA,42043,
58536,Paxtonville,PA,42109,
58696,Pen Argyl,PA,42095,
58712,Penbrook,PA,42043,
58744,Penfield,PA,42033,
58776,Pen Mar,PA,42055,
58872,Penn,PA,42129,
58936,Penndel,PA,42017,
58948,Penn Estates,PA,42089,
58950,Penn Farms,PA,42013,
59040,Penn Hills,PA,42003,
59054,Penn Lake Park,PA,42079,
59120,Pennsburg,PA,42091,
59152,Pennsbury Village,PA,42003,
59160,Penns Creek,PA,42109,
59176,Pennside,PA,42011,
59207,Penn State Berks,PA,42011,
59212,Penn State Erie (Behrend),PA,42049,
59296,Pennville,PA,42133,
59304,Pennwyn,PA,42011,
59312,Penn Wynne,PA,42091,
59344,Penryn,PA,42071,
59384,Perkasie,PA,42017,
59520,Perryopolis,PA,42051,
59580,Peru,PA,42027,
59616,Petersburg,PA,42061,
59672,Petrolia,PA,42019,
60000,Philadelphia,PA,42101,
60008,Philipsburg,PA,42027,
60120,Phoenixville,PA,42029,
60136,Picture Rocks,PA,42081,
60224,Pikes Creek,PA,42079,
60264,Pillow,PA,42043,
60384,Pinecroft,PA,42013,
60432,Pine Glen,PA,42027,
60456,Pine Grove,PA,42107,
60496,Pine Grove Mills,PA,42027,
60547,Pine Ridge,PA,42103,
60550,Pine Run,PA,42007,
60712,Pitcairn,PA,42003,
61000,Pittsburgh,PA,42003,
61048,Pittston,PA,42079,
61080,Plainfield,PA,42041,
61112,Plains,PA,42079,
61168,Platea,PA,42049,
61232,Pleasant Gap,PA,42027,
61312,Pleasant Hill,PA,42075,
61328,Pleasant Hills,PA,42003,
61432,Pleasant View,PA,42005,
61496,Pleasantville,PA,42009,
61512,Pleasantville,PA,42121,
61520,Pleasureville,PA,42133,
61536,Plum,PA,42003,
61624,Plumsteadville,PA,42017,
61632,Plumville,PA,42063,
61648,Plymouth,PA,42079,
61688,Plymouth Meeting,PA,42091,
61704,Plymptonville,PA,42033,
61756,Pocono Mountain Lake Estates,PA,42103,
61768,Pocono Pines,PA,42089,
61773,Pocono Ranch Lands,PA,42103,
61774,Pocono Springs,PA,42127,
61788,Pocono Woodland Lakes,PA,42103,
61864,Point Marion,PA,42051,
61888,Point View,PA,42013,
61936,Polk,PA,42121,
61968,Pomeroy,PA,42029,
62048,Portage,PA,42021,
62088,Port Allegany,PA,42083,
62128,Port Carbon,PA,42107,
62136,Port Clinton,PA,42107,
62224,Portersville,PA,42019,
62264,Portland,PA,42095,
62280,Port Matilda,PA,42027,
62304,Port Royal,PA,42067,
62312,Port Trevorton,PA,42109,
62320,Port Vue,PA,42003,
62340,Potlicker Flats,PA,42087,
62384,Potters Mills,PA,42027,
62396,Pottsgrove,PA,42091,
62416,Pottstown,PA,42091,
62432,Pottsville,PA,42107,
62712,Pringle,PA,42079,
62736,Progress,PA,42043,
62744,Prompton,PA,42127,
62752,Prospect,PA,42019,
62784,Prospect Park,PA,42023,
62792,Prospect Park,PA,42045,
62872,Pughtown,PA,42029,
62896,Pulaski,PA,42073,
62920,Punxsutawney,PA,42065,
62984,Puzzletown,PA,42013,
63009,Pymatuning Central,PA,42039,
63011,Pymatuning North,PA,42039,
63013,Pymatuning South,PA,42039,
63048,Quakertown,PA,42017,
63064,Quarryville,PA,42071,
63116,Queens Gate,PA,42133,
63160,Quentin,PA,42075,
63288,Railroad,PA,42133,
63312,Rainsburg,PA,42009,
63349,Ramblewood,PA,42027,
63360,Ramey,PA,42033,
63408,Rankin,PA,42003,
63416,Ranshaw,PA,42097,
63488,Raubsville,PA,42095,
63496,Rauchtown,PA,42035 42081,
63536,Ravine,PA,42107,
63624,Reading,PA,42011,
63664,Reamstown,PA,42071,
63688,Rebersburg,PA,42027,
63800,Red Hill,PA,42013,
63808,Red Hill,PA,42091,
63840,Red Lion,PA,42133,
63976,Reedsville,PA,42087,
64000,Reese,PA,42013,
64032,Refton,PA,42071,
64056,Rehrersburg,PA,42011,
64072,Reiffton,PA,42011,
64080,Reightown,PA,42013,
64104,Reinerton,PA,42107,
64112,Reinholds,PA,42071,
64176,Renfrew,PA,42019,
64184,Rennerdale,PA,42003,
64188,Renningers,PA,42107,
64200,Renovo,PA,42035,
64224,Republic,PA,42051,
64256,Reservoir,PA,42013,
64288,Revloc,PA,42021,
64296,Rew,PA,42083,
64368,Reynolds Heights,PA,42085,
64376,Reynoldsville,PA,42065,
64392,Rheems,PA,42071,
64432,Rices Landing,PA,42059,
64440,Riceville,PA,42039,
64464,Richboro,PA,42017,
64488,Richfield,PA,42067 42109,
64560,Richland,PA,42075,
64584,Richlandtown,PA,42017,
64656,Riddlesburg,PA,42009,
64784,Ridgway,PA,42047,
64832,Ridley Park,PA,42045,
64856,Riegelsville,PA,42017,
64904,Rimersburg,PA,42031,
65000,Ringtown,PA,42107,
65088,Riverside,PA,42021,
65112,Riverside,PA,42097,
65192,Riverview Park,PA,42011,
65256,Roaring Spring,PA,42013,
65296,Robertsdale,PA,42061,
65328,Robeson Extension,PA,42013,
65336,Robesonia,PA,42011,
65360,Robinson,PA,42063,
65392,Rochester,PA,42007,
65468,Rockdale Acres,PA,42039,
65496,Rockhill,PA,42061,
65568,Rockledge,PA,42091,
65736,Rockwood,PA,42111,
65848,Rogersville,PA,42059,
65864,Rohrerstown,PA,42071,
65872,Rohrsburg,PA,42037,
65944,Rome,PA,42015,
65976,Ronco,PA,42051,
65984,Ronks,PA,42071,
66004,Roots,PA,42013,
66016,Roscoe,PA,42125,
66048,Rosebud,PA,42033,
66144,Rosemont,PA,42045 42091,
66168,Roseto,PA,42095,
66192,Rose Valley,PA,42045,
66232,Roseville,PA,42117,
66256,Roslyn,PA,42091,
66304,Rossiter,PA,42063,
66320,Rosslyn Farms,PA,42003,
66384,Rote,PA,42035,
66392,Rothsville,PA,42071,
66408,Roulette,PA,42105,
66440,Rouseville,PA,42121,
66448,Rouzerville,PA,42055,
66472,Rowes Run,PA,42051,
66560,Royalton,PA,42043,
66568,Royer,PA,42013,
66576,Royersford,PA,42091,
66688,Runville,PA,42027,
66696,Rupert,PA,42037,
66720,Rural Valley,PA,42005,
66808,Russell,PA,42123,
66832,Russellton,PA,42003,
66864,Rutherford,PA,42043,
66928,Rutledge,PA,42045,
67040,Sabinsville,PA,42117,
67104,Sadsburyville,PA,42029,
67120,Saegertown,PA,42039,
67136,Sagamore,PA,42005,
67152,Saginaw,PA,42133,
67192,St. Benedict,PA,42021,
67220,St. Clair,PA,42013,
67224,St. Clair,PA,42107,
67256,St. Clairsville,PA,42009,
67264,St. Davids,PA,42045,
67304,St. Lawrence,PA,42011,
67344,St. Marys,PA,42047,
67352,St. Michael,PA,42021,
67384,St. Petersburg,PA,42031,
67416,St. Vincent College,PA,42129,
67584,Salisbury,PA,42111,
67608,Salix,PA,42021,
67616,Salladasburg,PA,42081,
67624,Salona,PA,42035,
67632,Saltillo,PA,42061,
67648,Saltsburg,PA,42063,
67656,Salunga,PA,42071,
67712,Sanatoga,PA,42091,
67744,Sand Hill,PA,42075,
67784,Sandy,PA,42033,
67848,Sandy Lake,PA,42085,
67872,Sandy Ridge,PA,42027,
67920,Sankertown,PA,42021,
68036,Saw Creek,PA,42089 42103,
68056,Saxonburg,PA,42019,
68072,Saxton,PA,42009,
68088,Saylorsburg,PA,42089,
68096,Sayre,PA,42015,
68104,Scalp Level,PA,42021,
68144,Schaefferstown,PA,42075,
68152,Schellsburg,PA,42009,
68160,Schenley,PA,42005,
68188,Schlusser,PA,42041,
68192,Schnecksville,PA,42077,
68200,Schoeneck,PA,42071,
68248,Schubert,PA,42011,
68312,Schuylkill Haven,PA,42107,
68328,Schwenksville,PA,42091,
68376,Scotland,PA,42055,
68432,Scottdale,PA,42129,
69000,Scranton,PA,42069,
69216,Selinsgrove,PA,42109,
69248,Sellersville,PA,42017,
69256,Seltzer,PA,42107,
69272,Seneca,PA,42121,
69309,Seven Fields,PA,42019,
69336,Seven Springs,PA,42051 42111,
69360,Seven Valleys,PA,42133,
69368,Seward,PA,42129,
69376,Sewickley,PA,42003,
69400,Sewickley Heights,PA,42003,
69416,Sewickley Hills,PA,42003,
69456,Shade Gap,PA,42061,
69600,Shamokin,PA,42097,
69616,Shamokin Dam,PA,42109,
69680,Shanksville,PA,42111,
69715,Shanor-Northvue,PA,42019,
69720,Sharon,PA,42085,
69752,Sharon Hill,PA,42045,
69776,Sharpsburg,PA,42003,
69800,Sharpsville,PA,42085,
69816,Shartlesville,PA,42011,
69832,Shavertown,PA,42079,
69936,Sheakleyville,PA,42085,
69952,Sheatown,PA,42079,
69984,Sheffield,PA,42123,
70020,Shelltown,PA,42013,
70032,Shellytown,PA,42013,
70040,Shelocta,PA,42063,
70056,Shenandoah,PA,42107,
70064,Shenandoah Heights,PA,42107,
70128,Sheppton,PA,42107,
70224,Shickshinny,PA,42079,
70248,Shillington,PA,42011,
70256,Shiloh,PA,42133,
70304,Shinglehouse,PA,42105,
70352,Shippensburg,PA,42041 42055,
70362,Shippensburg University,PA,42041,
70368,Shippenville,PA,42031,
70376,Shippingport,PA,42007,
70384,Shiremanstown,PA,42041,
70408,Shirleysburg,PA,42061,
70464,Shoemakersville,PA,42011,
70568,Shrewsbury,PA,42133,
70608,Sickles Corner,PA,42013,
70640,Sidman,PA,42021,
70652,Sierra View,PA,42089,
70664,Siglerville,PA,42087,
70704,Silkworth,PA,42079,
70744,Silverdale,PA,42017,
70840,Simpson,PA,42069,
70880,Sinking Spring,PA,42011,
70896,Sinnamahoning,PA,42023,
70984,Skelp,PA,42013,
70996,Ski Gap,PA,42013,
71008,Skippack,PA,42091,
71032,Skyline View,PA,42043,
71056,Slabtown,PA,42037,
71080,Slatedale,PA,42077,
71144,Slatington,PA,42077,
71160,Slickville,PA,42129,
71176,Sligo,PA,42031,
71184,Slippery Rock,PA,42019,
71210,Slippery Rock University,PA,42019,
71232,Slovan,PA,42125,
71248,Smethport,PA,42083,
71256,Smicksburg,PA,42063,
71298,Smith Corner,PA,42013,
71320,Smithfield,PA,42051,
71424,Smithton,PA,42129,
71456,Smock,PA,42051,
71504,Smoketown,PA,42071,
71600,Snow Shoe,PA,42027,
71620,S.N.P.J.,PA,42073,
71672,Snydertown,PA,42027,
71688,Snydertown,PA,42097,
71776,Somerset,PA,42111,
71848,Soudersburg,PA,42071,
71856,Souderton,PA,42091,
71976,South Bethlehem,PA,42005,
72072,South Coatesville,PA,42029,
72080,South Connellsville,PA,42051,
72168,South Fork,PA,42021,
72192,South Greensburg,PA,42129,
72216,South Heights,PA,42007,
72344,Southmont,PA,42021,
72352,South Montrose,PA,42115,
72376,South New Castle,PA,42073,
72416,South Philipsburg,PA,42027,
72424,Southpointe,PA,42125,
72432,South Pottstown,PA,42029,
72448,South Renovo,PA,42035,
72520,South Temple,PA,42011,
72552,South Uniontown,PA,42051,
72576,Southview,PA,42125,
72592,South Waverly,PA,42015,
72616,Southwest Greensburg,PA,42129,
72648,South Williamsport,PA,42081,
72704,Spartansburg,PA,42039,
72736,Speers,PA,42125,
72768,Spinnerstown,PA,42017,
72872,Springboro,PA,42039,
72912,Spring Church,PA,42005,
72920,Spring City,PA,42029,
72960,Springdale,PA,42003,
72988,Spring Drive Mobile Home Park,PA,42013,
73192,Spring Grove,PA,42133,
73224,Spring Hill,PA,42021,
73264,Spring House,PA,42091,
73288,Spring Mills,PA,42027,
73296,Springmont,PA,42011,
73312,Spring Mount,PA,42091,
73318,Spring Ridge,PA,42011,
73432,Springville,PA,42115,
73456,Sproul,PA,42013,
73528,Spry,PA,42133,
73704,Starbrick,PA,42123,
73720,Star Junction,PA,42051,
73784,Starrucca,PA,42127,
73808,State College,PA,42027,
73848,State Line,PA,42055,
73888,Steelton,PA,42043,
74040,Stevens,PA,42071,
74104,Stewartstown,PA,42133,
74160,Stiles,PA,42077,
74184,Stillwater,PA,42037,
74224,Stockdale,PA,42125,
74232,Stockertown,PA,42095,
74288,Stoneboro,PA,42085,
74360,Stonerstown,PA,42009,
74416,Stonybrook,PA,42133,
74448,Stony Creek Mills,PA,42011,
74544,Stormstown,PA,42027,
74568,Stouchsburg,PA,42011,
74660,Stowe,PA,42091,
74672,Stoystown,PA,42111,
74688,Strabane,PA,42125,
74712,Strasburg,PA,42071,
74728,Strattanville,PA,42031,
74744,Strausstown,PA,42011,
74848,Strodes Mills,PA,42087,
74864,Strong,PA,42097,
74888,Stroudsburg,PA,42089,
74944,Sturgeon,PA,42003,
75000,Sugarcreek,PA,42121,
75024,Sugar Grove,PA,42123,
75072,Sugar Notch,PA,42079,
75136,Summerhill,PA,42021,
75168,Summerville,PA,42065,
75248,Summit Hill,PA,42025,
75272,Summit Station,PA,42107,
75296,Sunbrook,PA,42013,
75304,Sunbury,PA,42097,
75381,Sunrise Lake,PA,42103,
75432,Sun Valley,PA,42089,
75568,Susquehanna Depot,PA,42115,
75574,Susquehanna Trails,PA,42133,
75584,Sutersville,PA,42129,
75648,Swarthmore,PA,42045,
75664,Swartzville,PA,42071,
75712,Swedeland,PA,42091,
75728,Sweden Valley,PA,42105,
75736,Swedesburg,PA,42091,
75816,Swissvale,PA,42003,
75832,Swoyersville,PA,42079,
75888,Sykesville,PA,42065,
75936,Sylvan Hills,PA,42013,
75944,Sylvania,PA,42015,
75968,Table Rock,PA,42001,
76032,Tamaqua,PA,42107,
76104,Tarentum,PA,42003,
76144,Tatamy,PA,42095,
76184,Taylor,PA,42069,
76232,Taylorstown,PA,42125,
76304,Telford,PA,42017 42091,
76320,Temple,PA,42011,
76336,Templeton,PA,42005,
76400,Terre Hill,PA,42071,
76432,Tharptown (Uniontown),PA,42097,
76436,The Escape,PA,42103,
76440,The Hideout,PA,42127,
76496,Thompson,PA,42115,
76536,Thompsontown,PA,42067,
76552,Thompsonville,PA,42125,
76560,Thornburg,PA,42003,
76584,Thorndale,PA,42029,
76632,Three Springs,PA,42061,
76648,Throop,PA,42069,
76696,Tidioute,PA,42123,
76724,Timber Hills,PA,42075,
76744,Timblin,PA,42065,
76808,Tioga,PA,42117,
76848,Tionesta,PA,42053,
76880,Tipton,PA,42013,
76904,Titusville,PA,42039,
77016,Toftrees,PA,42027,
77104,Topton,PA,42011,
77144,Toughkenamon,PA,42029,
77163,Towamensing Trails,PA,42025,
77168,Towanda,PA,42015,
77184,Tower City,PA,42107,
77232,Townville,PA,42039,
77272,Trafford,PA,42003 42129,
77288,Trainer,PA,42045,
77304,Trappe,PA,42091,
77335,Treasure Lake,PA,42033,
77392,Tremont,PA,42107,
77424,Tresckow,PA,42025,
77448,Trevorton,PA,42097,
77456,Trevose,PA,42017,
77488,Trexlertown,PA,42077,
77520,Trooper,PA,42091,
77568,Troutville,PA,42033,
77576,Troxelville,PA,42109,
77584,Troy,PA,42015,
77656,Trucksville,PA,42079,
77704,Trumbauersville,PA,42017,
77744,Tullytown,PA,42017,
77784,Tunkhannock,PA,42131,
77808,Tunnelhill,PA,42013 42021,
77832,Turbotville,PA,42097,
77912,Turtle Creek,PA,42003,
77968,Tuscarora,PA,42107,
78008,Twilight,PA,42125,
78072,Twin Rocks,PA,42021,
78115,Tyler Run,PA,42133,
78120,Tylersburg,PA,42031,
78144,Tylersville,PA,42035,
78168,Tyrone,PA,42013,
78186,Tyrone Forge,PA,42013,
78224,Ulster,PA,42015,
78240,Ulysses,PA,42105,
78448,Union City,PA,42049,
78456,Union Dale,PA,42115,
78472,Union Deposit,PA,42043,
78528,Uniontown,PA,42051,
78584,Unionville,PA,42007,
78608,Unionville,PA,42019,
78616,Unionville,PA,42027,
78624,Unionville,PA,42029,
78698,University of Pittsburgh Bradford,PA,42083,
78700,University of Pittsburgh Johnstown,PA,42021,
78712,Upland,PA,42045,
79016,Upper Exeter,PA,42079,
79424,Ursina,PA,42111,
79472,Utica,PA,42121,
79496,Vail,PA,42013,
79504,Valencia,PA,42019,
79640,Valley Green,PA,42133,
79644,Valley-Hi,PA,42057,
79680,Valley View,PA,42107,
79682,Valley View,PA,42133,
79768,Vanderbilt,PA,42051,
79776,Vandergrift,PA,42129,
79792,Vandling,PA,42069,
79872,Van Voorhis,PA,42125,
79912,Venango,PA,42039,
80032,Verona,PA,42003,
80040,Versailles,PA,42003,
80136,Vicksburg,PA,42013,
80144,Vicksburg,PA,42119,
80218,Village Green-Green Ridge,PA,42045,
80229,Village Shires,PA,42017,
80248,Villanova,PA,42045 42091,
80264,Vinco,PA,42021,
80288,Vintondale,PA,42021,
80336,Virginville,PA,42011,
80368,Volant,PA,42073,
80384,Vowinckel,PA,42031,
80432,Wagner,PA,42087,
80480,Wakefield,PA,42071,
80600,Wall,PA,42003,
80640,Wallaceton,PA,42033,
80652,Wallenpaupack Lake Estates,PA,42127,
80656,Waller,PA,42037,
80800,Walnutport,PA,42095,
80808,Walnuttown,PA,42011,
80880,Wampum,PA,42073,
80896,Wanamie,PA,42079,
80944,Warfordsburg,PA,42057,
80962,Warminster Heights,PA,42017,
81000,Warren,PA,42123,
81080,Warrior Run,PA,42079,
81096,Warriors Mark,PA,42061,
81328,Washington,PA,42125,
81360,Washington Boro,PA,42071,
81424,Washingtonville,PA,42093,
81456,Waterford,PA,42049,
81616,Watsontown,PA,42097,
81648,Wattsburg,PA,42049,
81664,Waverly,PA,42069,
81712,Waymart,PA,42127,
81752,Wayne,PA,42045,
81808,Wayne Heights,PA,42055,
81824,Waynesboro,PA,42055,
81832,Waynesburg,PA,42059,
81856,Weatherly,PA,42025,
81936,Webster,PA,42129,
81960,Weedville,PA,42047,
82008,Weigelstown,PA,42133,
82080,Weissport,PA,42025,
82088,Weissport East,PA,42025,
82128,Wellersburg,PA,42111,
82160,Wellsboro,PA,42117,
82192,Wells Tannery,PA,42057,
82200,Wellsville,PA,42133,
82296,Wernersville,PA,42011,
82320,Wescosville,PA,42077,
82344,Wesleyville,PA,42049,
82376,West Alexander,PA,42125,
82616,West Brownsville,PA,42125,
82704,West Chester,PA,42029,
82736,West Conshohocken,PA,42091,
82792,West Decatur,PA,42033,
82832,West Easton,PA,42095,
82848,West Elizabeth,PA,42003,
82920,West Fairview,PA,42041,
82952,West Falls,PA,42131,
82968,Westfield,PA,42117,
83104,West Grove,PA,42029,
83120,West Hamburg,PA,42011,
83136,West Hazleton,PA,42079,
83172,West Hills,PA,42005,
83200,West Homestead,PA,42003,
83248,West Kittanning,PA,42005,
83272,Westland,PA,42125,
83280,West Lawn,PA,42011,
83328,West Leechburg,PA,42129,
83376,West Liberty,PA,42019,
83472,West Mayfield,PA,42007,
83496,West Middlesex,PA,42085,
83504,West Middletown,PA,42125,
83512,West Mifflin,PA,42003,
83520,West Milton,PA,42119,
83584,Westmont,PA,42021,
83648,West Myerstown,PA,42075,
83656,West Nanticoke,PA,42079,
83680,West Newton,PA,42129,
83720,Weston,PA,42079,
83736,Westover,PA,42033,
83848,West Pittsburg,PA,42073,
83856,West Pittston,PA,42079,
83928,West Reading,PA,42011,
84064,West Sunbury,PA,42019,
84144,West View,PA,42003,
84176,West Waynesburg,PA,42059,
84216,West Wilmerding,PA,42003,
84240,Westwood,PA,42021,
84248,Westwood,PA,42029,
84272,West Wyoming,PA,42079,
84280,West Wyomissing,PA,42011,
84288,West York,PA,42133,
84440,Whitaker,PA,42003,
84512,Whitehall,PA,42003,
84552,White Haven,PA,42079,
84696,White Mills,PA,42127,
84704,White Oak,PA,42003,
84856,Whitfield,PA,42011,
84931,Wickerham Manor-Fisher,PA,42125,
84968,Wiconsico,PA,42043,
85076,Wilburton Number One,PA,42037,
85078,Wilburton Number Two,PA,42037,
85088,Wilcox,PA,42047,
85152,Wilkes-Barre,PA,42079,
85188,Wilkinsburg,PA,42003,
85272,Williamsburg,PA,42013,
85312,Williamsport,PA,42081,
85320,Williamstown,PA,42043,
85408,Willow Grove,PA,42091,
85464,Willow Street,PA,42071,
85496,Wilmerding,PA,42003,
85528,Wilmore,PA,42021,
85592,Wilson,PA,42095,
85624,Winburne,PA,42033,
85632,Windber,PA,42111,
85664,Wind Gap,PA,42095,
85712,Wind Ridge,PA,42059,
85728,Windsor,PA,42133,
85792,Winfield,PA,42119,
85872,Winterstown,PA,42133,
85968,Witmer,PA,42071,
86000,Wolfdale,PA,42125,
86056,Womelsdorf,PA,42011,
86078,Wood,PA,42009,
86112,Woodbourne,PA,42017,
86128,Woodbury,PA,42009,
86160,Woodcock,PA,42039,
86208,Woodland,PA,42033,
86224,Woodland Heights,PA,42121,
86288,Woodlyn,PA,42045,
86352,Woodside,PA,42017,
86432,Woodward,PA,42027,
86472,Woolrich,PA,42035,
86480,Wopsononock,PA,42013,
86528,Wormleysburg,PA,42041,
86560,Worthington,PA,42005,
86568,Worthville,PA,42065,
86576,Woxall,PA,42091,
86640,Wrightsville,PA,42133,
86648,Wurtemburg,PA,42073,
86656,Wyalusing,PA,42015,
86672,Wyano,PA,42129,
86712,Wylandville,PA,42125,
86744,Wyncote,PA,42091,
86776,Wyndmoor,PA,42091,
86832,Wynnewood,PA,42091,
86856,Wyoming,PA,42079,
86880,Wyomissing,PA,42011,
86920,Yardley,PA,42017,
86936,Yarnell,PA,42027,
86944,Yatesboro,PA,42005,
86952,Yatesville,PA,42079,
86968,Yeadon,PA,42045,
86976,Yeagertown,PA,42087,
87006,Yellow Springs,PA,42013,
87040,Yoe,PA,42133,
87048,York,PA,42133,
87064,Yorkana,PA,42133,
87080,York Haven,PA,42133,
87088,Yorklyn,PA,42133,
87136,York Springs,PA,42001,
87208,Youngstown,PA,42129,
87224,Youngsville,PA,42123,
87232,Youngwood,PA,42129,
87240,Yukon,PA,42129,
87272,Zelienople,PA,42019,
87320,Zion,PA,42027,
03520,Ashaway,RI,44009,
08020,Bradford,RI,44009,
12340,Carolina,RI,44009,
14140,Central Falls,RI,44007,
14320,Charlestown,RI,44009,
14860,Chepachet,RI,44007,
15940,Clayville,RI,44007,
19180,Cranston,RI,44007,
20260,Cumberland Hill,RI,44007,
22960,East Providence,RI,44007,
27640,Foster Center,RI,44007,
31240,Greene,RI,44003,
31600,Greenville,RI,44007,
33040,Harmony,RI,44007,
33400,Harrisville,RI,44007,
34660,Hope Valley,RI,44009,
35200,Hopkinton,RI,44009,
38980,Kingston,RI,44009,
45010,Melville,RI,44005,
46000,Misquamicut,RI,44009,
48700,Narragansett Pier,RI,44009,
49960,Newport,RI,44005,
50140,Newport East,RI,44005,
54460,Pascoag,RI,44007,
54640,Pawtucket,RI,44007,
59000,Providence,RI,44007,
60260,Quonochontaug,RI,44009,
70700,Tiverton,RI,44005,
72500,Valley Falls,RI,44007,
73132,Wakefield-Peace Dale,RI,44009,
74300,Warwick,RI,44003,
75200,Watch Hill,RI,44009,
75920,Weekapaug,RI,44009,
76820,Westerly,RI,44009,
80780,Woonsocket,RI,44007,
80960,Wyoming,RI,44009,
00100,Abbeville,SC,45001,
00165,Abney Crossroads,SC,45055,
00370,Adams Run,SC,45019,
00550,Aiken,SC,45003,
00775,Alcolu,SC,45027,
00955,Allendale,SC,45005,
01360,Anderson,SC,45007,
01450,Andrews,SC,45043 45089,
01810,Antreville,SC,45001,
02080,Arcadia,SC,45083,
02125,Arcadia Lakes,SC,45079,
02440,Arial,SC,45077,
02530,Arkwright,SC,45083,
02665,Arthurtown,SC,45079,
03115,Ashwood,SC,45061,
03205,Atlantic Beach,SC,45051,
03385,Awendaw,SC,45019,
03430,Aynor,SC,45051,
03790,Bamberg,SC,45009,
04060,Barnwell,SC,45011,
04300,Batesburg-Leesville,SC,45063 45081,
04528,Baxter Village,SC,45091,
04690,Beaufort,SC,45013,
04915,Beech Island,SC,45003,
05365,Belton,SC,45007,
05410,Belvedere,SC,45003,
05545,Ben Avon,SC,45083,
05680,Bennettsville,SC,45069,
05770,Berea,SC,45045,
06040,Bethune,SC,45055,
06310,Bishopville,SC,45061,
06400,Blacksburg,SC,45021,
06490,Blackville,SC,45011,
06850,Blenheim,SC,45069,
07210,Bluffton,SC,45013,
07255,Blythewood,SC,45039 45079,
07345,Boiling Springs,SC,45083,
07525,Bonneau,SC,45015,
07535,Bonneau Beach,SC,45015,
07840,Bowman,SC,45075,
08110,Boykin,SC,45055,
08155,Bradley,SC,45047,
08245,Branchville,SC,45075,
08830,Briarcliffe Acres,SC,45051,
09527,Brookdale,SC,45075,
09782,Browntown,SC,45061,
09865,Brunson,SC,45049,
10000,Bucksport,SC,45051,
10090,Buffalo,SC,45087,
10135,Buford,SC,45057,
10270,Burnettown,SC,45003,
10360,Burton,SC,45013,
10585,Caesars Head,SC,45045,
10720,Calhoun Falls,SC,45001,
10855,Camden,SC,45055,
10900,Cameron,SC,45017,
11035,Camp Croft,SC,45083,
11125,Campobello,SC,45083,
11350,Cane Savannah,SC,45085,
11620,Capitol View,SC,45079,
11755,Carlisle,SC,45087,
11833,Carolina Forest,SC,45051,
12205,Cash,SC,45025,
12430,Catawba,SC,45091,
12520,Cateechee,SC,45077,
12655,Cayce,SC,45063 45079,
12925,Centenary,SC,45067,
12965,Centerville,SC,45007,
13015,Central,SC,45077,
13060,Central Pacolet,SC,45083,
13150,Chapin,SC,45063,
13330,Charleston,SC,45015 45019,
13600,Cheraw,SC,45025,
13735,Cherokee Falls,SC,45021,
14018,Cherryvale,SC,45085,
14050,Chesnee,SC,45021 45083,
14095,Chester,SC,45023,
14140,Chesterfield,SC,45025,
14230,Chickasaw Point,SC,45073,
14455,City View,SC,45045,
14590,Clarks Hill,SC,45065,
14860,Clearwater,SC,45003,
14950,Clemson,SC,45007 45077,
15040,Clemson University,SC,45077,
15220,Clifton,SC,45083,
15295,Clinton,SC,45059,
15310,Clio,SC,45069,
15355,Clover,SC,45091,
15625,Cokesbury,SC,45047,
16000,Columbia,SC,45063 45079,
16180,Conestee,SC,45045,
16360,Converse,SC,45083,
16405,Conway,SC,45051,
16675,Coosawhatchie,SC,45053,
16720,Cope,SC,45075,
16855,Cordova,SC,45075,
16945,Coronaca,SC,45047,
16990,Cottageville,SC,45029,
17215,Coward,SC,45041,
17260,Cowpens,SC,45083,
17845,Cross Anchor,SC,45083,
17890,Cross Hill,SC,45059,
18250,Dacusville,SC,45077,
18340,Dale,SC,45013,
18430,Dalzell,SC,45085,
18475,Danwood,SC,45041,
18565,Darlington,SC,45031,
18610,Daufuskie Island,SC,45013,
18706,Daviston,SC,45067,
18810,DeBordieu Colony,SC,45043,
19105,Denmark,SC,45009,
19285,Dentsville,SC,45079,
19420,Dillon,SC,45033,
19870,Donalds,SC,45001,
20365,Dovesville,SC,45031,
20590,Drayton,SC,45083,
21040,Due West,SC,45001,
21130,Dunbar,SC,45043,
21265,Duncan,SC,45083,
21310,Dunean,SC,45045,
21985,Easley,SC,45007 45077,
22050,East Camden,SC,45055,
22075,East Gaffney,SC,45021,
22390,Eastover,SC,45079,
22547,East Sumter,SC,45085,
22795,Edgefield,SC,45037,
22997,Edisto,SC,45075,
23020,Edisto Beach,SC,45029,
23110,Edmund,SC,45063,
23200,Ehrhardt,SC,45009,
23245,Elgin,SC,45055,
23290,Elgin,SC,45057,
23335,Elko,SC,45011,
23425,Elliott,SC,45061,
23470,Elloree,SC,45075,
23605,Enoree,SC,45083,
23830,Estill,SC,45049,
24020,Eureka Mill,SC,45023,
24100,Eutawville,SC,45075,
24370,Fairfax,SC,45005,
24505,Fairforest,SC,45083,
24730,Fair Play,SC,45007 45073,
24865,Fairview Crossroads,SC,45063,
25360,Fingerville,SC,45083,
25405,Finklea,SC,45051,
25540,Five Forks,SC,45045,
25810,Florence,SC,45041,
25945,Floydale,SC,45033,
26035,Folly Beach,SC,45019,
26305,Forest Acres,SC,45079,
26372,Forestbrook,SC,45051,
26485,Foreston,SC,45027,
26845,Fort Lawn,SC,45023,
26890,Fort Mill,SC,45091,
27070,Fountain Inn,SC,45045 45059,
27565,Fripp Island,SC,45013,
27835,Furman,SC,45049,
27970,Gadsden,SC,45079,
28060,Gaffney,SC,45021,
28375,Gantt,SC,45045,
28455,Garden City,SC,45051,
28780,Gaston,SC,45063,
28825,Gayle Mill,SC,45023,
28870,Georgetown,SC,45043,
29005,Gifford,SC,45049,
29050,Gilbert,SC,45063,
29140,Gillisonville,SC,45053,
29275,Glendale,SC,45083,
29320,Glenn Springs,SC,45083,
29410,Gloverville,SC,45003,
29635,Golden Grove,SC,45045,
29815,Goose Creek,SC,45015,
29950,Govan,SC,45009,
30220,Gramling,SC,45083,
30265,Graniteville,SC,45003,
30355,Gray Court,SC,45059,
30490,Great Falls,SC,45023,
30535,Greeleyville,SC,45089,
30760,Green Sea,SC,45051,
30850,Greenville,SC,45045,
30895,Greenwood,SC,45047,
30985,Greer,SC,45045 45083,
31210,Grover,SC,45035,
31660,Hamer,SC,45033,
31885,Hampton,SC,45049,
32065,Hanahan,SC,45015,
32172,Harbor Island,SC,45013,
32245,Hardeeville,SC,45013 45053,
32335,Harleyville,SC,45035,
32560,Hartsville,SC,45031,
32965,Heath Springs,SC,45057,
33100,Helena,SC,45071,
33145,Hemingway,SC,45089,
33640,Hickory Grove,SC,45091,
33820,Hilda,SC,45011,
33977,Hilltop,SC,45083,
34045,Hilton Head Island,SC,45013,
34225,Hodges,SC,45047,
34360,Holly Hill,SC,45075,
34495,Hollywood,SC,45019,
34720,Homeland Park,SC,45007,
34765,Homewood,SC,45051,
34810,Honea Path,SC,45001 45007,
34990,Hopkins,SC,45079,
35635,India Hook,SC,45091,
35755,Inman,SC,45083,
35800,Inman Mills,SC,45083,
35890,Irmo,SC,45063 45079,
35980,Irwin,SC,45057,
36070,Islandton,SC,45029,
36115,Isle of Palms,SC,45019,
36160,Iva,SC,45007,
36205,Jackson,SC,45003,
36250,Jacksonboro,SC,45029,
36430,James Island,SC,45019,
36475,Jamestown,SC,45015,
36610,Jefferson,SC,45025,
36655,Jenkinsville,SC,45039,
36790,Joanna,SC,45059,
37105,Johnsonville,SC,45041,
37150,Johnston,SC,45037,
37330,Jonesville,SC,45087,
37465,Judson,SC,45045,
38058,Keowee Key,SC,45073,
38095,Kershaw,SC,45057,
38110,Ketchuptown,SC,45051,
38162,Kiawah Island,SC,45019,
38590,Kingstree,SC,45089,
38950,Kline,SC,45011,
39220,Ladson,SC,45015 45019,
39265,La France,SC,45007,
39310,Lake City,SC,45041,
39475,Lake Murray of Richland,SC,45079,
39512,Lake Secession,SC,45001,
39715,Lake View,SC,45033,
39772,Lakewood,SC,45085,
39785,Lake Wylie,SC,45091,
39805,Lamar,SC,45031,
39895,Lancaster,SC,45057,
40075,Landrum,SC,45083,
40210,Lane,SC,45089,
40390,Langley,SC,45003,
40480,Latta,SC,45033,
40525,Laurel Bay,SC,45013,
40615,Laurens,SC,45059,
41065,Lesslie,SC,45091,
41335,Lexington,SC,45063,
41380,Liberty,SC,45077,
41740,Lincolnville,SC,45019 45035,
41830,Litchfield Beach,SC,45043,
41965,Little Mountain,SC,45071,
42010,Little River,SC,45051,
42055,Little Rock,SC,45033,
42095,Live Oak,SC,45051,
42100,Livingston,SC,45075,
42145,Lobeco,SC,45013,
42190,Lockhart,SC,45087,
42280,Lodge,SC,45029,
42460,Longcreek,SC,45073,
42730,Loris,SC,45051,
42820,Lowndesville,SC,45001,
42865,Lowrys,SC,45023,
43000,Lugoff,SC,45055,
43090,Luray,SC,45049,
43135,Lydia,SC,45031,
43315,Lyman,SC,45083,
43360,Lynchburg,SC,45061,
43495,McBee,SC,45025,
43585,McClellanville,SC,45019,
43630,McColl,SC,45069,
43675,McConnells,SC,45091,
43720,McCormick,SC,45065,
44350,Manning,SC,45027,
44395,Manville,SC,45061,
44575,Marion,SC,45067,
45115,Mauldin,SC,45045,
45295,Mayesville,SC,45085,
45430,Mayo,SC,45083,
45790,Meggett,SC,45019,
47050,Modoc,SC,45065,
47200,Monarch Mill,SC,45087,
47275,Moncks Corner,SC,45015,
47320,Monetta,SC,45003 45081,
48310,Mount Carmel,SC,45065,
48355,Mount Croghan,SC,45025,
48535,Mount Pleasant,SC,45019,
48670,Mountville,SC,45059,
48737,Mulberry,SC,45085,
48805,Mullins,SC,45067,
48900,Murphys Estates,SC,45037,
48985,Murrells Inlet,SC,45043,
49075,Myrtle Beach,SC,45051,
49390,Neeses,SC,45075,
49570,Newberry,SC,45071,
49705,New Ellenton,SC,45003,
49885,Newport,SC,45091,
49975,Newry,SC,45073,
50020,Newtown,SC,45033,
50110,Nichols,SC,45067,
50290,Ninety Six,SC,45047,
50515,Norris,SC,45077,
50560,North,SC,45075,
50695,North Augusta,SC,45003 45037,
50875,North Charleston,SC,45015 45019 45035,
51145,North Hartsville,SC,45031,
51180,Northlake,SC,45007,
51280,North Myrtle Beach,SC,45051,
51367,North Santee,SC,45027,
51550,Norway,SC,45075,
51720,Oak Grove,SC,45063,
51887,Oakland,SC,45085,
52540,Olanta,SC,45041,
52585,Olar,SC,45009,
52900,Olympia,SC,45079,
53080,Orangeburg,SC,45075,
53485,Oswego,SC,45085,
53845,Pacolet,SC,45083,
54025,Pageland,SC,45025,
54340,Pamplico,SC,45041,
54535,Parker,SC,45045,
54700,Parksville,SC,45065,
54925,Patrick,SC,45025,
54970,Pauline,SC,45083,
55015,Pawleys Island,SC,45043,
55060,Paxville,SC,45027,
55150,Peak,SC,45071,
55420,Pelion,SC,45063,
55465,Pelzer,SC,45007,
55645,Pendleton,SC,45007 45077,
55960,Perry,SC,45003,
56140,Pickens,SC,45077,
56365,Piedmont,SC,45007 45045,
56545,Pimlico,SC,45015,
56905,Pine Ridge,SC,45031,
56950,Pine Ridge,SC,45063,
57085,Pinewood,SC,45085,
57175,Pinopolis,SC,45015,
57670,Plum Branch,SC,45065,
57850,Pomaria,SC,45071,
58030,Port Royal,SC,45013,
58170,Powdersville,SC,45007,
58435,Princeton,SC,45059,
58570,Privateer,SC,45085,
58615,Promised Land,SC,45047,
58705,Prosperity,SC,45071,
58795,Quinby,SC,45041,
58930,Rains,SC,45067,
59020,Ravenel,SC,45019,
59110,Red Bank,SC,45063,
59190,Red Hill,SC,45051,
59380,Reevesville,SC,45035,
59425,Reidville,SC,45083,
59470,Rembert,SC,45085,
59920,Richburg,SC,45023,
60280,Ridgeland,SC,45013 45053,
60325,Ridge Spring,SC,45081,
60370,Ridgeville,SC,45035,
60415,Ridgeway,SC,45039,
61112,Riverview,SC,45091,
61405,Rock Hill,SC,45091,
61495,Rockville,SC,45019,
61720,Roebuck,SC,45083,
62035,Rowesville,SC,45075,
62080,Ruby,SC,45025,
62305,Russellville,SC,45015,
62395,St. Andrews,SC,45079,
62485,St. Charles,SC,45061,
62530,St. George,SC,45035,
62620,St. Matthews,SC,45017,
62755,St. Stephen,SC,45015,
62980,Salem,SC,45073,
63115,Salley,SC,45003,
63250,Saluda,SC,45081,
63655,Sandy Springs,SC,45007,
63665,Sangaree,SC,45015,
63700,Sans Souci,SC,45045,
63790,Santee,SC,45075,
64240,Saxon,SC,45083,
64465,Scotia,SC,45049,
64600,Scranton,SC,45041,
64690,Seabrook,SC,45013,
64712,Seabrook Island,SC,45019,
65005,Sellers,SC,45067,
65095,Seneca,SC,45073,
65207,Seven Oaks,SC,45063,
65410,Sharon,SC,45091,
65590,Sheldon,SC,45013,
65680,Shell Point,SC,45013,
65950,Shiloh,SC,45085,
66400,Silverstreet,SC,45071,
66580,Simpsonville,SC,45045,
66760,Six Mile,SC,45077,
66917,Slater-Marietta,SC,45045,
67165,Smoaks,SC,45029,
67210,Smyrna,SC,45021 45091,
67255,Snelling,SC,45011,
67390,Socastee,SC,45051,
67435,Society Hill,SC,45031,
67705,South Congaree,SC,45063,
67750,Southern Shops,SC,45083,
68177,South Sumter,SC,45085,
68210,South Union,SC,45073,
68290,Spartanburg,SC,45083,
68380,Springdale,SC,45057,
68425,Springdale,SC,45063,
68470,Springfield,SC,45075,
68875,Starr,SC,45007,
68920,Startex,SC,45083,
69010,Stateburg,SC,45085,
70045,Stuckey,SC,45089,
70090,Sullivan's Island,SC,45019,
70225,Summerton,SC,45027,
70270,Summerville,SC,45015 45019 45035,
70315,Summit,SC,45063,
70405,Sumter,SC,45085,
70585,Surfside Beach,SC,45051,
70675,Swansea,SC,45063,
70900,Sycamore,SC,45005,
71170,Tamassee,SC,45073,
71305,Tatum,SC,45069,
71395,Taylors,SC,45045,
71417,Tega Cay,SC,45091,
71658,The Cliffs Valley,SC,45045,
71890,Tigerville,SC,45045,
71980,Timmonsville,SC,45041,
72295,Tradesville,SC,45057,
72430,Travelers Rest,SC,45045,
72520,Trenton,SC,45037,
72655,Troy,SC,45047,
72745,Turbeville,SC,45027,
72880,Ulmer,SC,45005,
73105,Union,SC,45087,
73240,Unity,SC,45057,
73330,Utica,SC,45073,
73465,Valley Falls,SC,45083,
73510,Vance,SC,45075,
73555,Van Wyck,SC,45057,
73600,Varnville,SC,45049,
73870,Wade Hampton,SC,45045,
74050,Wagener,SC,45003,
74095,Walhalla,SC,45073,
74140,Wallace,SC,45069,
74275,Walterboro,SC,45029,
74590,Ward,SC,45081,
74635,Ware Place,SC,45045,
74680,Ware Shoals,SC,45047 45059,
74725,Warrenville,SC,45003,
74995,Waterloo,SC,45059,
75220,Watts Mills,SC,45059,
75445,Wedgefield,SC,45085,
75535,Welcome,SC,45045,
75580,Wellford,SC,45083,
75850,West Columbia,SC,45063,
76165,Westminster,SC,45073,
76345,West Pelzer,SC,45007,
76435,West Union,SC,45073,
77042,White Knoll,SC,45063,
77380,Whitmire,SC,45071,
77425,Whitney,SC,45083,
77672,Wilkinson Heights,SC,45075,
77785,Williams,SC,45029,
77875,Williamston,SC,45007,
77920,Willington,SC,45065,
77965,Williston,SC,45011,
78190,Windsor,SC,45003,
78460,Winnsboro,SC,45039,
78505,Winnsboro Mills,SC,45039,
78640,Wisacky,SC,45061,
78820,Woodfield,SC,45079,
78910,Woodford,SC,45075,
79090,Woodruff,SC,45083,
79341,Wyboo,SC,45027,
79450,Yemassee,SC,45013 45049,
79630,York,SC,45091,
79720,Zion,SC,45067,
00100,Aberdeen,SD,46013,
00460,Agar,SD,46119,
00520,Agency Village,SD,46109,
00540,Akaska,SD,46129,
00620,Albee,SD,46051,
00700,Alcester,SD,46127,
00820,Alexandria,SD,46061,
00900,Allen,SD,46007,
01020,Alpena,SD,46073,
01140,Altamont,SD,46039,
01450,Anderson,SD,46099,
01500,Andover,SD,46037,
01560,Angostura,SD,46047,
01740,Antelope,SD,46121,
01980,Ardmore,SD,46047,
02180,Arlington,SD,46011 46077,
02260,Armour,SD,46043,
02340,Artas,SD,46021,
02380,Artesian,SD,46111,
02530,Ashland Heights,SD,46103,
02540,Ashton,SD,46115,
02580,Astoria,SD,46039,
02780,Aurora,SD,46011,
02860,Aurora Center,SD,46003,
02900,Avon,SD,46009,
03060,Badger,SD,46077,
03380,Baltic,SD,46099,
03420,Bancroft,SD,46077,
03860,Batesland,SD,46102,
03900,Bath,SD,46013,
03960,Bath Corner,SD,46013,
04380,Belle Fourche,SD,46019,
04620,Belvidere,SD,46071,
04980,Beresford,SD,46083 46127,
05540,Big Stone City,SD,46051,
05580,Bijou Hills,SD,46015,
05620,Bison,SD,46105,
05780,Blackhawk,SD,46093,
06120,Blucksberg Mountain,SD,46093,
06140,Blumengard Colony,SD,46049,
06180,Blunt,SD,46065,
06220,Bonesteel,SD,46053,
06300,Bon Homme Colony,SD,46009,
06440,Boulder Canyon,SD,46081,
06540,Bowdle,SD,46045,
06620,Box Elder,SD,46093 46103,
06660,Bradley,SD,46025,
06840,Brandon,SD,46099,
06940,Brandt,SD,46039,
07040,Brant Lake,SD,46079,
07044,Brant Lake South,SD,46079,
07060,Brentford,SD,46115,
07068,Brentwood Colony,SD,46049,
07140,Bridger,SD,46137,
07180,Bridgewater,SD,46087,
07300,Bristol,SD,46037,
07380,Britton,SD,46091,
07420,Broadland,SD,46005,
07580,Brookings,SD,46011,
07740,Bruce,SD,46011,
08060,Bryant,SD,46057,
08140,Buffalo,SD,46063,
08340,Buffalo Gap,SD,46033,
08460,Bullhead,SD,46031,
08500,Burbank,SD,46027,
08700,Burke,SD,46053,
08820,Bushnell,SD,46011,
08860,Butler,SD,46037,
09204,Cameron Colony,SD,46125,
09260,Camp Crook,SD,46063,
09278,Camrose Colony,SD,46115,
09300,Canistota,SD,46087,
09420,Canova,SD,46097,
09500,Canton,SD,46083,
09780,Caputa,SD,46103,
10220,Carthage,SD,46097,
10500,Castlewood,SD,46057,
10620,Cavour,SD,46005,
10835,Cedar Grove Colony,SD,46015,
11060,Centerville,SD,46125,
11140,Central City,SD,46081,
11220,Chamberlain,SD,46015,
11380,Chancellor,SD,46125,
11500,Chelsea,SD,46049,
11540,Cherry Creek,SD,46137,
11660,Chester,SD,46079,
12020,Claire City,SD,46109,
12100,Claremont,SD,46013,
12148,Claremont Colony,SD,46057,
12180,Clark,SD,46025,
12340,Clark Colony,SD,46115,
12508,Clearfield Colony,SD,46023,
12540,Clear Lake,SD,46039,
12640,Clear Lake,SD,46091,
13010,Cloverleaf Colony,SD,46097,
13188,Collins Colony,SD,46025,
13220,Colman,SD,46101,
13300,Colome,SD,46123,
13355,Colonial Pine Hills,SD,46103,
13380,Colton,SD,46099,
13420,Columbia,SD,46013,
13700,Conde,SD,46115,
13840,Corn Creek,SD,46095,
13940,Corona,SD,46109,
13980,Corsica,SD,46043,
14220,Cottonwood,SD,46071,
14320,Cow Creek,SD,46119,
14580,Cresbard,SD,46049,
14660,Crocker,SD,46025,
14680,Crook City,SD,46081,
14740,Crooks,SD,46099,
15140,Custer,SD,46033,
15256,Dakota Dunes,SD,46127,
15300,Dallas,SD,46053,
15420,Dante,SD,46023,
15540,Davis,SD,46125,
15700,Deadwood,SD,46081,
15774,Deerfield Colony,SD,46045,
15980,Dell Rapids,SD,46099,
16060,Delmont,SD,46043,
16260,De Smet,SD,46077,
16620,Dimock,SD,46067,
16820,Doland,SD,46115,
16860,Dolton,SD,46125,
17020,Draper,SD,46075,
17215,Dudley,SD,46047,
17420,Dupree,SD,46137,
17620,Eagle Butte,SD,46041 46137,
18180,Eden,SD,46091,
18300,Edgemont,SD,46047,
18460,Egan,SD,46101,
18620,Elk Point,SD,46127,
18700,Elkton,SD,46011,
19420,Emery,SD,46061,
19556,Enemy Swim,SD,46037,
19860,Erwin,SD,46077,
19980,Estelline,SD,46057,
20060,Ethan,SD,46035,
20180,Eureka,SD,46089,
20208,Evergreen Colony,SD,46049,
20340,Fairburn,SD,46033,
20380,Fairfax,SD,46053,
20780,Fairview,SD,46083,
20980,Faith,SD,46093,
21060,Farmer,SD,46061,
21260,Faulkton,SD,46049,
21340,Fedora,SD,46097,
21380,Ferney,SD,46013,
21540,Flandreau,SD,46101,
21820,Florence,SD,46029,
22070,Fordham Colony,SD,46025,
22100,Forestburg,SD,46111,
22260,Fort Pierre,SD,46117,
22340,Fort Thompson,SD,46017,
22580,Frankfort,SD,46115,
22860,Frederick,SD,46013,
23020,Freeman,SD,46067,
23140,Fruitdale,SD,46019,
23220,Fulton,SD,46061,
23421,Gann Valley,SD,46017,
23460,Garden City,SD,46025,
23820,Garretson,SD,46099,
23860,Gary,SD,46039,
23900,Gayville,SD,46135,
23980,Geddes,SD,46023,
24260,Gettysburg,SD,46107,
24540,Glendale Colony,SD,46115,
24620,Glenham,SD,46129,
24760,Golden View Colony,SD,46087,
24820,Goodwin,SD,46039,
25020,Graceville Colony,SD,46079,
25741,Grassland Colony,SD,46089,
25743,Grass Ranch Colony,SD,46015,
25900,Green Grass,SD,46041,
26035,Green Valley,SD,46103,
26150,Greenwood Colony,SD,46043,
26180,Gregory,SD,46053,
26220,Grenville,SD,46037,
26340,Groton,SD,46013,
26660,Hamill,SD,46123,
27260,Harrisburg,SD,46083,
27300,Harrison,SD,46043,
27420,Harrold,SD,46065,
27540,Hartford,SD,46099,
27820,Hayti,SD,46057,
27940,Hazel,SD,46057,
27980,Hecla,SD,46013,
28140,Henry,SD,46029,
28300,Hermosa,SD,46033,
28340,Herreid,SD,46021,
28420,Herrick,SD,46053,
28460,Hetland,SD,46077,
28980,Highmore,SD,46069,
29100,Hill City,SD,46103,
29116,Hillcrest Colony,SD,46025,
29300,Hillside Colony,SD,46115,
29340,Hillsview,SD,46089,
29500,Hitchcock,SD,46005,
30056,Horse Creek,SD,46095,
30140,Hosmer,SD,46045,
30220,Hot Springs,SD,46047,
30300,Hoven,SD,46107,
30460,Howard,SD,46097,
30740,Hudson,SD,46083,
30900,Humboldt,SD,46099,
30980,Hurley,SD,46125,
31060,Huron,SD,46005,
31140,Huron Colony,SD,46005,
31196,Hutterville Colony,SD,46013,
31220,Ideal,SD,46123,
31620,Interior,SD,46071,
31860,Ipswich,SD,46045,
31940,Irene,SD,46027 46125 46135,
32020,Iroquois,SD,46005 46077,
32140,Isabel,SD,46041,
32388,Jamesville Colony,SD,46135,
32460,Java,SD,46129,
32700,Jefferson,SD,46127,
32820,Johnson Siding,SD,46103,
33180,Kadoka,SD,46071,
33380,Kaylor,SD,46067,
33540,Kenel,SD,46031,
33580,Kennebec,SD,46085,
33820,Keystone,SD,46103,
33900,Kidder,SD,46091,
33980,Kimball,SD,46015,
34340,Kranzburg,SD,46029,
34460,Kyle,SD,46102,
34540,La Bolt,SD,46051,
35100,Lake Andes,SD,46023,
35220,Lake City,SD,46091,
35430,Lake Madison,SD,46079,
35460,Lake Norden,SD,46057,
35480,Lake Poinsett,SD,46011 46057,
35500,Lake Preston,SD,46077,
35671,Lakeview Colony,SD,46023,
35780,Lane,SD,46073,
35820,Langford,SD,46091,
35900,Lantry,SD,46041,
35940,La Plant,SD,46041,
36220,Lead,SD,46081,
36260,Lebanon,SD,46107,
36340,Lemmon,SD,46105,
36380,Lennox,SD,46083,
36460,Leola,SD,46089,
36540,Lesterville,SD,46135,
36620,Letcher,SD,46111,
37900,Little Eagle,SD,46031,
38760,Long Hollow,SD,46109,
38860,Long Lake,SD,46089,
38900,Long Lake Colony,SD,46089,
39020,Loomis,SD,46035,
39180,Lower Brule,SD,46085,
39260,Lowry,SD,46129,
39740,Lyons,SD,46099,
39940,McIntosh,SD,46031,
40020,McLaughlin,SD,46031,
40220,Madison,SD,46079,
40550,Manderson-White Horse Creek,SD,46102,
40580,Mansfield,SD,46013 46115,
40860,Marion,SD,46125,
41100,Martin,SD,46007,
41180,Marty,SD,46023,
41220,Marvin,SD,46051,
41398,Maverick Junction,SD,46047,
41420,Maxwell Colony,SD,46067,
41548,Mayfield Colony,SD,46025,
41680,Meadow View Addition,SD,46099,
41700,Meckling,SD,46027,
41860,Mellette,SD,46115,
41980,Menno,SD,46067,
42140,Midland,SD,46055,
42260,Milbank,SD,46051,
42440,Millbrook Colony,SD,46061,
42460,Miller,SD,46059,
42579,Millerdale Colony,SD,46059,
42620,Milltown,SD,46067,
42700,Mina,SD,46045,
42940,Mission,SD,46121,
42980,Mission Hill,SD,46135,
43100,Mitchell,SD,46035,
43180,Mobridge,SD,46129,
43380,Monroe,SD,46125,
43500,Montrose,SD,46087,
43780,Morningside,SD,46005,
43860,Morristown,SD,46031,
44020,Mound City,SD,46021,
44032,Mountain Plains,SD,46081,
44100,Mount Vernon,SD,46035,
44260,Murdo,SD,46075,
44620,Naples,SD,46025,
44800,Newdale Colony,SD,46011,
44820,New Effington,SD,46109,
44860,Newell,SD,46019,
44900,New Elm Spring Colony,SD,46067,
44940,New Holland,SD,46043,
45024,Newport Colony,SD,46091,
45060,New Underwood,SD,46103,
45100,New Witten,SD,46123,
45180,Nisland,SD,46019,
45390,Norfeld Colony,SD,46011,
45420,Norris,SD,46095,
45548,North Eagle Butte,SD,46041,
45700,North Sioux City,SD,46127,
45715,North Spearfish,SD,46081,
45740,Northville,SD,46115,
46060,Nunda,SD,46079,
46180,Oacoma,SD,46085,
46240,Oahe Acres,SD,46065,
46388,Oak Lane Colony,SD,46061,
46500,Oelrichs,SD,46047,
46540,Oglala,SD,46102,
46620,Okaton,SD,46075,
46660,Okreek,SD,46121,
46700,Ola,SD,46015,
46770,Old Elm Spring Colony,SD,46067,
46780,Oldham,SD,46077,
46900,Olivet,SD,46067,
46980,Onaka,SD,46049,
47180,Onida,SD,46119,
47340,Oral,SD,46047,
47460,Orient,SD,46049,
47588,Orland Colony,SD,46087,
47660,Ortley,SD,46109,
48380,Parker,SD,46125,
48460,Parkston,SD,46067,
48500,Parmelee,SD,46121,
48820,Pearl Creek Colony,SD,46005,
48940,Peever,SD,46109,
48948,Peever Flats,SD,46109,
49028,Pembrook Colony,SD,46045,
49300,Philip,SD,46055,
49460,Pickstown,SD,46023,
49500,Piedmont,SD,46093,
49540,Pierpont,SD,46037,
49600,Pierre,SD,46065,
49640,Pine Lakes Addition,SD,46099,
49660,Pine Ridge,SD,46102,
49980,Plainview Colony,SD,46045,
50020,Plankinton,SD,46003,
50260,Platte,SD,46023,
50310,Platte Colony,SD,46023,
50988,Pleasant Valley Colony,SD,46101,
51220,Poinsett Colony,SD,46057,
51260,Pollock,SD,46021,
51340,Porcupine,SD,46102,
51660,Prairie City,SD,46105,
51724,Prairiewood Village,SD,46013,
51820,Presho,SD,46085,
51940,Pringle,SD,46033,
52140,Provo,SD,46047,
52220,Pukwana,SD,46015,
52500,Quinn,SD,46103,
52860,Ramona,SD,46079,
52980,Rapid City,SD,46103,
53007,Rapid Valley,SD,46103,
53220,Ravinia,SD,46023,
53260,Raymond,SD,46025,
53460,Redfield,SD,46115,
53940,Ree Heights,SD,46059,
54020,Reliance,SD,46085,
54145,Renner Corner,SD,46099,
54220,Revillo,SD,46051,
54750,Richland,SD,46127,
55220,Riverside Colony,SD,46005,
55540,Rockham,SD,46049,
55620,Rockport Colony,SD,46061,
55684,Rolland Colony,SD,46011,
55820,Roscoe,SD,46045,
55940,Rosebud,SD,46121,
56140,Rosedale Colony,SD,46061,
56340,Rosholt,SD,46109,
56380,Roslyn,SD,46037,
56420,Roswell,SD,46097,
56580,Rowena,SD,46099,
56820,Running Water,SD,46009,
56964,Rustic Acres Colony,SD,46079,
57060,St. Charles,SD,46053,
57140,St. Francis,SD,46121,
57180,St. Lawrence,SD,46059,
57260,St. Onge,SD,46081,
57340,Salem,SD,46087,
57940,Scotland,SD,46009,
58140,Selby,SD,46129,
58180,Seneca,SD,46049,
58310,Shamrock Colony,SD,46005,
58332,Shannon Colony,SD,46097,
58580,Sherman,SD,46099,
58590,Shindler,SD,46083,
58680,Sicangu Village,SD,46121,
58868,Silver Lake Colony,SD,46025,
58900,Sinai,SD,46011,
59020,Sioux Falls,SD,46083 46099,
59260,Sisseton,SD,46109,
59620,Smithwick,SD,46047,
59700,Soldier Creek,SD,46121,
59940,South Shore,SD,46029,
60020,Spearfish,SD,46081,
60060,Spencer,SD,46087,
60180,Spink Colony,SD,46115,
60500,Spring Creek,SD,46121,
60540,Spring Creek Colony,SD,46089,
60660,Springfield,SD,46009,
60958,Spring Lake Colony,SD,46077,
61180,Spring Valley Colony,SD,46073,
61580,Stephan,SD,46069,
61700,Stickney,SD,46003,
61740,Stockholm,SD,46051,
61940,Storla,SD,46003,
61980,Strandburg,SD,46051,
62020,Stratford,SD,46013,
62100,Sturgis,SD,46093,
62155,Summerset,SD,46093,
62220,Summit,SD,46109,
62434,Sunset Colony,SD,46091,
62716,Swift Bird,SD,46041,
62820,Tabor,SD,46009,
63100,Tea,SD,46083,
63452,Thunderbird Colony,SD,46049,
63620,Timber Lake,SD,46041,
63700,Tolstoy,SD,46107,
63740,Toronto,SD,46039,
63940,Trent,SD,46101,
64020,Tripp,SD,46067,
64260,Tschetter Colony,SD,46067,
64300,Tulare,SD,46115,
64540,Turton,SD,46115,
64700,Twin Brooks,SD,46051,
64840,Two Strike,SD,46121,
64860,Tyndall,SD,46009,
65628,Upland Colony,SD,46111,
65780,Utica,SD,46135,
65900,Vale,SD,46019,
66260,Valley Springs,SD,46099,
66540,Veblen,SD,46091,
66660,Verdon,SD,46013,
66700,Vermillion,SD,46027,
67020,Viborg,SD,46125,
67220,Vienna,SD,46025,
67340,Vilas,SD,46097,
67500,Virgil,SD,46005,
67620,Vivian,SD,46085,
67700,Volga,SD,46011,
67780,Volin,SD,46135,
68020,Wagner,SD,46023,
68100,Wakonda,SD,46027,
68140,Wakpala,SD,46031,
68380,Wall,SD,46103,
68420,Wallace,SD,46029,
68580,Wanblee,SD,46071,
68660,Ward,SD,46101,
68740,Warner,SD,46013,
69140,Wasta,SD,46103,
69300,Watertown,SD,46029,
69340,Waubay,SD,46037,
69420,Waverly,SD,46029,
69780,Webster,SD,46037,
70020,Wentworth,SD,46079,
70140,Wessington,SD,46005 46059,
70220,Wessington Springs,SD,46073,
70284,West Brule,SD,46085,
70540,Westport,SD,46013,
70646,Westwood Colony,SD,46091,
70740,Wetonka,SD,46089,
70940,White,SD,46011,
71140,Whitehorse,SD,46041,
71150,White Horse,SD,46121,
71180,White Lake,SD,46003,
71340,White River,SD,46095,
71380,White Rock,SD,46109,
71440,White Rock Colony,SD,46109,
71580,Whitewood,SD,46081,
71940,Willow Lake,SD,46025,
71980,Wilmot,SD,46109,
72100,Winfred,SD,46079,
72180,Winner,SD,46123,
72500,Wolf Creek Colony,SD,46067,
72540,Wolsey,SD,46005,
72590,Wonderland Homes,SD,46093,
72620,Wood,SD,46095,
72700,Woonsocket,SD,46111,
72820,Worthing,SD,46083,
72900,Wounded Knee,SD,46102,
73020,Yale,SD,46005,
73060,Yankton,SD,46135,
00200,Adams,TN,47147,
00240,Adamsville,TN,47071 47109,
00440,Alamo,TN,47033,
00540,Alcoa,TN,47009,
00620,Alexandria,TN,47041,
00640,Algood,TN,47141,
00660,Allardt,TN,47049,
00940,Altamont,TN,47061,
01220,Andersonville,TN,47001,
01480,Apison,TN,47065,
01640,Ardmore,TN,47055 47103,
01740,Arlington,TN,47157,
02180,Ashland City,TN,47021,
02320,Athens,TN,47107,
02340,Atoka,TN,47167,
02380,Atwood,TN,47017,
02400,Auburntown,TN,47015,
02780,Baileyton,TN,47059,
03078,Baneberry,TN,47089,
03120,Banner Hill,TN,47171,
03440,Bartlett,TN,47157,
03680,Baxter,TN,47141,
03760,Bean Station,TN,47057 47073,
04000,Beech Bluff,TN,47113,
04240,Beersheba Springs,TN,47061,
04460,Bell Buckle,TN,47003,
04620,Belle Meade,TN,47037,
04720,Bells,TN,47033,
04920,Belvidere,TN,47051,
05040,Benton,TN,47139,
05140,Berry Hill,TN,47037,
05380,Bethel Springs,TN,47109,
05500,Bethpage,TN,47165,
05840,Big Rock,TN,47161,
05860,Big Sandy,TN,47005,
06020,Biltmore,TN,47019,
06340,Blaine,TN,47057,
06440,Blanche,TN,47103,
06640,Bloomingdale,TN,47163,
06740,Blountville,TN,47163,
06960,Bluff City,TN,47163,
07120,Bogota,TN,47045,
07180,Bolivar,TN,47069,
07240,Bon Air,TN,47185,
07280,Bon Aqua Junction,TN,47081,
07620,Bowman,TN,47035,
07840,Braden,TN,47047,
07860,Bradford,TN,47053,
08080,Bransford,TN,47165,
08280,Brentwood,TN,47187,
08400,Briceville,TN,47001,
08500,Brighton,TN,47167,
08540,Bristol,TN,47163,
08920,Brownsville,TN,47075,
08960,Bruceton,TN,47017,
09200,Buchanan,TN,47079,
09560,Bulls Gap,TN,47073,
09860,Burlison,TN,47167,
09880,Burns,TN,47043,
10080,Butler,TN,47019 47091,
10180,Byrdstown,TN,47137,
10440,Calhoun,TN,47107,
10560,Camden,TN,47005,
11280,Carthage,TN,47159,
11360,Caryville,TN,47013,
11440,Castalian Springs,TN,47165,
11980,Cedar Hill,TN,47147,
12100,Celina,TN,47027,
12380,Centertown,TN,47177,
12420,Centerville,TN,47081,
12460,Central,TN,47019,
12880,Chapel Hill,TN,47117,
13020,Charleston,TN,47011,
13080,Charlotte,TN,47043,
14000,Chattanooga,TN,47065,
14220,Chesterfield,TN,47077,
14520,Chewalla,TN,47109,
14620,Childers Hill,TN,47071,
14860,Christiana,TN,47149,
14980,Church Hill,TN,47073,
15120,Clarkrange,TN,47049,
15140,Clarksburg,TN,47017,
15160,Clarksville,TN,47125,
15400,Cleveland,TN,47011,
15480,Clifton,TN,47181,
15580,Clinton,TN,47001,
15880,Coalfield,TN,47129,
15920,Coalmont,TN,47061,
16060,Coker Creek,TN,47123,
16300,Collegedale,TN,47065,
16420,Collierville,TN,47157,
16480,Collinwood,TN,47181,
16500,Colonial Heights,TN,47163,
16540,Columbia,TN,47119,
16740,Conasauga,TN,47139,
16920,Cookeville,TN,47141,
16980,Coopertown,TN,47147,
17000,Copperhill,TN,47139,
17180,Cornersville,TN,47117,
17300,Cosby,TN,47029,
17340,Cottage Grove,TN,47079,
17420,Cottontown,TN,47165,
17520,Counce,TN,47071,
17680,Covington,TN,47167,
17700,Cowan,TN,47051,
17840,Crab Orchard,TN,47035,
18420,Cross Plains,TN,47147,
18540,Crossville,TN,47035,
18620,Crump,TN,47071,
18820,Cumberland City,TN,47161,
18880,Cumberland Gap,TN,47025,
19360,Dancyville,TN,47075,
19380,Dandridge,TN,47089,
19500,Darden,TN,47077,
19700,Dayton,TN,47143,
19880,Decatur,TN,47121,
19900,Decaturville,TN,47039,
19920,Decherd,TN,47051,
20080,Delano,TN,47107 47139,
20120,Dellrose,TN,47103,
20620,Dickson,TN,47043,
20930,Dodson Branch,TN,47087,
21400,Dover,TN,47161,
21420,Dowelltown,TN,47041,
21500,Doyle,TN,47185,
21540,Dresden,TN,47183,
21740,Ducktown,TN,47139,
21860,Dukedom,TN,47183,
22000,Dunlap,TN,47153,
22180,Dyer,TN,47053,
22200,Dyersburg,TN,47045,
22340,Eagleton Village,TN,47009,
22360,Eagleville,TN,47149 47187,
22500,East Cleveland,TN,47011,
22720,East Ridge,TN,47065,
22920,Eastview,TN,47109,
23440,Elgin,TN,47151,
23500,Elizabethton,TN,47019,
23660,Elkton,TN,47055,
23880,Embreeville,TN,47179,
24040,Englewood,TN,47107,
24240,Enville,TN,47023 47109,
24320,Erin,TN,47083,
24360,Erwin,TN,47171,
24400,Essary Springs,TN,47069,
24440,Estill Springs,TN,47051,
24460,Ethridge,TN,47099,
24480,Etowah,TN,47107,
24640,Eva,TN,47005,
24960,Fairfield,TN,47165,
24980,Fairfield Glade,TN,47035,
24990,Fairgarden,TN,47155,
25080,Fairmount,TN,47065,
25440,Fairview,TN,47187,
25540,Fall Branch,TN,47059 47179,
25560,Falling Water,TN,47065,
25740,Farner,TN,47139,
25760,Farragut,TN,47093 47105,
25920,Fayetteville,TN,47103,
26120,Fincastle,TN,47013,
26160,Finger,TN,47109,
26180,Finley,TN,47045,
26490,Flat Top Mountain,TN,47065,
26580,Flintville,TN,47103,
27020,Forest Hills,TN,47037,
27640,Fowlkes,TN,47045,
27700,Frankewing,TN,47055,
27740,Franklin,TN,47187,
27960,Friendship,TN,47033,
28060,Friendsville,TN,47009,
28380,Gadsden,TN,47033,
28420,Gainesboro,TN,47087,
28540,Gallatin,TN,47165,
28560,Gallaway,TN,47047,
28680,Garland,TN,47167,
28740,Gates,TN,47097,
28800,Gatlinburg,TN,47155,
28960,Germantown,TN,47157,
29020,Gibson,TN,47053,
29160,Gilt Edge,TN,47167,
29260,Gladeville,TN,47189,
29300,Gleason,TN,47183,
29920,Goodlettsville,TN,47037 47165,
30120,Gordonsville,TN,47159,
30220,Graball,TN,47165,
30280,Grand Junction,TN,47047 47069,
30700,Gray,TN,47179,
30760,Graysville,TN,47143,
30880,Greenback,TN,47105,
30960,Greenbrier,TN,47147,
30980,Greeneville,TN,47059,
31000,Greenfield,TN,47183,
31100,Green Hill,TN,47189,
31220,Greenvale,TN,47189,
31400,Griffith Creek,TN,47115,
31420,Grimsley,TN,47049,
31490,Gruetli-Laager,TN,47061,
31680,Guys,TN,47109,
31810,Halls,TN,47093,
31820,Halls,TN,47097,
32040,Hampton,TN,47019,
32520,Harriman,TN,47129 47145,
32600,Harrison,TN,47065,
32640,Harrogate,TN,47025,
32742,Hartsville/Trousdale County,TN,47169,
33120,Helenwood,TN,47151,
33260,Henderson,TN,47023,
33280,Hendersonville,TN,47165,
33360,Henning,TN,47097,
33400,Henry,TN,47079,
33680,Hickman,TN,47159,
33920,Hickory Valley,TN,47069,
34580,Hilham,TN,47133,
34700,Hillsboro,TN,47031,
35160,Hohenwald,TN,47101,
35220,Holladay,TN,47005,
35280,Hollow Rock,TN,47017,
35880,Hopewell,TN,47011,
36000,Hornbeak,TN,47131,
36080,Hornsby,TN,47069,
36460,Humboldt,TN,47053 47113,
36500,Hunter,TN,47019,
36580,Huntingdon,TN,47017,
36600,Huntland,TN,47051,
36640,Huntsville,TN,47151,
36700,Huron,TN,47077,
37360,Iron City,TN,47099,
37600,Jacksboro,TN,47013,
37620,Jacks Creek,TN,47023,
37640,Jackson,TN,47113,
37780,Jamestown,TN,47049,
37820,Jasper,TN,47115,
37960,Jefferson City,TN,47089,
38020,Jellico,TN,47013,
38300,John Sevier,TN,47093,
38320,Johnson City,TN,47019 47163 47179,
38540,Jonesborough,TN,47179,
38765,Kahite,TN,47123,
38800,Karns,TN,47093,
39140,Kenton,TN,47053 47131,
39400,Kimball,TN,47115,
39560,Kingsport,TN,47073 47163,
39620,Kingston,TN,47145,
39660,Kingston Springs,TN,47021,
40000,Knoxville,TN,47093,
40160,Lafayette,TN,47111,
40180,La Follette,TN,47013,
40200,La Grange,TN,47047,
40350,Lakeland,TN,47157,
40540,Lakesite,TN,47065,
40560,Lake Tansi,TN,47035,
40732,Lakewood Park,TN,47031,
41200,La Vergne,TN,47149,
41240,Lavinia,TN,47017,
41340,Lawrenceburg,TN,47099,
41520,Lebanon,TN,47189,
41760,Lenoir City,TN,47105,
41780,Lenox,TN,47045,
41800,Leoma,TN,47099,
41860,Lewisburg,TN,47117,
41980,Lexington,TN,47077,
42040,Liberty,TN,47041,
42720,Linden,TN,47135,
43140,Livingston,TN,47133,
43160,Lobelville,TN,47135,
43420,Lone Oak,TN,47153,
43640,Lookout Mountain,TN,47065,
43700,Loretto,TN,47099,
43780,Loudon,TN,47105,
43820,Louisville,TN,47009,
44200,Luray,TN,47077,
44300,Luttrell,TN,47173,
44360,Lyles,TN,47081,
44382,"Lynchburg, Moore County",TN,47127,
44420,Lynnville,TN,47055,
44700,McDonald,TN,47011,
44840,McEwen,TN,47085,
44940,McKenzie,TN,47017 47079 47183,
45000,McLemoresville,TN,47017,
45100,McMinnville,TN,47177,
45320,Madisonville,TN,47123,
45500,Manchester,TN,47031,
46240,Martin,TN,47183,
46380,Maryville,TN,47009,
46400,Mascot,TN,47093,
46420,Mason,TN,47167,
46540,Maury City,TN,47033,
46680,Mayland,TN,47035,
46700,Maynardville,TN,47173,
47000,Medina,TN,47053,
47020,Medon,TN,47113,
48000,Memphis,TN,47157,
48120,Mercer,TN,47113,
48180,Michie,TN,47109,
48340,Middleton,TN,47069,
48360,Middle Valley,TN,47065,
48460,Midtown,TN,47145,
48660,Milan,TN,47053,
48920,Milledgeville,TN,47023 47071 47109,
48980,Millersville,TN,47147 47165,
49060,Millington,TN,47157,
49360,Minor Hill,TN,47055,
49420,Miston,TN,47045,
49460,Mitchellville,TN,47165,
49740,Monteagle,TN,47051 47061 47115,
49760,Monterey,TN,47141,
49940,Mooresburg,TN,47073,
50200,Morris Chapel,TN,47071,
50220,Morrison,TN,47177,
50280,Morristown,TN,47063 47089,
50300,Moscow,TN,47047,
50320,Mosheim,TN,47059,
50400,Mountain City,TN,47091,
50580,Mount Carmel,TN,47073,
50780,Mount Juliet,TN,47189,
51080,Mount Pleasant,TN,47119,
51402,Mowbray Mountain,TN,47065,
51540,Munford,TN,47167,
51560,Murfreesboro,TN,47149,
52006,Nashville-Davidson metropolitan government,TN,47037,
52400,Newbern,TN,47045,
52520,New Deal,TN,47165,
52780,New Hope,TN,47115,
52820,New Johnsonville,TN,47085,
52940,New Market,TN,47089,
53000,Newport,TN,47029,
53140,New Tazewell,TN,47025,
53240,New Union,TN,47031,
53380,Niota,TN,47107,
53400,Nixon,TN,47071,
53460,Nolensville,TN,47187,
53520,Norene,TN,47189,
53580,Normandy,TN,47003,
53600,Norris,TN,47001,
54280,Oakdale,TN,47129,
54640,Oak Grove,TN,47165,
54700,Oak Grove,TN,47179,
54780,Oak Hill,TN,47037,
54920,Oakland,TN,47047,
55120,Oak Ridge,TN,47001 47145,
55240,Obion,TN,47131,
55280,Ocoee,TN,47139,
55800,Oliver Springs,TN,47001 47129 47145,
55820,Olivet,TN,47071,
55860,Oneida,TN,47151,
55900,Ooltewah,TN,47065,
55980,Orebank,TN,47163,
56020,Orlinda,TN,47147,
56040,Orme,TN,47115,
56560,Palmer,TN,47061,
56580,Palmersville,TN,47183,
56720,Paris,TN,47079,
56800,Park City,TN,47103,
56870,Parker's Crossroads,TN,47077,
57040,Parrottsville,TN,47029,
57080,Parsons,TN,47039,
57480,Pegram,TN,47021,
57500,Pelham,TN,47061,
57740,Petersburg,TN,47103 47117,
57780,Petros,TN,47129,
57900,Philadelphia,TN,47105,
58080,Pigeon Forge,TN,47155,
58120,Pikeville,TN,47007,
58240,Pine Crest,TN,47019,
58780,Pinson,TN,47113,
58840,Piperton,TN,47047,
58940,Pittman Center,TN,47155,
59020,Plainview,TN,47173,
59240,Pleasant Hill,TN,47035,
59560,Pleasant View,TN,47021,
59640,Pocahontas,TN,47069,
60280,Portland,TN,47147 47165,
60480,Powell,TN,47093,
60500,Powells Crossroads,TN,47115,
60800,Prospect,TN,47055,
61040,Pulaski,TN,47055,
61160,Puryear,TN,47079,
61520,Ramer,TN,47109,
61560,Randolph,TN,47167,
61635,Rarity Bay,TN,47105 47123,
61960,Red Bank,TN,47065,
62000,Red Boiling Springs,TN,47111,
62580,Riceville,TN,47107,
63060,Ridgely,TN,47095,
63080,Ridgeside,TN,47065,
63140,Ridgetop,TN,47037 47147,
63340,Ripley,TN,47097,
63800,Rives,TN,47131,
63840,Roan Mountain,TN,47019,
63920,Robbins,TN,47151,
64160,Rockford,TN,47009,
64400,Rockvale,TN,47149,
64440,Rockwood,TN,47145,
64668,Rocky Top,TN,47001 47013,
64820,Rogersville,TN,47073,
65240,Rossville,TN,47047,
65642,Rural Hill,TN,47189,
65740,Russellville,TN,47063,
65760,Rutherford,TN,47053,
65820,Rutledge,TN,47057,
66160,St. Joseph,TN,47099,
66220,Sale Creek,TN,47065,
66340,Saltillo,TN,47071,
66360,Samburg,TN,47131,
66660,Sardis,TN,47077,
66680,Saulsbury,TN,47069,
66720,Savannah,TN,47071,
66880,Scotts Hill,TN,47039 47077,
66940,Selmer,TN,47109,
66960,Sequatchie,TN,47115,
67120,Sevierville,TN,47155,
67140,Sewanee,TN,47051,
67200,Seymour,TN,47009 47155,
67230,Shackle Island,TN,47165,
67540,Sharon,TN,47183,
67760,Shelbyville,TN,47003,
67920,Sherwood,TN,47051,
68040,Shiloh,TN,47071,
68540,Signal Mountain,TN,47065,
68560,Silerton,TN,47023 47069,
69080,Slayden,TN,47043,
69320,Smithville,TN,47041,
69420,Smyrna,TN,47149 47187,
69460,Sneedville,TN,47067,
69560,Soddy-Daisy,TN,47065,
69620,Somerville,TN,47047,
69680,South Carthage,TN,47159,
69740,South Cleveland,TN,47011,
69900,South Fulton,TN,47131,
70060,South Pittsburg,TN,47115,
70180,Sparta,TN,47185,
70240,Spencer,TN,47175,
70400,Spring City,TN,47143,
70500,Springfield,TN,47147,
70580,Spring Hill,TN,47119 47187,
70680,Spurgeon,TN,47163 47179,
70820,Stanton,TN,47075,
70840,Stantonville,TN,47109,
70900,Statesville,TN,47189,
71500,Strawberry Plains,TN,47089,
71800,Sullivan Gardens,TN,47163,
72040,Summertown,TN,47099,
72140,Sunbright,TN,47129,
72380,Surgoinsville,TN,47073,
72540,Sweetwater,TN,47107 47123,
72780,Taft,TN,47103,
73120,Tazewell,TN,47025,
73220,Telford,TN,47179,
73260,Tellico Plains,TN,47123,
73270,Tellico Village,TN,47105,
73460,Tennessee Ridge,TN,47083,
73900,Thompson's Station,TN,47187,
74100,Three Way,TN,47113,
74540,Tiptonville,TN,47095,
74640,Toone,TN,47069,
74860,Townsend,TN,47009,
74880,Tracy City,TN,47061,
75000,Trenton,TN,47053,
75100,Trezevant,TN,47017,
75160,Trimble,TN,47045 47131,
75240,Troy,TN,47131,
75300,Tuckers Crossroads,TN,47189,
75320,Tullahoma,TN,47031 47051,
75560,Tusculum,TN,47059,
75820,Unicoi,TN,47171,
75940,Union City,TN,47131,
76180,Unionville,TN,47003,
76660,Valley Forge,TN,47019,
76860,Vanleer,TN,47043,
77400,Viola,TN,47177,
77480,Vonore,TN,47009 47123,
77540,Walden,TN,47065,
77700,Walland,TN,47009,
77760,Walnut Grove,TN,47071,
77820,Walnut Grove,TN,47165,
77900,Walnut Hill,TN,47163,
77980,Walterhill,TN,47149,
78100,Wartburg,TN,47129,
78120,Wartrace,TN,47003,
78240,Watauga,TN,47019 47179,
78320,Watertown,TN,47189,
78560,Waverly,TN,47085,
78600,Waynesboro,TN,47181,
79420,Westmoreland,TN,47165,
79500,Westpoint,TN,47099,
79980,White Bluff,TN,47043,
80200,White House,TN,47147 47165,
80360,White Pine,TN,47063 47089,
80500,Whiteside,TN,47115,
80540,Whiteville,TN,47069,
80580,Whitlock,TN,47079,
80620,Whitwell,TN,47115,
80720,Wildersville,TN,47077,
80740,Wildwood,TN,47009,
80760,Wildwood Lake,TN,47011,
81020,Williston,TN,47047,
81080,Winchester,TN,47051,
81280,Winfield,TN,47151,
81560,Woodbury,TN,47015,
81700,Woodland Mills,TN,47131,
82120,Wrigley,TN,47081,
82200,Wynnburg,TN,47095,
82360,Yorkville,TN,47053,
82440,Yuma,TN,47017,
00100,Abbott,TX,48217,
00160,Abernathy,TX,48189 48303,
01000,Abilene,TX,48253 48441,
01060,Abram,TX,48215,
01084,Acala,TX,48229,
01108,Ackerly,TX,48115 48317,
01240,Addison,TX,48113,
01324,Adrian,TX,48359,
01390,Agua Dulce,TX,48141,
01396,Agua Dulce,TX,48355,
01420,Aguilares,TX,48479,
01500,Airport Heights,TX,48427,
01514,Airport Road Addition,TX,48047,
01576,Alamo,TX,48215,
01594,Alamo Beach,TX,48057,
01600,Alamo Heights,TX,48029,
01612,Alanreed,TX,48179,
01636,Alba,TX,48379 48499,
01648,Albany,TX,48417,
01696,Aldine,TX,48201,
01744,Aledo,TX,48367,
01816,Alfred,TX,48249,
01852,Alice,TX,48249,
01858,Alice Acres,TX,48249,
01924,Allen,TX,48085,
02032,Allison,TX,48483,
02044,Alma,TX,48139,
02104,Alpine,TX,48043,
02188,Alto,TX,48073,
02194,Alto Bonito Heights,TX,48427,
02212,Alton,TX,48215,
02260,Alvarado,TX,48251,
02272,Alvin,TX,48039,
02284,Alvord,TX,48497,
02286,Amada Acres,TX,48427,
02290,Amargosa,TX,48249,
03000,Amarillo,TX,48375 48381,
03008,Amaya,TX,48507,
03072,Ames,TX,48291,
03084,Amherst,TX,48279,
03096,Amistad,TX,48465,
03126,Anacua,TX,48427,
03144,Anahuac,TX,48071,
03192,Anderson,TX,48185,
03216,Andrews,TX,48003,
03264,Angleton,TX,48039,
03288,Angus,TX,48349,
03300,Anna,TX,48085,
03336,Annetta,TX,48367,
03340,Annetta North,TX,48367,
03342,Annetta South,TX,48367,
03360,Annona,TX,48387,
03372,Anson,TX,48253,
03432,Anthony,TX,48141,
03540,Anton,TX,48219,
03564,Appleby,TX,48347,
03588,Aquilla,TX,48217,
03600,Aransas Pass,TX,48007 48355 48409,
03696,Archer City,TX,48009,
03708,Arcola,TX,48157,
03768,Argyle,TX,48121,
04000,Arlington,TX,48439,
04156,Arp,TX,48423,
04174,Arroyo Colorado Estates,TX,48061,
04176,Arroyo Gardens,TX,48061,
04300,Asherton,TX,48127,
04408,Aspermont,TX,48433,
04462,Atascocita,TX,48201,
04504,Athens,TX,48213,
04516,Atlanta,TX,48067,
04600,Aubrey,TX,48121,
04672,Aurora,TX,48497,
05000,Austin,TX,48021 48209 48453 48491,
05036,Austwell,TX,48391,
05072,Avery,TX,48387,
05084,Avinger,TX,48067,
05168,Azle,TX,48367 48439,
05180,Bacliff,TX,48167,
05264,Bailey,TX,48147,
05288,Bailey's Prairie,TX,48039,
05336,Baird,TX,48059,
05372,Balch Springs,TX,48113,
05384,Balcones Heights,TX,48029,
05456,Ballinger,TX,48399,
05468,Balmorhea,TX,48389,
05520,B and E,TX,48427,
05528,Bandera,TX,48019,
05552,Bangs,TX,48049,
05576,Banquete,TX,48355,
05612,Bardwell,TX,48139,
05648,Barksdale,TX,48137,
05690,Barrera,TX,48427,
05696,Barrett,TX,48201,
05708,Barry,TX,48349,
05720,Barstow,TX,48475,
05732,Bartlett,TX,48027 48491,
05750,Barton Creek,TX,48453,
05768,Bartonville,TX,48121,
05864,Bastrop,TX,48021,
05924,Batesville,TX,48507,
05984,Bay City,TX,48321,
06060,Bayou Vista,TX,48167,
06104,Bayside,TX,48391,
06128,Baytown,TX,48071 48201,
06140,Bayview,TX,48061,
06200,Beach City,TX,48071,
06242,Bear Creek,TX,48209,
06244,Bear Creek Ranch,TX,48113,
06272,Beasley,TX,48157,
07000,Beaumont,TX,48245,
07036,Beauxart Gardens,TX,48245,
07042,Beaver Creek,TX,48051,
07108,Beckville,TX,48365,
07132,Bedford,TX,48439,
07144,Bedias,TX,48185,
07156,Bee Cave,TX,48453,
07192,Beeville,TX,48025,
07300,Bellaire,TX,48201,
07396,Bellevue,TX,48077,
07408,Bellmead,TX,48309,
07420,Bells,TX,48181,
07432,Bellville,TX,48015,
07486,Belterra,TX,48209,
07492,Belton,TX,48027,
07516,Ben Arnold,TX,48331,
07528,Benavides,TX,48131,
07540,Ben Bolt,TX,48249,
07552,Benbrook,TX,48439,
07636,Benjamin,TX,48275,
07642,Benjamin Perez,TX,48427,
07708,Ben Wheeler,TX,48467,
07852,Berryville,TX,48213,
07864,Bertram,TX,48053,
08104,Beverly Hills,TX,48309,
08128,Bevil Oaks,TX,48245,
08164,Bigfoot,TX,48163,
08212,Big Lake,TX,48383,
08224,Big Sandy,TX,48459,
08236,Big Spring,TX,48227,
08240,Big Thicket Lake Estates,TX,48291 48373,
08260,Big Wells,TX,48127,
08392,Bishop,TX,48355,
08398,Bishop Hills,TX,48375,
08404,Bivins,TX,48067,
08410,Bixby,TX,48061,
08488,Blackwell,TX,48081 48353,
08536,Blanco,TX,48031,
08596,Blanket,TX,48049,
08644,Bledsoe,TX,48079,
08668,Blessing,TX,48321,
08752,Bloomburg,TX,48067,
08788,Blooming Grove,TX,48349,
08800,Bloomington,TX,48469,
08812,Blossom,TX,48277,
08830,Blue Berry Hill,TX,48025,
08860,Blue Mound,TX,48439,
08872,Blue Ridge,TX,48085,
08908,Bluetown,TX,48061,
08932,Bluff Dale,TX,48143,
09004,Blum,TX,48217,
09160,Boerne,TX,48259,
09172,Bogata,TX,48387,
09232,Boling,TX,48481,
09250,Bolivar Peninsula,TX,48167,
09310,Bonanza Hills,TX,48479,
09328,Bonham,TX,48147,
09388,Bonney,TX,48039,
09448,Booker,TX,48295 48357,
09556,Borger,TX,48233,
09598,Botines,TX,48479,
09628,Bovina,TX,48369,
09640,Bowie,TX,48337,
09656,Box Canyon,TX,48465,
09748,Boyd,TX,48497,
09796,Boys Ranch,TX,48359,
09868,Brackettville,TX,48271,
09916,Brady,TX,48307,
10072,Brazoria,TX,48039,
10084,Brazos,TX,48363,
10090,Brazos Country,TX,48015,
10132,Breckenridge,TX,48429,
10144,Bremond,TX,48395,
10156,Brenham,TX,48477,
10192,Briar,TX,48367 48439 48497,
10197,Briarcliff,TX,48453,
10216,Briaroaks,TX,48251,
10252,Bridge City,TX,48361,
10264,Bridgeport,TX,48497,
10276,Briggs,TX,48053,
10336,Bristol,TX,48139,
10384,Broaddus,TX,48405,
10528,Bronte,TX,48081,
10636,Brookshire,TX,48473,
10648,Brookside Village,TX,48039,
10660,Brookston,TX,48277,
10708,Browndell,TX,48241,
10720,Brownfield,TX,48445,
10756,Brownsboro,TX,48213,
10768,Brownsville,TX,48061,
10780,Brownwood,TX,48049,
10828,Bruceville-Eddy,TX,48145 48309,
10852,Brundage,TX,48127,
10876,Bruni,TX,48479,
10897,Brushy Creek,TX,48491,
10912,Bryan,TX,48041,
10960,Bryson,TX,48237,
10984,Buchanan Dam,TX,48299,
10990,Buchanan Lake Village,TX,48299,
11020,Buckholts,TX,48331,
11080,Buda,TX,48209,
11102,Buena Vista,TX,48427,
11116,Buffalo,TX,48289,
11128,Buffalo Gap,TX,48441,
11155,Buffalo Springs Lake,TX,48303,
11212,Bullard,TX,48073 48423,
11224,Bulverde,TX,48091,
11236,Buna,TX,48241,
11300,Bunker Hill Village,TX,48201,
11368,Burkburnett,TX,48485,
11380,Burke,TX,48005,
11428,Burleson,TX,48251 48439,
11440,Burlington,TX,48331,
11464,Burnet,TX,48053,
11536,Burton,TX,48477,
11572,Bushland,TX,48375 48381,
11626,Butterfield,TX,48141,
11644,Byers,TX,48077,
11656,Bynum,TX,48217,
11692,Cactus,TX,48341,
11716,Caddo Mills,TX,48231,
11725,Cade Lakes,TX,48051,
11836,Caldwell,TX,48051,
11940,Callender Lake,TX,48467,
11968,Callisburg,TX,48097,
11992,Calvert,TX,48395,
12010,Camargito,TX,48427,
12040,Cameron,TX,48331,
12045,Cameron Park,TX,48061,
12112,Campbell,TX,48231,
12226,Campo Verde,TX,48427,
12334,Camp Swift,TX,48021,
12388,Camp Wood,TX,48385,
12412,Canadian,TX,48211,
12472,Caney City,TX,48213,
12496,Canton,TX,48467,
12502,Cantu Addition,TX,48047,
12508,Canutillo,TX,48141,
12532,Canyon,TX,48381,
12562,Canyon Creek,TX,48221,
12580,Canyon Lake,TX,48091,
12600,Cape Royale,TX,48407,
12736,Carbon,TX,48133,
12892,Carlsbad,TX,48451,
12895,Carl's Corner,TX,48217,
12904,Carlton,TX,48193,
12916,Carmine,TX,48149,
12982,Carrizo Hill,TX,48127,
12988,Carrizo Springs,TX,48127,
13024,Carrollton,TX,48085 48113 48121,
13075,Carter,TX,48367,
13108,Carthage,TX,48365,
13128,Casa Blanca,TX,48427,
13150,Casas,TX,48427,
13198,Cashion Community,TX,48485,
13276,Castle Hills,TX,48029,
13312,Castroville,TX,48325,
13324,Catarina,TX,48127,
13432,Cedar Creek,TX,48021,
13492,Cedar Hill,TX,48113 48139,
13552,Cedar Park,TX,48453 48491,
13570,Cedar Point,TX,48373,
13672,Celeste,TX,48231,
13684,Celina,TX,48085 48121,
13732,Center,TX,48419,
13828,Center Point,TX,48265,
13900,Centerville,TX,48289,
13972,Central Gardens,TX,48245,
14038,César Chávez,TX,48215,
14224,Chandler,TX,48213,
14236,Channelview,TX,48201,
14260,Channing,TX,48205,
14266,Chaparrito,TX,48427,
14290,Chapeno,TX,48427,
14404,Charlotte,TX,48013,
14584,Chester,TX,48457,
14620,Chico,TX,48497,
14668,Childress,TX,48075,
14680,Chillicothe,TX,48197,
14692,Chilton,TX,48145,
14704,China,TX,48245,
14716,China Grove,TX,48029,
14740,China Spring,TX,48309,
14776,Chireno,TX,48347,
14860,Christine,TX,48013,
14872,Christoval,TX,48451,
14880,Chula Vista,TX,48061,
14881,Chula Vista,TX,48323,
14882,Chula Vista,TX,48507,
14920,Cibolo,TX,48029 48187,
14927,Cienegas Terrace,TX,48465,
14929,Cinco Ranch,TX,48157 48201,
14986,Circle D-KC Estates,TX,48021,
15004,Cisco,TX,48133,
15028,Citrus City,TX,48215,
15112,Clarendon,TX,48129,
15160,Clarksville,TX,48387,
15172,Clarksville City,TX,48183 48459,
15196,Claude,TX,48011,
15232,Clay,TX,48051,
15328,Clear Lake Shores,TX,48167,
15364,Cleburne,TX,48251,
15436,Cleveland,TX,48291 48339 48407,
15472,Clifton,TX,48035,
15544,Clint,TX,48141,
15628,Cloverleaf,TX,48201,
15652,Clute,TX,48039,
15676,Clyde,TX,48059,
15700,Coahoma,TX,48227,
15796,Cockrell Hill,TX,48113,
15820,Coffee City,TX,48213,
15892,Coldspring,TX,48407,
15916,Coleman,TX,48083,
15976,College Station,TX,48041,
15988,Colleyville,TX,48439,
16036,Collinsville,TX,48181,
16048,Colmesneil,TX,48457,
16110,Colorado Acres,TX,48479,
16120,Colorado City,TX,48335,
16168,Columbus,TX,48089,
16192,Comanche,TX,48093,
16204,Combes,TX,48061,
16216,Combine,TX,48113 48257,
16228,Comfort,TX,48259,
16240,Commerce,TX,48231,
16252,Como,TX,48223,
16300,Concepcion,TX,48131,
16432,Conroe,TX,48339,
16468,Converse,TX,48029,
16540,Cool,TX,48367,
16552,Coolidge,TX,48293,
16564,Cooper,TX,48119,
16612,Coppell,TX,48113 48121,
16624,Copperas Cove,TX,48027 48099 48281,
16636,Copper Canyon,TX,48121,
16696,Corinth,TX,48121,
17000,Corpus Christi,TX,48007 48273 48355 48409,
17021,Corral City,TX,48121,
17036,Corrigan,TX,48373,
17060,Corsicana,TX,48349,
17200,Cottonwood,TX,48257,
17208,Cottonwood Shores,TX,48053,
17216,Cotulla,TX,48283,
17312,Coupland,TX,48491,
17336,Cove,TX,48071,
17372,Covington,TX,48217,
17408,Coyanosa,TX,48371,
17426,Coyote Acres,TX,48249,
17429,Coyote Flats,TX,48251,
17504,Crandall,TX,48257,
17516,Crane,TX,48103,
17540,Cranfills Gap,TX,48035,
17564,Crawford,TX,48309,
17612,Creedmoor,TX,48209 48453,
17648,Cresson,TX,48221 48251 48367,
17744,Crockett,TX,48225,
17756,Crosby,TX,48201,
17768,Crosbyton,TX,48107,
17811,Cross Mountain,TX,48029,
17816,Cross Plains,TX,48059,
17852,Cross Roads,TX,48121,
17917,Cross Timber,TX,48251,
17948,Crowell,TX,48155,
17960,Crowley,TX,48251 48439,
18020,Crystal City,TX,48507,
18092,Cuero,TX,48123,
18104,Cuevitas,TX,48215,
18128,Cumby,TX,48223,
18134,Cumings,TX,48157,
18152,Cuney,TX,48073,
18224,Cushing,TX,48347,
18260,Cut and Shoot,TX,48339,
18464,Daingerfield,TX,48343,
18476,Daisetta,TX,48291,
18524,Dalhart,TX,48111 48205,
19000,Dallas,TX,48085 48113 48121 48257 48397,
19084,Dalworthington Gardens,TX,48439,
19108,Damon,TX,48039,
19120,Danbury,TX,48039,
19288,Darrouzett,TX,48295,
19420,Dawson,TX,48349,
19432,Dayton,TX,48291,
19435,Dayton Lakes,TX,48291,
19456,Dean,TX,48077,
19492,Deanville,TX,48051,
19528,Decatur,TX,48497,
19570,DeCordova,TX,48221,
19624,Deer Park,TX,48201,
19632,Deerwood,TX,48339,
19648,De Kalb,TX,48037,
19672,De Leon,TX,48093,
19708,Dell City,TX,48229,
19714,Del Mar Heights,TX,48061,
19732,Delmita,TX,48427,
19792,Del Rio,TX,48465,
19808,Del Sol,TX,48409,
19900,Denison,TX,48181,
19924,Dennis,TX,48367,
19972,Denton,TX,48121,
19984,Denver City,TX,48165 48501,
20020,Deport,TX,48277 48387,
20092,DeSoto,TX,48113,
20128,Detroit,TX,48387,
20140,Devers,TX,48291,
20152,Devine,TX,48325,
20212,Deweyville,TX,48351,
20248,D'Hanis,TX,48325,
20308,Diboll,TX,48005,
20332,Dickens,TX,48125,
20344,Dickinson,TX,48167,
20428,Dilley,TX,48163,
20452,Dime Box,TX,48287,
20464,Dimmitt,TX,48069,
20540,DISH,TX,48121,
20680,Dodd City,TX,48147,
20716,Dodson,TX,48087,
20734,Doffing,TX,48215,
20848,Domino,TX,48067,
20884,Donna,TX,48215,
20926,Doolittle,TX,48215,
20932,Dorchester,TX,48181,
21028,Double Oak,TX,48121,
21031,Double Horn,TX,48053,
21112,Douglassville,TX,48067,
21412,Driftwood,TX,48209,
21424,Dripping Springs,TX,48209,
21436,Driscoll,TX,48355,
21484,Dublin,TX,48143,
21556,Dumas,TX,48341,
21628,Duncanville,TX,48113,
21844,Eagle Lake,TX,48089,
21892,Eagle Pass,TX,48323,
21904,Early,TX,48049,
21928,Earth,TX,48279,
21958,East Alto Bonito,TX,48427,
21988,East Bernard,TX,48481,
22000,East Columbia,TX,48039,
22132,Eastland,TX,48133,
22168,East Mountain,TX,48183 48459,
22192,Easton,TX,48183 48401,
22276,East Tawakoni,TX,48379,
22516,Ector,TX,48147,
22528,Edcouch,TX,48215,
22552,Eden,TX,48095,
22588,Edgecliff Village,TX,48439,
22593,Edgewater Estates,TX,48409,
22612,Edgewood,TX,48467,
22660,Edinburg,TX,48215,
22708,Edmonson,TX,48189,
22720,Edna,TX,48239,
22744,Edom,TX,48467,
22768,Edroy,TX,48409,
22810,Eidson Road,TX,48323,
22840,Elbert,TX,48447,
22853,El Brazil,TX,48427,
22858,El Camino Angosto,TX,48061,
22864,El Campo,TX,48481,
22892,El Castillo,TX,48427,
22898,El Cenizo,TX,48427,
22905,El Cenizo,TX,48479,
22920,El Chaparral,TX,48427,
22960,Eldorado,TX,48413,
22984,Electra,TX,48485,
23044,Elgin,TX,48021 48453,
23062,Elias-Fela Solis,TX,48427,
23080,El Indio,TX,48323,
23140,Elkhart,TX,48001,
23164,El Lago,TX,48201,
23176,Ellinger,TX,48149,
23254,Elm Creek,TX,48323,
23272,Elmendorf,TX,48029 48493,
23278,El Mesquite,TX,48427,
23356,Elmo,TX,48257,
23398,E. Lopez,TX,48427,
24000,El Paso,TX,48141,
24013,El Quiote,TX,48427,
24015,El Rancho Vela,TX,48427,
24018,El Refugio,TX,48427,
24036,Elsa,TX,48215,
24055,El Socio,TX,48427,
24158,Emerald Bay,TX,48423,
24168,Emhouse,TX,48349,
24216,Emory,TX,48379,
24223,Encantada-Ranchito-El Calaboz,TX,48061,
24228,Enchanted Oaks,TX,48213,
24240,Encinal,TX,48283,
24252,Encino,TX,48047,
24348,Ennis,TX,48139,
24552,Escobares,TX,48427,
24636,Estelline,TX,48191,
24738,Eugenio Saenz,TX,48427,
24768,Euless,TX,48439,
24816,Eureka,TX,48349,
24828,Eustace,TX,48213,
24840,Evadale,TX,48241,
24864,Evant,TX,48099 48193,
24894,Evergreen,TX,48427,
24912,Everman,TX,48439,
25032,Fabens,TX,48141,
25038,Fabrica,TX,48323,
25068,Fairchilds,TX,48157,
25104,Fairfield,TX,48161,
25168,Fair Oaks Ranch,TX,48029 48091 48259,
25224,Fairview,TX,48085,
25338,Falconaire,TX,48427,
25344,Falcon Heights,TX,48427,
25348,Falcon Lake Estates,TX,48505,
25352,Falcon Mesa,TX,48505,
25356,Falcon Village,TX,48427,
25368,Falfurrias,TX,48047,
25392,Falls City,TX,48255,
25397,Falman,TX,48409,
25404,Fannett,TX,48245,
25452,Farmers Branch,TX,48113,
25488,Farmersville,TX,48085,
25512,Farnsworth,TX,48357,
25548,Farwell,TX,48369,
25572,Fate,TX,48397,
25644,Fayetteville,TX,48149,
25744,Fernando Salinas,TX,48427,
25752,Ferris,TX,48113 48139,
25795,Fifth Street,TX,48157,
26004,Flat,TX,48099,
26028,Flatonia,TX,48149,
26130,Flor del Rio,TX,48427,
26136,Florence,TX,48491,
26160,Floresville,TX,48493,
26220,Flowella,TX,48047,
26232,Flower Mound,TX,48121 48439,
26268,Floydada,TX,48153,
26280,Fluvanna,TX,48415,
26328,Follett,TX,48295,
26516,Forest Heights,TX,48361,
26544,Forest Hill,TX,48439,
26604,Forney,TX,48257,
26640,Forsan,TX,48227,
26664,Fort Bliss,TX,48141,
26666,Fort Cavazos,TX,48099,
26680,Fort Clark Springs,TX,48271,
26688,Fort Davis,TX,48243,
26724,Fort Hancock,TX,48229,
26808,Fort Stockton,TX,48371,
27000,Fort Worth,TX,48121 48251 48367 48439 48497,
27102,Four Corners,TX,48157,
27124,Four Points,TX,48479,
27144,Fowlerton,TX,48283,
27288,Franklin,TX,48395,
27300,Frankston,TX,48001 48213,
27348,Fredericksburg,TX,48171,
27420,Freeport,TX,48039,
27432,Freer,TX,48131,
27540,Fresno,TX,48157,
27648,Friendswood,TX,48167 48201,
27660,Friona,TX,48369,
27684,Frisco,TX,48085 48121,
27696,Fritch,TX,48233 48341,
27744,Fronton,TX,48427,
27748,Fronton Ranchettes,TX,48427,
27768,Frost,TX,48349,
27804,Fruitvale,TX,48467,
27876,Fulshear,TX,48157,
27888,Fulton,TX,48007,
27972,Gail,TX,48033,
27984,Gainesville,TX,48097,
27996,Galena Park,TX,48201,
28008,Gallatin,TX,48073,
28068,Galveston,TX,48167,
28080,Ganado,TX,48239,
28128,Garceno,TX,48427,
28152,Garciasville,TX,48427,
28176,Garden City,TX,48173,
28200,Gardendale,TX,48135,
28248,Garden Ridge,TX,48091,
28320,Garfield,TX,48453,
29000,Garland,TX,48085 48113 48397,
29012,Garner,TX,48367,
29036,Garrett,TX,48139,
29060,Garrison,TX,48347,
29096,Garwood,TX,48089,
29108,Gary City,TX,48365,
29114,Garza-Salinas II,TX,48427,
29168,Gatesville,TX,48099,
29216,Gause,TX,48331,
29336,Georgetown,TX,48491,
29348,George West,TX,48297,
29384,Geronimo,TX,48187,
29408,Gholson,TX,48309,
29432,Giddings,TX,48287,
29564,Gilmer,TX,48459,
29612,Girard,TX,48263,
29660,Gladewater,TX,48183 48459,
29732,Glazier,TX,48211,
29840,Glenn Heights,TX,48113 48139,
29876,Glen Rose,TX,48425,
29912,Glidden,TX,48089,
29972,Godley,TX,48251,
30044,Goldsmith,TX,48135,
30056,Goldthwaite,TX,48333,
30080,Goliad,TX,48175,
30092,Golinda,TX,48145 48309,
30116,Gonzales,TX,48177,
30188,Goodlow,TX,48349,
30224,Goodrich,TX,48373,
30272,Gordon,TX,48363,
30296,Goree,TX,48275,
30308,Gorman,TX,48133,
30380,Graford,TX,48363,
30392,Graham,TX,48503,
30416,Granbury,TX,48221,
30440,Grandfalls,TX,48475,
30464,Grand Prairie,TX,48113 48139 48439,
30476,Grand Saline,TX,48467,
30512,Grandview,TX,48251,
30548,Granger,TX,48491,
30560,Grangerland,TX,48339,
30584,Granite Shoals,TX,48053,
30608,Granjeno,TX,48215,
30629,Grape Creek,TX,48451,
30632,Grapeland,TX,48225,
30644,Grapevine,TX,48113 48121 48439,
30752,Grays Prairie,TX,48257,
30890,Green Valley Farms,TX,48061,
30920,Greenville,TX,48231,
31064,Gregory,TX,48409,
31100,Grey Forest,TX,48029,
31280,Groesbeck,TX,48293,
31292,Groom,TX,48065,
31328,Groves,TX,48245,
31340,Groveton,TX,48455,
31412,Gruver,TX,48195,
31442,Guadalupe Guerra,TX,48427,
31484,Guerra,TX,48247,
31592,Gun Barrel City,TX,48213,
31616,Gunter,TX,48181,
31628,Gustine,TX,48093,
31640,Guthrie,TX,48269,
31646,Gutierrez,TX,48427,
31715,Hackberry,TX,48121,
31820,Hale Center,TX,48189,
31868,Hallettsville,TX,48285,
31880,Hallsburg,TX,48309,
31904,Hallsville,TX,48203,
31928,Haltom City,TX,48439,
31952,Hamilton,TX,48193,
31964,Hamlin,TX,48151 48253,
32012,Hamshire,TX,48245,
32156,Happy,TX,48381 48437,
32240,Hardin,TX,48291,
32246,Harding Gill Tract,TX,48215,
32300,Hargill,TX,48215,
32312,Harker Heights,TX,48027,
32372,Harlingen,TX,48061,
32456,Harper,TX,48171,
32552,Harrold,TX,48487,
32576,Hart,TX,48069,
32612,Hartley,TX,48205,
32684,Harwood,TX,48177,
32696,Haskell,TX,48207,
32720,Haslet,TX,48121 48439,
32792,Havana,TX,48215,
32810,Hawk Cove,TX,48231,
32816,Hawkins,TX,48499,
32840,Hawley,TX,48253,
32906,Hays,TX,48209,
32910,H. Cuellar Estates,TX,48427,
32972,Hearne,TX,48395,
32978,Heartland,TX,48257,
32984,Heath,TX,48257 48397,
33008,Hebbronville,TX,48247,
33020,Hebron,TX,48085 48121,
33044,Hedley,TX,48129,
33068,Hedwig Village,TX,48201,
33092,Heidelberg,TX,48215,
33146,Helotes,TX,48029,
33188,Hemphill,TX,48403,
33200,Hempstead,TX,48473,
33212,Henderson,TX,48401,
33284,Henrietta,TX,48077,
33320,Hereford,TX,48117,
33356,Hermleigh,TX,48415,
33428,Hewitt,TX,48309,
33476,Hickory Creek,TX,48121,
33548,Hico,TX,48143 48193,
33560,Hidalgo,TX,48215,
33578,Hideaway,TX,48423,
33608,Higgins,TX,48295,
33794,Highland Haven,TX,48053,
33824,Highland Park,TX,48113,
33836,Highlands,TX,48201,
33848,Highland Village,TX,48121,
33968,Hill Country Village,TX,48029,
34018,Hillcrest Village,TX,48039,
34088,Hillsboro,TX,48217,
34105,Hillside Acres,TX,48479,
34130,Hilltop,TX,48163,
34133,Hilltop,TX,48427,
34136,Hilltop Lakes,TX,48289,
34148,Hilshire Village,TX,48201,
34220,Hitchcock,TX,48167,
34478,Holiday Beach,TX,48007,
34502,Holiday Lakes,TX,48039,
34508,Holland,TX,48027,
34532,Holliday,TX,48009,
34586,Holly Lake Ranch,TX,48499,
34628,Hollywood Park,TX,48029,
34671,Homestead Meadows North,TX,48141,
34673,Homestead Meadows South,TX,48141,
34676,Hondo,TX,48325,
34700,Honey Grove,TX,48147,
34736,Hooks,TX,48037,
34832,Horizon City,TX,48141,
34856,Hornsby Bend,TX,48453,
34862,Horseshoe Bay,TX,48053 48299,
34865,Horseshoe Bend,TX,48367,
35000,Houston,TX,48157 48201 48339 48473,
35072,Howardwick,TX,48129,
35084,Howe,TX,48181,
35180,Hubbard,TX,48217,
35204,Huckabay,TX,48143,
35228,Hudson,TX,48005,
35253,Hudson Bend,TX,48453,
35254,Hudson Oaks,TX,48367,
35300,Hughes Springs,TX,48067 48343,
35324,Hull,TX,48291,
35348,Humble,TX,48201,
35420,Hungerford,TX,48481,
35480,Hunters Creek Village,TX,48201,
35492,Huntington,TX,48005,
35528,Huntsville,TX,48471,
35576,Hurst,TX,48439,
35612,Hutchins,TX,48113,
35624,Hutto,TX,48491,
35636,Huxley,TX,48419,
35684,Iago,TX,48481,
35732,Idalou,TX,48303,
35754,Iglesia Antigua,TX,48061,
35816,Impact,TX,48441,
35828,Imperial,TX,48371,
35915,Indian Hills,TX,48215,
35918,Indian Lake,TX,48061,
35954,Indian Springs,TX,48373,
35966,Indio,TX,48427,
35984,Industry,TX,48015,
35996,Inez,TX,48469,
36008,Ingleside,TX,48355 48409,
36020,Ingleside on the Bay,TX,48409,
36032,Ingram,TX,48265,
36068,Iola,TX,48185,
36092,Iowa Colony,TX,48039,
36104,Iowa Park,TX,48485,
36128,Iraan,TX,48371,
36140,Iredell,TX,48035,
37000,Irving,TX,48113,
37072,Italy,TX,48139,
37084,Itasca,TX,48217,
37112,Ivanhoe,TX,48457,
37156,Jacinto City,TX,48201,
37168,Jacksboro,TX,48237,
37216,Jacksonville,TX,48073,
37252,Jamaica Beach,TX,48167,
37390,Jardin de San Julian,TX,48427,
37396,Jarrell,TX,48491,
37420,Jasper,TX,48241,
37468,Jayton,TX,48263,
37528,Jefferson,TX,48315,
37612,Jersey Village,TX,48201,
37648,Jewett,TX,48289,
37665,J.F. Villareal,TX,48427,
37684,Joaquin,TX,48419,
37780,Johnson City,TX,48031,
37924,Jolly,TX,48077,
37984,Jones Creek,TX,48039,
38020,Jonestown,TX,48453,
38068,Josephine,TX,48085 48231,
38080,Joshua,TX,48251,
38116,Jourdanton,TX,48013,
38168,Juarez,TX,48061,
38248,Junction,TX,48267,
38332,Justin,TX,48121,
38452,Karnes City,TX,48255,
38476,Katy,TX,48157 48201 48473,
38488,Kaufman,TX,48257,
38518,K-Bar Ranch,TX,48249,
38548,Keene,TX,48251,
38632,Keller,TX,48439,
38776,Kemah,TX,48167,
38788,Kemp,TX,48257,
38800,Kempner,TX,48281,
38848,Kendleton,TX,48157,
38860,Kenedy,TX,48255,
38872,Kenefick,TX,48291,
38884,Kennard,TX,48225,
38896,Kennedale,TX,48439,
38992,Kerens,TX,48349,
39004,Kermit,TX,48495,
39040,Kerrville,TX,48265,
39124,Kilgore,TX,48183 48401,
39148,Killeen,TX,48027,
39292,Kingsbury,TX,48187,
39304,Kingsland,TX,48299,
39352,Kingsville,TX,48273,
39448,Kirby,TX,48029,
39460,Kirbyville,TX,48241,
39520,Kirvin,TX,48161,
39664,Knippa,TX,48463,
39680,Knollwood,TX,48181,
39700,Knox City,TX,48275,
39784,Kopperl,TX,48035,
39844,Kosse,TX,48293,
39868,Kountze,TX,48199,
39904,Kress,TX,48437,
39916,Krugerville,TX,48121,
39928,Krum,TX,48121,
39940,Kurten,TX,48041,
39952,Kyle,TX,48209,
39988,La Blanca,TX,48215,
39994,La Carla,TX,48427,
40000,La Casita,TX,48427,
40018,La Chuparosa,TX,48427,
40036,Lackland AFB,TX,48029,
40100,La Coma,TX,48479,
40104,La Coma Heights,TX,48215,
40108,LaCoste,TX,48325,
40168,Lacy-Lakeview,TX,48309,
40180,Ladonia,TX,48147,
40186,La Escondida,TX,48427,
40188,La Esperanza,TX,48427,
40204,La Feria,TX,48061,
40210,La Feria North,TX,48061,
40258,Lago,TX,48061,
40262,Lago Vista,TX,48427,
40264,Lago Vista,TX,48453,
40276,La Grange,TX,48149,
40288,La Grulla,TX,48427,
40300,Laguna Heights,TX,48061,
40312,Laguna Park,TX,48035,
40320,Laguna Seca,TX,48215,
40336,Laguna Vista,TX,48061,
40342,La Homa,TX,48215,
40384,La Joya,TX,48215,
40450,Lake Bridgeport,TX,48497,
40456,Lake Brownwood,TX,48049,
40462,Lake Bryan,TX,48041,
40468,Lake Cherokee,TX,48183 48401,
40472,Lake City,TX,48409,
40475,Lake Colorado City,TX,48335,
40516,Lake Dallas,TX,48121,
40522,Lake Dunlap,TX,48187,
40576,Lakehills,TX,48019,
40588,Lake Jackson,TX,48039,
40624,Lake Kiowa,TX,48097,
40674,Lake Medina Shores,TX,48019 48325,
40676,Lake Meredith Estates,TX,48233,
40696,Lakeport,TX,48183,
40714,Lakeshore Gardens-Hidden Acres,TX,48409,
40738,Lakeside,TX,48409,
40744,Lakeside,TX,48439,
40756,Lakeside City,TX,48009,
40804,Lake Tanglewood,TX,48381,
40888,Lakeview,TX,48191,
40966,Lake View,TX,48465,
40984,Lakeway,TX,48453,
41050,Lakewood Village,TX,48121,
41056,Lake Worth,TX,48439,
41086,La Loma de Falcon,TX,48427,
41092,Lamar,TX,48007,
41116,La Marque,TX,48167,
41164,Lamesa,TX,48115,
41170,La Minita,TX,48427,
41176,Lamkin,TX,48093,
41180,La Moca Ranch,TX,48479,
41188,Lampasas,TX,48281,
41212,Lancaster,TX,48113,
41404,Lantana,TX,48121,
41416,La Paloma,TX,48061,
41420,La Paloma Addition,TX,48409,
41422,La Paloma-Lost Creek,TX,48355,
41424,La Paloma Ranchettes,TX,48427,
41440,La Porte,TX,48201,
41449,La Presa,TX,48479,
41452,La Pryor,TX,48507,
41458,La Puerta,TX,48427,
41464,Laredo,TX,48479,
41473,Laredo Ranchettes,TX,48479,
41475,Laredo Ranchettes West,TX,48479,
41503,La Rosita,TX,48427,
41542,Lasana,TX,48061,
41548,Lasara,TX,48489,
41565,Las Haciendas,TX,48479,
41566,Las Lomas,TX,48427,
41569,Las Lomitas,TX,48247,
41579,Las Palmas,TX,48505,
41580,Las Palmas II,TX,48061,
41582,Las Pilas,TX,48479,
41583,Las Quintas Fronterizas,TX,48323,
41644,Latexo,TX,48225,
41660,La Tina Ranch,TX,48061,
41704,Laughlin AFB,TX,48465,
41728,Laureles,TX,48061,
41764,La Vernia,TX,48493,
41782,La Victoria,TX,48427,
41788,La Villa,TX,48215,
41800,Lavon,TX,48085,
41848,La Ward,TX,48239,
41872,Lawn,TX,48441,
41980,League City,TX,48167 48201,
42004,Leakey,TX,48385,
42016,Leander,TX,48453 48491,
42028,Leary,TX,48037,
42148,Lefors,TX,48179,
42244,Lelia Lake,TX,48129,
42256,Leming,TX,48013,
42340,Leona,TX,48289,
42352,Leonard,TX,48147,
42388,Leon Valley,TX,48029,
42400,Leroy,TX,48309,
42448,Levelland,TX,48219,
42508,Lewisville,TX,48113 48121,
42532,Lexington,TX,48287,
42568,Liberty,TX,48291,
42616,Liberty City,TX,48183,
42664,Liberty Hill,TX,48491,
42820,Lindale,TX,48423,
42844,Linden,TX,48067,
42868,Lindsay,TX,48097,
42874,Lindsay,TX,48389,
42880,Lingleville,TX,48143,
42916,Linn,TX,48215,
42940,Lipan,TX,48221,
42952,Lipscomb,TX,48295,
43000,Little Cypress,TX,48361,
43012,Little Elm,TX,48121,
43024,Littlefield,TX,48279,
43066,Little River-Academy,TX,48027,
43096,Live Oak,TX,48029,
43120,Liverpool,TX,48039,
43132,Livingston,TX,48373,
43144,Llano,TX,48299,
43150,Llano Grande,TX,48215,
43216,Lockett,TX,48487,
43240,Lockhart,TX,48055,
43252,Lockney,TX,48153,
43354,Log Cabin,TX,48213,
43432,Lolita,TX,48239,
43458,Loma Grande,TX,48507,
43460,Loma Linda,TX,48409,
43462,Loma Linda East,TX,48249,
43463,Loma Linda East,TX,48427,
43465,Loma Linda West,TX,48427,
43474,Loma Vista,TX,48427,
43516,Lometa,TX,48281,
43636,Lone Oak,TX,48231,
43684,Lone Star,TX,48343,
43822,Longoria,TX,48427,
43888,Longview,TX,48183 48203,
43948,Loop,TX,48165,
43960,Lopeño,TX,48505,
43972,Lopezville,TX,48215,
43996,Loraine,TX,48335,
44020,Lorena,TX,48309,
44032,Lorenzo,TX,48107,
44038,Los Altos,TX,48479,
44044,Los Alvarez,TX,48427,
44062,Los Angeles,TX,48489,
44072,Los Arcos,TX,48479,
44075,Los Arrieros,TX,48427,
44076,Los Barreras,TX,48427,
44077,Los Centenarios,TX,48479,
44079,Los Corralitos,TX,48479,
44104,Los Ebanos,TX,48215,
44110,Los Ebanos,TX,48427,
44116,Los Fresnos,TX,48061,
44120,Los Fresnos,TX,48479,
44123,Los Huisaches,TX,48479,
44128,Los Indios,TX,48061,
44142,Los Lobos,TX,48505,
44145,Los Minerales,TX,48479,
44146,Los Nopalitos,TX,48479,
44162,Lost Creek,TX,48453,
44167,Los Veteranos I,TX,48479,
44168,Los Veteranos II,TX,48479,
44170,Los Ybanez,TX,48115,
44176,Lott,TX,48145,
44212,Louise,TX,48481,
44260,Lovelady,TX,48225,
44284,Loving,TX,48503,
44308,Lowry Crossing,TX,48085,
44344,Lozano,TX,48061,
45000,Lubbock,TX,48303,
45012,Lucas,TX,48085,
45048,Lueders,TX,48253 48417,
45072,Lufkin,TX,48005,
45096,Luling,TX,48055 48187,
45120,Lumberton,TX,48199,
45228,Lyford,TX,48489,
45276,Lyons,TX,48051,
45288,Lytle,TX,48013 48029 48325,
45324,Mabank,TX,48213 48257,
45384,McAllen,TX,48215,
45432,McCamey,TX,48461,
45444,McCaulley,TX,48151,
45564,McDade,TX,48021,
45576,Macdona,TX,48029,
45672,McGregor,TX,48099 48309,
45744,McKinney,TX,48085,
45750,McKinney Acres,TX,48003,
45780,McLean,TX,48179,
45804,McLendon-Chisholm,TX,48257 48397,
45816,McLeod,TX,48067,
45948,McQueeney,TX,48187,
45996,Madisonville,TX,48313,
46056,Magnolia,TX,48339,
46080,Magnolia Beach,TX,48057,
46224,Malakoff,TX,48213,
46260,Malone,TX,48217,
46308,Manchaca,TX,48453,
46440,Manor,TX,48453,
46452,Mansfield,TX,48139 48251 48439,
46492,Manuel Garcia,TX,48427,
46494,Manuel Garcia II,TX,48427,
46500,Manvel,TX,48039,
46572,Marathon,TX,48043,
46584,Marble Falls,TX,48053,
46620,Marfa,TX,48377,
46668,Marietta,TX,48067,
46692,Marion,TX,48187,
46716,Markham,TX,48321,
46740,Marlin,TX,48145,
46752,Marquez,TX,48289,
46776,Marshall,TX,48203,
46824,Mart,TX,48293 48309,
46848,Martindale,TX,48055,
46854,Martinez,TX,48427,
46968,Mason,TX,48319,
47004,Matador,TX,48345,
47016,Matagorda,TX,48321,
47040,Mathis,TX,48409,
47088,Maud,TX,48037,
47100,Mauriceville,TX,48361,
47172,May,TX,48049,
47268,Maypearl,TX,48139,
47316,Meadow,TX,48445,
47330,Meadowlakes,TX,48053,
47337,Meadows Place,TX,48157,
47406,Medina,TX,48505,
47460,Megargel,TX,48009,
47496,Melissa,TX,48085,
47568,Melvin,TX,48307,
47616,Memphis,TX,48191,
47628,Menard,TX,48327,
47676,Mentone,TX,48301,
47700,Mercedes,TX,48215,
47760,Meridian,TX,48035,
47796,Merkel,TX,48441,
47820,Mertens,TX,48217,
47832,Mertzon,TX,48235,
47892,Mesquite,TX,48113 48257,
47898,Mesquite,TX,48427,
47916,Mexia,TX,48293,
47988,Miami,TX,48393,
48048,Midfield,TX,48321,
48072,Midland,TX,48317 48329,
48096,Midlothian,TX,48139,
48180,Midway,TX,48313,
48272,Midway North,TX,48215,
48280,Midway South,TX,48215,
48315,Miguel Barrera,TX,48427,
48318,Mikes,TX,48427,
48320,Mila Doce,TX,48215,
48324,Milam,TX,48403,
48336,Milano,TX,48331,
48372,Mildred,TX,48349,
48396,Miles,TX,48399,
48408,Milford,TX,48139,
48478,Miller's Cove,TX,48449,
48564,Millsap,TX,48367,
48648,Mineola,TX,48499,
48684,Mineral Wells,TX,48363 48367,
48720,Mingus,TX,48363,
48750,Mi Ranchito Estate,TX,48427,
48756,Mirando City,TX,48479,
48768,Mission,TX,48215,
48772,Mission Bend,TX,48157 48201,
48804,Missouri City,TX,48157 48201,
48852,Mobeetie,TX,48483,
48858,Mobile City,TX,48397,
48936,Monahans,TX,48475 48495,
49032,Montague,TX,48337,
49068,Mont Belvieu,TX,48071 48291,
49080,Monte Alto,TX,48215,
49128,Montgomery,TX,48339,
49200,Moody,TX,48309,
49224,Moore,TX,48163,
49272,Moore Station,TX,48213,
49300,Moraida,TX,48427,
49314,Morales-Sanchez,TX,48505,
49320,Moran,TX,48417,
49356,Morgan,TX,48035,
49359,Morgan Farm,TX,48409,
49380,Morgan's Point,TX,48071 48201,
49392,Morgan's Point Resort,TX,48027,
49411,Morning Glory,TX,48141,
49440,Morse,TX,48195,
49464,Morton,TX,48079,
49512,Mosheim,TX,48035,
49560,Moulton,TX,48285,
49572,Mound,TX,48099,
49600,Mountain City,TX,48209,
49692,Mount Calm,TX,48217,
49728,Mount Enterprise,TX,48401,
49800,Mount Pleasant,TX,48449,
49860,Mount Vernon,TX,48159,
49932,Muenster,TX,48097,
49968,Muleshoe,TX,48017,
49992,Mullin,TX,48333,
50040,Munday,TX,48275,
50058,Muniz,TX,48215,
50076,Murchison,TX,48213,
50092,Murillo,TX,48215,
50100,Murphy,TX,48085,
50184,Mustang,TX,48349,
50200,Mustang Ridge,TX,48021 48055 48453,
50220,Myra,TX,48097,
50232,Myrtle Springs,TX,48467,
50256,Nacogdoches,TX,48347,
50268,Nada,TX,48089,
50316,Naples,TX,48343,
50322,Narciso Pena,TX,48427,
50352,Nash,TX,48037,
50376,Nassau Bay,TX,48201,
50400,Natalia,TX,48325,
50448,Navarro,TX,48349,
50472,Navasota,TX,48041 48185,
50496,Nazareth,TX,48069,
50544,Neches,TX,48001,
50580,Nederland,TX,48245,
50628,Needville,TX,48157,
50724,Nesbitt,TX,48203,
50742,Netos,TX,48427,
50760,Nevada,TX,48085,
50772,Newark,TX,48439 48497,
50796,New Berlin,TX,48187,
50808,New Boston,TX,48037,
50820,New Braunfels,TX,48091 48187,
50868,Newcastle,TX,48503,
50876,New Chapel Hill,TX,48423,
50916,New Deal,TX,48303,
50920,New Fairview,TX,48121 48497,
50924,New Falcon,TX,48505,
51012,New Home,TX,48305,
51036,New Hope,TX,48085,
51168,New London,TX,48401,
51336,New Summerfield,TX,48073,
51372,Newton,TX,48351,
51384,New Ulm,TX,48015,
51396,New Waverly,TX,48471,
51444,Neylandville,TX,48231,
51492,Niederwald,TX,48055 48209,
51552,Nina,TX,48427,
51588,Nixon,TX,48177 48493,
51648,Nocona,TX,48337,
51654,Nocona Hills,TX,48337,
51708,Nolanville,TX,48027,
51720,Nome,TX,48245,
51756,Noonday,TX,48423,
51792,Nordheim,TX,48123,
51828,Normandy,TX,48323,
51840,Normangee,TX,48289 48313,
51852,Normanna,TX,48025,
51900,North Alamo,TX,48215,
51984,North Cleveland,TX,48291,
52068,North Escobares,TX,48427,
52212,Northlake,TX,48121,
52302,North Pearsall,TX,48163,
52356,North Richland Hills,TX,48439,
52404,North San Pedro,TX,48355,
52668,Novice,TX,48083,
52902,Oak Grove,TX,48257,
52992,Oakhurst,TX,48407,
53004,Oak Island,TX,48071,
53115,Oak Leaf,TX,48139,
53130,Oak Point,TX,48121,
53154,Oak Ridge,TX,48097,
53160,Oak Ridge,TX,48257,
53190,Oak Ridge North,TX,48339,
53212,Oak Trail Shores,TX,48221,
53217,Oak Valley,TX,48349,
53232,Oakwood,TX,48161 48289,
53304,O'Brien,TX,48207,
53376,Odem,TX,48409,
53388,Odessa,TX,48135 48329,
53436,O'Donnell,TX,48115 48305,
53520,Oglesby,TX,48099,
53556,Oilton,TX,48479,
53616,Oklaunion,TX,48487,
53824,Old River-Winfree,TX,48071 48291,
53934,Olivarez,TX,48215,
53946,Olivia Lopez de Gutierrez,TX,48427,
53964,Olmito,TX,48061,
53970,Olmito and Olmito,TX,48427,
53988,Olmos Park,TX,48029,
54000,Olney,TX,48503,
54012,Olton,TX,48279,
54024,Omaha,TX,48343,
54048,Onalaska,TX,48373,
54075,Opdyke West,TX,48219,
54132,Orange,TX,48361,
54168,Orange Grove,TX,48249,
54186,Orason,TX,48061,
54192,Orchard,TX,48157,
54216,Ore City,TX,48459,
54432,Overton,TX,48401 48423,
54444,Ovilla,TX,48113 48139,
54509,Owl Ranch,TX,48249,
54528,Oyster Creek,TX,48039,
54552,Ozona,TX,48105,
54558,Pablo Pena,TX,48427,
54600,Paducah,TX,48101,
54624,Paige,TX,48021,
54636,Paint Rock,TX,48095,
54666,Paisano Park,TX,48409,
54684,Palacios,TX,48321,
54708,Palestine,TX,48001,
54726,Palisades,TX,48381,
54744,Palmer,TX,48139,
54748,Palmer,TX,48061,
54780,Palmhurst,TX,48215,
54798,Palm Valley,TX,48061,
54804,Palmview,TX,48215,
54810,Palmview South,TX,48215,
54846,Palo Blanco,TX,48427,
54868,Paloma Creek,TX,48121,
54872,Paloma Creek South,TX,48121,
54876,Palo Pinto,TX,48363,
54912,Pampa,TX,48179,
54960,Panhandle,TX,48065,
55008,Panorama Village,TX,48339,
55020,Pantego,TX,48439,
55056,Paradise,TX,48497,
55080,Paris,TX,48277,
55152,Parker,TX,48085,
56000,Pasadena,TX,48201,
56108,Pattison,TX,48473,
56156,Patton Village,TX,48339,
56252,Pawnee,TX,48025,
56276,Payne Springs,TX,48213,
56348,Pearland,TX,48039 48157 48201,
56384,Pearsall,TX,48163,
56432,Peaster,TX,48367,
56462,Pecan Acres,TX,48439 48497,
56468,Pecan Gap,TX,48119 48147,
56482,Pecan Grove,TX,48157,
56485,Pecan Hill,TX,48139,
56498,Pecan Plantation,TX,48221 48251,
56640,Pelican Bay,TX,48439,
56644,Pena,TX,48427,
56660,Pendleton,TX,48027,
56672,Penelope,TX,48217,
56696,Penitas,TX,48215,
56804,Perezville,TX,48215,
56864,Perrin,TX,48237,
56912,Perryton,TX,48357,
56996,Petersburg,TX,48189,
57044,Petrolia,TX,48077,
57056,Petronila,TX,48355,
57116,Pettus,TX,48025,
57128,Petty,TX,48277,
57176,Pflugerville,TX,48453 48491,
57200,Pharr,TX,48215,
57476,Pilot Point,TX,48097 48121 48181,
57494,Pinebrook,TX,48185,
57524,Pine Forest,TX,48361,
57566,Pine Harbor,TX,48315,
57596,Pinehurst,TX,48339,
57608,Pinehurst,TX,48361,
57615,Pine Island,TX,48473,
57644,Pineland,TX,48403,
57752,Pinewood Estates,TX,48199,
57800,Piney Point Village,TX,48201,
57908,Pittsburg,TX,48063,
57932,Placedo,TX,48469,
57968,Plains,TX,48501,
57980,Plainview,TX,48189,
58016,Plano,TX,48085 48121,
58040,Plantersville,TX,48185,
58088,Pleak,TX,48157,
58232,Pleasant Hill,TX,48373,
58280,Pleasanton,TX,48013,
58400,Pleasant Valley,TX,48485,
58436,Plum,TX,48149,
58448,Plum Grove,TX,48291,
58502,Poetry,TX,48257,
58532,Point,TX,48379,
58556,Point Blank,TX,48407,
58568,Point Comfort,TX,48057,
58586,Point Venture,TX,48453,
58664,Ponder,TX,48121,
58808,Port Aransas,TX,48355,
58820,Port Arthur,TX,48245 48361,
58850,Porter Heights,TX,48339,
58892,Port Isabel,TX,48061,
58904,Portland,TX,48355 48409,
58916,Port Lavaca,TX,48057,
58928,Port Mansfield,TX,48489,
58940,Port Neches,TX,48245,
58952,Port O'Connor,TX,48057,
59012,Post,TX,48169,
59065,Post Oak Bend,TX,48257,
59084,Poteet,TX,48013,
59096,Poth,TX,48493,
59108,Potosi,TX,48441,
59132,Pottsboro,TX,48181,
59156,Powderly,TX,48277,
59168,Powell,TX,48349,
59192,Poynor,TX,48213,
59210,Prado Verde,TX,48141,
59216,Praesel,TX,48331,
59336,Prairie View,TX,48473,
59384,Premont,TX,48249,
59396,Presidio,TX,48377,
59420,Preston,TX,48181,
59528,Priddy,TX,48333,
59540,Primera,TX,48061,
59576,Princeton,TX,48085,
59612,Proctor,TX,48093,
59636,Progreso,TX,48215,
59642,Progreso Lakes,TX,48215,
59696,Prosper,TX,48085 48121,
59748,Providence Village,TX,48121,
59794,Pueblo East,TX,48479,
59798,Pueblo Nuevo,TX,48479,
59984,Putnam,TX,48059,
59996,Pyote,TX,48475,
60020,Quail,TX,48087,
60026,Quail Creek,TX,48469,
60044,Quanah,TX,48197,
60080,Queen City,TX,48067,
60092,Quemado,TX,48323,
60098,Quesada,TX,48427,
60140,Quinlan,TX,48231,
60164,Quintana,TX,48039,
60176,Quitaque,TX,48045,
60188,Quitman,TX,48499,
60278,Radar Base,TX,48323,
60290,Rafael Pena,TX,48427,
60356,Ralls,TX,48107,
60380,Ramireno,TX,48505,
60408,Ramirez-Perez,TX,48427,
60422,Ramos,TX,48427,
60458,Ranchette Estates,TX,48489,
60478,Ranchitos del Norte,TX,48427,
60480,Ranchitos East,TX,48479,
60482,Ranchitos Las Lomas,TX,48479,
60518,Rancho Alegre,TX,48249,
60529,Rancho Banquete,TX,48355,
60534,Rancho Chico,TX,48409,
60539,Ranchos Penitas West,TX,48479,
60544,Rancho Viejo,TX,48061,
60554,Rancho Viejo,TX,48427,
60608,Randolph AFB,TX,48029,
60632,Ranger,TX,48133,
60644,Rangerville,TX,48061,
60668,Rankin,TX,48461,
60672,Ransom Canyon,TX,48303,
60686,Ratamosa,TX,48061,
60752,Ravenna,TX,48147,
60836,Raymondville,TX,48489,
60932,Realitos,TX,48131,
61040,Redfield,TX,48347,
61076,Redford,TX,48377,
61124,Redland,TX,48005,
61172,Red Lick,TX,48037,
61196,Red Oak,TX,48139,
61280,Red Rock,TX,48021,
61340,Redwater,TX,48037,
61352,Redwood,TX,48187,
61436,Refugio,TX,48391,
61454,Regino Ramirez,TX,48427,
61466,Reid Hope King,TX,48061,
61508,Reklaw,TX,48073 48401,
61532,Relampago,TX,48215,
61568,Rendon,TX,48439,
61592,Reno,TX,48277,
61604,Reno,TX,48367 48439,
61616,Retreat,TX,48349,
61700,Rhome,TX,48497,
61724,Ricardo,TX,48273,
61736,Rice,TX,48349,
61766,Rice Tracts,TX,48061,
61784,Richards,TX,48185,
61796,Richardson,TX,48085 48113,
61820,Richland,TX,48349,
61844,Richland Hills,TX,48439,
61880,Richland Springs,TX,48411,
61892,Richmond,TX,48157,
61904,Richwood,TX,48039,
62108,Riesel,TX,48309,
62132,Ringgold,TX,48337,
62138,Rio Bravo,TX,48479,
62168,Rio Grande City,TX,48427,
62180,Rio Hondo,TX,48061,
62240,Rio Vista,TX,48251,
62252,Rising Star,TX,48133,
62318,Rivereno,TX,48427,
62384,River Oaks,TX,48439,
62408,Riverside,TX,48471,
62468,Riviera,TX,48273,
62486,Road Runner,TX,48097,
62504,Roanoke,TX,48121 48439,
62528,Roaring Springs,TX,48345,
62564,Robert Lee,TX,48081,
62588,Robinson,TX,48309,
62600,Robstown,TX,48355,
62612,Roby,TX,48151,
62624,Rochelle,TX,48307,
62636,Rochester,TX,48207,
62672,Rockdale,TX,48331,
62732,Rock Island,TX,48089,
62804,Rockport,TX,48007,
62816,Rocksprings,TX,48137,
62828,Rockwall,TX,48397,
62834,Rockwell Place,TX,48381,
62870,Rocky Mound,TX,48063,
62924,Rogers,TX,48027,
63008,Rollingwood,TX,48453,
63020,Roma,TX,48427,
63044,Roman Forest,TX,48339,
63140,Ropesville,TX,48219,
63164,Rosanky,TX,48021,
63176,Roscoe,TX,48353,
63188,Rosebud,TX,48145,
63200,Rose City,TX,48361,
63272,Rose Hill Acres,TX,48199,
63284,Rosenberg,TX,48157,
63332,Rosharon,TX,48039,
63350,Rosita,TX,48323,
63380,Ross,TX,48309,
63404,Rosser,TX,48257,
63464,Rotan,TX,48151,
63476,Round Mountain,TX,48031,
63500,Round Rock,TX,48453 48491,
63524,Round Top,TX,48149,
63560,Rowena,TX,48399,
63572,Rowlett,TX,48113 48397,
63584,Roxton,TX,48277,
63668,Royse City,TX,48085 48231 48397,
63752,Rule,TX,48207,
63782,Runaway Bay,TX,48497,
63788,Runge,TX,48255,
63848,Rusk,TX,48073,
64004,Sabinal,TX,48463,
64064,Sachse,TX,48085 48113,
64088,Sadler,TX,48181,
64112,Saginaw,TX,48439,
64172,St. Hedwig,TX,48029,
64184,Saint Jo,TX,48337,
64220,St. Paul,TX,48085,
64244,St. Paul,TX,48409,
64268,Salado,TX,48027,
64307,Salida del Sol Estates,TX,48215,
64316,Salineño,TX,48427,
64322,Salineño North,TX,48427,
64442,Sammy Martinez,TX,48427,
64448,Samnorwood,TX,48087,
64460,Sam Rayburn,TX,48241,
64472,San Angelo,TX,48451,
65000,San Antonio,TX,48029 48091 48325,
65024,San Augustine,TX,48405,
65036,San Benito,TX,48061,
65048,San Carlos,TX,48215,
65049,San Carlos I,TX,48479,
65050,San Carlos II,TX,48479,
65066,Sanctuary,TX,48367,
65084,Sanderson,TX,48443,
65168,Sandia,TX,48249,
65180,San Diego,TX,48131 48249,
65210,Sandoval,TX,48427,
65240,Sand Springs,TX,48227,
65342,Sandy Hollow-Escondidas,TX,48355,
65344,Sandy Oaks,TX,48029,
65345,Sandy Point,TX,48039,
65360,San Elizario,TX,48141,
65372,San Felipe,TX,48015,
65378,San Fernando,TX,48427,
65384,Sanford,TX,48233,
65408,Sanger,TX,48097 48121,
65432,San Isidro,TX,48427,
65516,San Juan,TX,48215,
65532,San Juan,TX,48427,
65552,San Leanna,TX,48453,
65564,San Leon,TX,48167,
65600,San Marcos,TX,48055 48187 48209,
65612,San Patricio,TX,48409,
65620,San Pedro,TX,48061,
65636,San Perlita,TX,48489,
65648,San Saba,TX,48411,
65660,Sansom Park,TX,48439,
65672,Santa Anna,TX,48083,
65678,Santa Anna,TX,48427,
65690,Santa Clara,TX,48187,
65708,Santa Cruz,TX,48427,
65726,Santa Fe,TX,48167,
65744,Santa Maria,TX,48061,
65756,Santa Monica,TX,48489,
65762,Santa Rita Ranch,TX,48491,
65768,Santa Rosa,TX,48061,
65774,Santa Rosa,TX,48427,
65777,Santel,TX,48427,
65780,Santo,TX,48363,
65792,San Ygnacio,TX,48505,
65864,Sargent,TX,48321,
65876,Sarita,TX,48261,
66000,Savannah,TX,48121,
66008,Savoy,TX,48147,
66089,Scenic Oaks,TX,48029,
66128,Schertz,TX,48029 48091 48187,
66188,Schulenburg,TX,48149,
66248,Scissors,TX,48215,
66284,Scotland,TX,48009,
66332,Scottsville,TX,48203,
66368,Scurry,TX,48257,
66392,Seabrook,TX,48071 48167 48201,
66416,Seadrift,TX,48057,
66428,Seagoville,TX,48113 48257,
66440,Seagraves,TX,48165,
66464,Sealy,TX,48015,
66512,Sebastian,TX,48489,
66536,Seco Mines,TX,48323,
66644,Seguin,TX,48187,
66686,Seis Lagos,TX,48085,
66704,Selma,TX,48029 48091 48187,
66764,Seminole,TX,48165,
66806,Serenada,TX,48491,
66848,Seth Ward,TX,48189,
66884,Seven Oaks,TX,48373,
66908,Seven Points,TX,48213 48257,
66968,Seymour,TX,48023,
67010,Shadybrook,TX,48073,
67082,Shady Hollow,TX,48453,
67100,Shady Shores,TX,48121,
67136,Shallowater,TX,48303,
67160,Shamrock,TX,48483,
67268,Shavano Park,TX,48029,
67340,Sheffield,TX,48371,
67364,Shelbyville,TX,48419,
67376,Sheldon,TX,48201,
67400,Shenandoah,TX,48339,
67424,Shepherd,TX,48407,
67472,Sheridan,TX,48089,
67496,Sherman,TX,48181,
67554,Sherwood Shores,TX,48181,
67640,Shiner,TX,48285,
67664,Shiro,TX,48185,
67688,Shoreacres,TX,48071 48201,
67763,Sienna,TX,48157,
67772,Sierra Blanca,TX,48229,
67775,Siesta Acres,TX,48323,
67778,Siesta Shores,TX,48505,
67832,Silsbee,TX,48199,
67904,Silverton,TX,48045,
67964,Simonton,TX,48157,
68036,Sinton,TX,48409,
68120,Skellytown,TX,48065,
68132,Skidmore,TX,48025,
68180,Slaton,TX,48303,
68300,Smiley,TX,48177,
68456,Smithville,TX,48021,
68504,Smyer,TX,48219,
68576,Snook,TX,48051,
68624,Snyder,TX,48415,
68636,Socorro,TX,48141,
68678,Solis,TX,48061,
68708,Somerset,TX,48029,
68720,Somerville,TX,48051,
68756,Sonora,TX,48435,
68762,Sonterra,TX,48491,
68828,Sour Lake,TX,48199,
68846,South Alamo,TX,48215,
68966,South Fork Estates,TX,48247,
68978,South Frydek,TX,48015,
69020,South Houston,TX,48201,
69032,Southlake,TX,48121 48439,
69072,South La Paloma,TX,48249,
69104,Southmayd,TX,48181,
69120,South Mountain,TX,48099,
69140,South Padre Island,TX,48061,
69194,South Point,TX,48061,
69272,Southside Place,TX,48201,
69326,South Toledo Bend,TX,48351,
69353,Southwest Sandhill,TX,48475,
69380,Spade,TX,48279,
69432,Sparks,TX,48141,
69476,Spearman,TX,48195,
69548,Splendora,TX,48339,
69560,Spofford,TX,48271,
69596,Spring,TX,48201,
69608,Spring Branch,TX,48091,
69708,Spring Gardens,TX,48355,
69764,Springlake,TX,48279,
69800,Springtown,TX,48367 48497,
69830,Spring Valley Village,TX,48201,
69848,Spur,TX,48125,
69908,Stafford,TX,48157 48201,
69932,Stagecoach,TX,48339,
69980,Stamford,TX,48207 48253,
70040,Stanton,TX,48317,
70052,Staples,TX,48187,
70076,Star Harbor,TX,48213,
70154,Steiner Ranch,TX,48453,
70208,Stephenville,TX,48143,
70232,Sterling City,TX,48431,
70340,Stinnett,TX,48233,
70376,Stockdale,TX,48493,
70406,Stockton Bend,TX,48221,
70460,Stonewall,TX,48171,
70520,Stowell,TX,48071,
70544,Stratford,TX,48421,
70580,Strawn,TX,48363,
70604,Streetman,TX,48161 48349,
70688,Study Butte,TX,48043,
70772,Sudan,TX,48279,
70808,Sugar Land,TX,48157,
70868,Sullivan City,TX,48215,
70904,Sulphur Springs,TX,48223,
70940,Summerfield,TX,48069,
71060,Sundown,TX,48219,
71156,Sunnyvale,TX,48113,
71180,Sunray,TX,48341,
71228,Sunrise Beach Village,TX,48299,
71236,Sunrise Shores,TX,48213,
71264,Sunset,TX,48337,
71274,Sunset,TX,48427,
71289,Sunset Acres,TX,48479,
71324,Sunset Valley,TX,48453,
71356,Sun Valley,TX,48277,
71384,Surfside Beach,TX,48039,
71492,Sweeny,TX,48039,
71540,Sweetwater,TX,48353,
71636,Sylvester,TX,48151,
71684,Taft,TX,48409,
71696,Taft Southwest,TX,48409,
71708,Tahoka,TX,48305,
71732,Talco,TX,48449,
71756,Talty,TX,48257,
71820,Tanquecitos South Acres,TX,48479,
71824,Tanquecitos South Acres II,TX,48479,
71924,Tatum,TX,48365 48401,
71948,Taylor,TX,48491,
71960,Taylor Lake Village,TX,48201,
71966,Taylor Landing,TX,48245,
72020,Teague,TX,48161,
72080,Tehuacana,TX,48293,
72176,Temple,TX,48027,
72188,Tenaha,TX,48419,
72248,Terlingua,TX,48043,
72284,Terrell,TX,48257,
72296,Terrell Hills,TX,48029,
72368,Texarkana,TX,48037,
72392,Texas City,TX,48071 48167,
72464,Texhoma,TX,48421,
72476,Texline,TX,48111,
72530,The Colony,TX,48121,
72578,The Hills,TX,48453,
72581,The Homesteads,TX,48251,
72656,The Woodlands,TX,48201 48339,
72740,Thompsons,TX,48157,
72758,Thompsonville,TX,48247,
72776,Thorndale,TX,48331 48491,
72788,Thornton,TX,48293,
72800,Thorntonville,TX,48475,
72824,Thrall,TX,48491,
72872,Three Rivers,TX,48297,
72896,Throckmorton,TX,48447,
72902,Thunderbird Bay,TX,48049,
72948,Tierra Bonita,TX,48061,
72950,Tierra Dorada,TX,48427,
72952,Tierra Grande,TX,48355,
72954,Tierra Verde,TX,48355,
72989,Tiki Island,TX,48167,
72992,Tilden,TX,48311,
73030,Timbercreek Canyon,TX,48381,
73057,Timberwood Park,TX,48029,
73076,Timpson,TX,48419,
73112,Tioga,TX,48181,
73124,Tira,TX,48223,
73148,Tivoli,TX,48391,
73196,Toco,TX,48277,
73224,Todd Mission,TX,48185,
73268,Tolar,TX,48221,
73316,Tomball,TX,48201 48339,
73328,Tom Bean,TX,48181,
73352,Tool,TX,48213,
73376,Tornillo,TX,48141,
73424,Tow,TX,48299,
73493,Town of Pecos,TX,48389,
73496,Toyah,TX,48389,
73526,Tradewinds,TX,48409,
73562,Travis Ranch,TX,48257,
73580,Trent,TX,48441,
73592,Trenton,TX,48085 48147 48181,
73652,Trinidad,TX,48213,
73664,Trinity,TX,48455,
73710,Trophy Club,TX,48121 48439,
73724,Troup,TX,48073 48423,
73748,Troy,TX,48027,
73856,Tuleta,TX,48025,
73868,Tulia,TX,48437,
73904,Tulsita,TX,48025,
73928,Tunis,TX,48051,
73964,Turkey,TX,48191,
74048,Tuscola,TX,48441,
74132,Tye,TX,48441,
74144,Tyler,TX,48423,
74168,Tynan,TX,48025,
74216,Uhland,TX,48055 48209,
74228,Umbarger,TX,48381,
74240,Uncertain,TX,48203,
74312,Union Grove,TX,48459,
74372,Union Valley,TX,48231,
74408,Universal City,TX,48029,
74492,University Park,TX,48113,
74576,Utopia,TX,48463,
74588,Uvalde,TX,48463,
74594,Uvalde Estates,TX,48463,
74648,Valentine,TX,48243,
74660,Valera,TX,48083,
74667,Valle Hermoso,TX,48427,
74668,Valle Verde,TX,48479,
74670,Valle Vista,TX,48427,
74732,Valley Mills,TX,48035 48309,
74756,Valley View,TX,48097,
74895,Val Verde Park,TX,48465,
74912,Van,TX,48467,
74924,Van Alstyne,TX,48085 48181,
74984,Vanderbilt,TX,48239,
75032,Van Horn,TX,48109,
75068,Van Vleck,TX,48321,
75188,Vega,TX,48359,
75236,Venus,TX,48139 48251,
75308,Vernon,TX,48487,
75428,Victoria,TX,48469,
75432,Victoria Vera,TX,48427,
75476,Vidor,TX,48361,
75554,Villa del Sol,TX,48061,
75614,Villa Pancho,TX,48061,
75617,Villarreal,TX,48427,
75626,Villa Verde,TX,48215,
75668,Vinton,TX,48141,
75752,Volente,TX,48453,
75764,Von Ormy,TX,48029,
76000,Waco,TX,48309,
76012,Wadsworth,TX,48321,
76024,Waelder,TX,48177,
76048,Waka,TX,48357,
76096,Wake Village,TX,48037,
76228,Waller,TX,48201 48473,
76240,Wallis,TX,48015,
76348,Walnut Springs,TX,48035,
76564,Warren,TX,48457,
76576,Warren City,TX,48183 48459,
76612,Washburn,TX,48011,
76636,Waskom,TX,48203,
76672,Watauga,TX,48439,
76816,Waxahachie,TX,48139,
76864,Weatherford,TX,48367,
76924,Webberville,TX,48453,
76948,Webster,TX,48201,
77020,Weimar,TX,48089,
77044,Weinert,TX,48207,
77056,Weir,TX,48491,
77080,Welch,TX,48115,
77152,Wellington,TX,48087,
77164,Wellman,TX,48445,
77176,Wells,TX,48073,
77196,Wells Branch,TX,48453,
77272,Weslaco,TX,48215,
77332,West,TX,48309,
77336,West Alto Bonito,TX,48427,
77380,Westbrook,TX,48335,
77416,West Columbia,TX,48039,
77422,Westdale,TX,48249,
77490,Western Lake,TX,48367,
77620,Westlake,TX,48121 48439,
77632,West Lake Hills,TX,48453,
77662,West Livingston,TX,48373,
77680,Westminster,TX,48085,
77728,West Odessa,TX,48135,
77740,Weston,TX,48085,
77746,Weston Lakes,TX,48157,
77752,West Orange,TX,48361,
77788,Westover Hills,TX,48439,
77866,West Sharyland,TX,48215,
77896,West Tawakoni,TX,48231,
77956,West University Place,TX,48201,
78016,Westway,TX,48141,
78040,Westwood Shores,TX,48455,
78076,Westworth Village,TX,48439,
78136,Wharton,TX,48481,
78208,Wheeler,TX,48483,
78316,White Deer,TX,48065,
78328,Whiteface,TX,48079,
78388,Whitehouse,TX,48423,
78436,White Oak,TX,48183,
78532,Whitesboro,TX,48181,
78544,White Settlement,TX,48439,
78628,Whitewright,TX,48147 48181,
78640,Whitharral,TX,48219,
78664,Whitney,TX,48217,
79000,Wichita Falls,TX,48485,
79036,Wickett,TX,48475,
79180,Wildorado,TX,48359,
79192,Wild Peach Village,TX,48039,
79204,Wildwood,TX,48199 48457,
79408,Willis,TX,48339,
79456,Willow Grove,TX,48309,
79492,Willow Park,TX,48367,
79564,Wills Point,TX,48467,
79576,Wilmer,TX,48113,
79612,Wilson,TX,48305,
79624,Wimberley,TX,48209,
79672,Windcrest,TX,48029,
79684,Windom,TX,48147,
79696,Windthorst,TX,48009 48077,
79720,Winfield,TX,48449,
79756,Wingate,TX,48399,
79768,Wink,TX,48495,
79792,Winnie,TX,48071,
79816,Winnsboro,TX,48159 48499,
79828,Winona,TX,48423,
79876,Winters,TX,48399,
79919,Wixon Valley,TX,48041,
79948,Wolfe City,TX,48231,
79972,Wolfforth,TX,48303,
80044,Woodbranch,TX,48339,
80058,Woodcreek,TX,48209,
80144,Woodloch,TX,48339,
80176,Woodsboro,TX,48391,
80188,Woodson,TX,48447,
80212,Woodville,TX,48457,
80224,Woodway,TX,48309,
80296,Wortham,TX,48161,
80350,Wyldwood,TX,48021,
80356,Wylie,TX,48085 48113 48397,
80428,Yancey,TX,48325,
80440,Yantis,TX,48499,
80560,Yoakum,TX,48123 48285,
80584,Yorktown,TX,48123,
80686,Yznaga,TX,48061,
80716,Zapata,TX,48505,
80722,Zapata Ranch,TX,48489,
80724,Zarate,TX,48427,
80728,Zavalla,TX,48005,
80740,Zephyr,TX,48049,
80836,Zuehl,TX,48187,
00540,Alpine,UT,49049,
00650,Alta,UT,49035,
00760,Altamont,UT,49013,
00870,Alton,UT,49025,
01090,Amalga,UT,49005,
01310,American Fork,UT,49049,
01530,Aneth,UT,49037,
01750,Annabella,UT,49041,
01860,Antimony,UT,49017,
01905,Apple Valley,UT,49053,
02740,Aurora,UT,49041,
02960,Avon,UT,49005,
03345,Ballard,UT,49047,
03950,Bear River City,UT,49003,
04060,Beaver,UT,49001,
04720,Benjamin,UT,49049,
05050,Benson,UT,49005,
05380,Beryl Junction,UT,49021,
05490,Bicknell,UT,49055,
05534,Big Water,UT,49025,
06370,Blanding,UT,49037,
06590,Bluebell,UT,49013,
06700,Bluff,UT,49037,
06810,Bluffdale,UT,49035 49049,
06920,Bonanza,UT,49047,
07470,Boulder,UT,49017,
07690,Bountiful,UT,49011,
08020,Brian Head,UT,49021,
08460,Brigham City,UT,49003,
08570,Brighton,UT,49035,
08787,Bryce Canyon City,UT,49017,
09725,Cache,UT,49005,
10330,Cannonville,UT,49017,
10440,Carbonville,UT,49007,
10660,Castle Dale,UT,49015,
11000,Castle Valley,UT,49019,
11320,Cedar City,UT,49021,
11430,Cedar Fort,UT,49049,
11435,Cedar Highlands,UT,49021,
11440,Cedar Hills,UT,49049,
11870,Centerfield,UT,49039,
11980,Centerville,UT,49011,
12200,Central,UT,49053,
12260,Central Valley,UT,49041,
12420,Charleston,UT,49051,
12970,Circleville,UT,49031,
13190,Clarkston,UT,49005,
13300,Clawson,UT,49015,
13740,Clear Creek,UT,49007,
13850,Clearfield,UT,49011,
14070,Cleveland,UT,49015,
14290,Clinton,UT,49011,
14840,Coalville,UT,49043,
15720,Copperton,UT,49035,
15830,Corinne,UT,49003,
15940,Cornish,UT,49005,
16270,Cottonwood Heights,UT,49035,
16490,Cove,UT,49005,
18090,Dammeron Valley,UT,49053,
18140,Daniel,UT,49051,
18910,Delta,UT,49027,
19020,Deseret,UT,49027,
19680,Deweyville,UT,49003,
20120,Draper,UT,49035 49049,
20340,Duchesne,UT,49013,
20450,Dugway,UT,49045,
20780,Dutch John,UT,49009,
20810,Eagle Mountain,UT,49049,
20850,East Basin,UT,49043,
20890,East Carbon,UT,49007,
21880,Echo,UT,49043,
21990,Eden,UT,49057,
22210,Elberta,UT,49049,
22370,Elk Ridge,UT,49049,
22540,Elmo,UT,49015,
22650,Elsinore,UT,49041,
22760,Elwood,UT,49003,
22870,Emery,UT,49015,
22875,Emigration Canyon,UT,49035,
23200,Enoch,UT,49021,
23310,Enterprise,UT,49029,
23420,Enterprise,UT,49053,
23530,Ephraim,UT,49039,
23640,Erda,UT,49045,
23750,Escalante,UT,49017,
24080,Eureka,UT,49023,
24410,Fairfield,UT,49049,
24630,Fairview,UT,49039,
24740,Farmington,UT,49011,
24850,Farr West,UT,49057,
25070,Fayette,UT,49039,
25180,Ferron,UT,49015,
25290,Fielding,UT,49003,
25510,Fillmore,UT,49027,
25910,Flaming Gorge,UT,49009,
26610,Fort Duchesne,UT,49047,
26720,Fountain Green,UT,49039,
26940,Francis,UT,49043,
27270,Fremont,UT,49055,
27490,Fruit Heights,UT,49011,
27902,Garden,UT,49033,
27930,Garden City,UT,49033,
28150,Garland,UT,49003,
28810,Genola,UT,49049,
29360,Glendale,UT,49025,
29580,Glenwood,UT,49041,
30130,Goshen,UT,49049,
30900,Granite,UT,49035,
31120,Grantsville,UT,49045,
31670,Green River,UT,49015,
32660,Gunnison,UT,49039,
33002,Halchita,UT,49037,
33027,Halls Crossing,UT,49037,
33100,Hanksville,UT,49055,
33540,Harrisville,UT,49057,
33760,Hatch,UT,49017,
34200,Heber,UT,49051,
34530,Helper,UT,49007,
34640,Henefer,UT,49043,
34750,Henrieville,UT,49017,
34970,Herriman,UT,49035,
35120,Hideout,UT,49051,
35190,Highland,UT,49049,
35300,Hildale,UT,49053,
35740,Hinckley,UT,49027,
35823,Hobble Creek,UT,49049,
35960,Holden,UT,49027,
36070,Holladay,UT,49035,
36290,Honeyville,UT,49003,
36400,Hooper,UT,49057,
36620,Howell,UT,49003,
36730,Hoytsville,UT,49043,
36950,Huntington,UT,49015,
37060,Huntsville,UT,49057,
37170,Hurricane,UT,49053,
37390,Hyde Park,UT,49005,
37500,Hyrum,UT,49005,
37690,Independence,UT,49051,
37924,Interlaken,UT,49051,
38710,Ivins,UT,49053,
39040,Jensen,UT,49047,
39370,Joseph,UT,49041,
39590,Junction,UT,49031,
39810,Kamas,UT,49043,
39920,Kanab,UT,49025,
40030,Kanarraville,UT,49021,
40250,Kanosh,UT,49027,
40360,Kaysville,UT,49011,
40470,Kearns,UT,49035,
41020,Kenilworth,UT,49007,
41350,Kingston,UT,49031,
41680,Koosharem,UT,49041,
42010,Lake Point,UT,49045,
42230,Lake Shore,UT,49049,
42560,Laketown,UT,49033,
42890,Lapoint,UT,49047,
43110,La Sal,UT,49037,
43440,La Verkin,UT,49053,
43660,Layton,UT,49011,
43880,Leamington,UT,49027,
44100,Leeds,UT,49053,
44320,Lehi,UT,49049,
44650,Levan,UT,49023,
44760,Lewiston,UT,49005,
44870,Liberty,UT,49057,
45090,Lindon,UT,49049,
45530,Loa,UT,49055,
45860,Logan,UT,49005,
46410,Lyman,UT,49055,
46740,Lynndyl,UT,49027,
47180,Maeser,UT,49047,
47290,Magna,UT,49035,
47620,Manila,UT,49009,
47730,Manti,UT,49039,
47840,Mantua,UT,49003,
47950,Mapleton,UT,49049,
48170,Marion,UT,49043,
48300,Marriott-Slaterville,UT,49057,
48610,Marysvale,UT,49031,
48720,Mayfield,UT,49039,
48830,Meadow,UT,49027,
49160,Mendon,UT,49005,
49380,Mexican Hat,UT,49037,
49710,Midvale,UT,49035,
49820,Midway,UT,49051,
50040,Milford,UT,49001,
50150,Millcreek,UT,49035,
50370,Millville,UT,49005,
50590,Minersville,UT,49001,
50700,Moab,UT,49019,
50810,Modena,UT,49021,
51140,Mona,UT,49023,
51360,Monroe,UT,49041,
51470,Montezuma Creek,UT,49037,
51580,Monticello,UT,49037,
51910,Morgan,UT,49029,
52130,Moroni,UT,49039,
52460,Mountain Green,UT,49029,
53010,Mount Pleasant,UT,49039,
53230,Murray,UT,49035,
53340,Myton,UT,49013,
53560,Naples,UT,49047,
53890,Navajo Mountain,UT,49037,
54110,Neola,UT,49013,
54220,Nephi,UT,49023,
54330,Newcastle,UT,49021,
54440,New Harmony,UT,49053,
54550,Newton,UT,49005,
54660,Nibley,UT,49005,
54990,North Logan,UT,49005,
55100,North Ogden,UT,49057,
55210,North Salt Lake,UT,49011,
55430,Oak City,UT,49027,
55650,Oakley,UT,49043,
55760,Oasis,UT,49027,
55980,Ogden,UT,49057,
56440,Oljato-Monument Valley,UT,49037,
56750,Ophir,UT,49045,
56860,Orangeville,UT,49015,
57080,Orderville,UT,49025,
57300,Orem,UT,49049,
57630,Palmyra,UT,49049,
57740,Panguitch,UT,49017,
57850,Paradise,UT,49005,
57960,Paragonah,UT,49021,
58070,Park City,UT,49043 49051,
58510,Parowan,UT,49021,
58730,Payson,UT,49049,
59280,Peoa,UT,49043,
59390,Perry,UT,49003,
59555,Peter,UT,49005,
60270,Pine Valley,UT,49053,
60710,Plain City,UT,49057,
60930,Pleasant Grove,UT,49049,
61150,Pleasant View,UT,49057,
61260,Plymouth,UT,49003,
61590,Portage,UT,49003,
62030,Price,UT,49007,
62360,Providence,UT,49005,
62470,Provo,UT,49049,
62910,Randlett,UT,49047,
63020,Randolph,UT,49033,
63240,Redmond,UT,49041,
63570,Richfield,UT,49041,
63680,Richmond,UT,49005,
64010,Riverdale,UT,49057,
64120,River Heights,UT,49005,
64230,Riverside,UT,49003,
64340,Riverton,UT,49035,
64560,Rockville,UT,49053,
64590,Rocky Ridge,UT,49023,
64670,Roosevelt,UT,49013,
65110,Roy,UT,49057,
65240,Rush Valley,UT,49045,
65330,St. George,UT,49053,
65770,Salem,UT,49049,
65880,Salina,UT,49041,
67000,Salt Lake City,UT,49035,
67400,Samak,UT,49043,
67440,Sandy,UT,49035,
67660,Santa Clara,UT,49053,
67770,Santaquin,UT,49023 49049,
67825,Saratoga Springs,UT,49049,
67880,Scipio,UT,49027,
67990,Scofield,UT,49007,
68650,Sigurd,UT,49041,
69280,Silver Summit,UT,49043,
69640,Smithfield,UT,49005,
69970,Snowville,UT,49003,
70190,Snyderville,UT,49043,
70850,South Jordan,UT,49035,
70960,South Ogden,UT,49057,
71070,South Salt Lake,UT,49035,
71180,South Weber,UT,49011,
71255,South Willard,UT,49003,
71290,Spanish Fork,UT,49049,
71455,Spanish Valley,UT,49037,
71730,Spring City,UT,49039,
71840,Springdale,UT,49053,
72060,Spring Glen,UT,49007,
72170,Spring Lake,UT,49049,
72280,Springville,UT,49049,
72720,Stansbury Park,UT,49045,
72940,Sterling,UT,49039,
73050,Stockton,UT,49045,
74040,Summit,UT,49021,
74095,Summit Park,UT,49043,
74260,Sundance,UT,49049,
74480,Sunset,UT,49011,
74590,Sutherland,UT,49027,
74810,Syracuse,UT,49011,
74920,Tabiona,UT,49013,
75360,Taylorsville,UT,49035,
75470,Teasdale,UT,49055,
75800,Thatcher,UT,49003,
76180,Thompson Springs,UT,49019,
76280,Timber Lakes,UT,49051,
76680,Tooele,UT,49045,
76900,Toquerville,UT,49053,
77010,Torrey,UT,49055,
77120,Tremonton,UT,49003,
77230,Trenton,UT,49005,
77560,Tropic,UT,49017,
77697,Tselakai Dezza,UT,49037,
77890,Uintah,UT,49057,
80090,Vernal,UT,49047,
80200,Vernon,UT,49045,
80310,Veyo,UT,49053,
80420,Vineyard,UT,49049,
80530,Virgin,UT,49053,
80860,Wales,UT,49039,
80970,Wallsburg,UT,49051,
81190,Wanship,UT,49043,
81960,Washington,UT,49053,
82070,Washington Terrace,UT,49057,
82510,Wellington,UT,49007,
82620,Wellsville,UT,49005,
82730,Wendover,UT,49045,
82840,West Bountiful,UT,49011,
82930,West Haven,UT,49057,
82950,West Jordan,UT,49035,
83252,West Mountain,UT,49049,
83390,West Point,UT,49011,
83470,West Valley City,UT,49035,
83730,West Wood,UT,49007,
84050,White City,UT,49035,
84095,White Mesa,UT,49037,
84160,Whiterocks,UT,49047,
84710,Willard,UT,49003,
84950,Wolf Creek,UT,49057,
85040,Woodland,UT,49043,
85050,Woodland Hills,UT,49049,
85260,Woodruff,UT,49033,
85370,Woods Cross,UT,49011,
00110,Abbs Valley,VA,51185,
00148,Abingdon,VA,51191,
00180,Accomac,VA,51001,
00468,Adwolf,VA,51173,
00484,Afton,VA,51003 51125,
00724,Alberta,VA,51025,
00772,Aldie,VA,51107,
01000,Alexandria,VA,51510,
01240,Allison Gap,VA,51173,
01256,Allisonia,VA,51155,
01416,Alonzaville,VA,51171,
01528,Altavista,VA,51031,
01640,Amelia Court House,VA,51007,
01672,Amherst,VA,51009,
01752,Amonate,VA,51185,
01912,Annandale,VA,51059,
02040,Appalachia,VA,51195,
02064,Apple Mountain Lake,VA,51187,
02072,Appomattox,VA,51011,
02112,Aquia Harbour,VA,51179,
02248,Arcola,VA,51107,
03000,Arlington,VA,51013,
03208,Arrington,VA,51125,
03320,Ashburn,VA,51107,
03368,Ashland,VA,51085,
03512,Atkins,VA,51173,
03528,Atlantic,VA,51001,
03608,Augusta Springs,VA,51015,
03648,Austin Ridge,VA,51179,
03656,Austinville,VA,51197,
04088,Bailey's Crossroads,VA,51059,
04392,Barboursville,VA,51137,
04856,Baskerville,VA,51117,
04872,Bassett,VA,51089,
04904,Bastian,VA,51021,
04920,Basye,VA,51171,
05200,Bayside,VA,51001,
05256,Baywood,VA,51077,
05336,Bealeton,VA,51061,
05544,Bedford,VA,51019,
05912,Belle Haven,VA,51001 51131,
05928,Belle Haven,VA,51059,
06216,Bellwood,VA,51041,
06275,Belmont,VA,51107,
06336,Belmont Estates,VA,51165,
06424,Belspring,VA,51155,
06512,Belview,VA,51121,
06712,Benns Church,VA,51093,
06728,Bensley,VA,51041,
06968,Berryville,VA,51043,
07160,Bethel Manor,VA,51199,
07400,Big Island,VA,51019,
07448,Big Rock,VA,51027,
07480,Big Stone Gap,VA,51195,
07484,Big Stone Gap East,VA,51195,
07784,Blacksburg,VA,51121,
07832,Blackstone,VA,51135,
07944,Blairs,VA,51143,
07976,Bland,VA,51021,
08120,Bloxom,VA,51001,
08152,Bluefield,VA,51185,
08200,Blue Ridge,VA,51023,
08264,Blue Ridge Shores,VA,51109,
08320,Bobtown,VA,51001,
08376,Boissevain,VA,51185,
08472,Bon Air,VA,51041,
08584,Boones Mill,VA,51067,
08675,Boston,VA,51001,
08888,Bowling Green,VA,51033,
08925,Bowmans Crossing,VA,51171,
08984,Boyce,VA,51043,
09016,Boydton,VA,51117,
09032,Boykins,VA,51175,
09064,Bracey,VA,51117,
09072,Braddock,VA,51059,
09188,Brambleton,VA,51107,
09208,Branchville,VA,51175,
09248,Brandermill,VA,51041,
09352,Brandy Station,VA,51047,
09400,Breaks,VA,51027 51051,
09656,Bridgewater,VA,51165,
09752,Brightwood,VA,51113,
09816,Bristol,VA,51520,
09952,Broadlands,VA,51107,
10040,Broadway,VA,51165,
10072,Brodnax,VA,51025 51117,
10296,Brookneal,VA,51031,
10568,Brucetown,VA,51069,
10744,Buchanan,VA,51023,
10776,Buckhall,VA,51153,
10856,Buckingham Courthouse,VA,51029,
11032,Buena Vista,VA,51530,
11224,Bull Run,VA,51059,
11230,Bull Run,VA,51153,
11245,Bull Run Mountain Estates,VA,51153,
11464,Burke,VA,51059,
11470,Burke Centre,VA,51059,
11560,Burkeville,VA,51135,
12136,Callaghan,VA,51005,
12264,Calverton,VA,51061,
12472,Camp Barrett,VA,51179,
12590,Camptown,VA,51093,
12600,Cana,VA,51035,
12808,Cape Charles,VA,51131,
12904,Capron,VA,51175,
12915,Captains Cove,VA,51001,
13160,Carrollton,VA,51093,
13192,Carrsville,VA,51093,
13403,Cascades,VA,51107,
13512,Castlewood,VA,51167,
13624,Catlett,VA,51061,
13635,Cats Bridge,VA,51001,
13720,Cave Spring,VA,51161,
13784,Cedar Bluff,VA,51185,
14312,Central Garage,VA,51101,
14440,Centreville,VA,51059,
14544,Chamberlayne,VA,51087,
14744,Chantilly,VA,51059,
14904,Charles City,VA,51036,
14952,Charlotte Court House,VA,51037,
14968,Charlottesville,VA,51540,
14984,Chase City,VA,51117,
14995,Chase Crossing,VA,51001,
15000,Chatham,VA,51143,
15016,Chatham Heights,VA,51179,
15048,Chatmoss,VA,51089,
15112,Cheriton,VA,51131,
15176,Cherry Hill,VA,51153,
16000,Chesapeake,VA,51550,
16096,Chester,VA,51041,
16240,Chester Gap,VA,51157 51187,
16480,Chilhowie,VA,51173,
16512,Chincoteague,VA,51001,
16608,Christiansburg,VA,51121,
16736,Churchville,VA,51015,
16880,Claremont,VA,51181,
16992,Clarksville,VA,51083 51117,
17040,Clary,VA,51171,
17120,Claypool Hill,VA,51185,
17296,Cleveland,VA,51167,
17376,Clifton,VA,51059,
17424,Cliftondale Park,VA,51005,
17440,Clifton Forge,VA,51005,
17504,Clinchco,VA,51051,
17536,Clinchport,VA,51169,
17552,Clintwood,VA,51051,
17632,Clover,VA,51083,
17680,Cloverdale,VA,51023,
17776,Cluster Springs,VA,51083,
17952,Coeburn,VA,51195,
18352,Collinsville,VA,51089,
18400,Colonial Beach,VA,51193,
18428,Colonial Forge,VA,51179,
18448,Colonial Heights,VA,51570,
18624,Columbia,VA,51065,
18656,Columbia Furnace,VA,51171,
18880,Concord,VA,51011 51031,
18944,Conicville,VA,51171,
19560,Countryside,VA,51107,
19571,County Center,VA,51153,
19592,Courthouse Square,VA,51179,
19600,Courtland,VA,51175,
19728,Covington,VA,51580,
19904,Craigsville,VA,51015,
20160,Crewe,VA,51135,
20240,Crimora,VA,51015,
20436,Crosspointe,VA,51059,
20560,Crozet,VA,51003,
20752,Culpeper,VA,51047,
20768,Cumberland,VA,51049,
21008,Dahlgren,VA,51099,
21016,Dahlgren Center,VA,51099,
21088,Dale City,VA,51153,
21152,Daleville,VA,51023,
21184,Damascus,VA,51191,
21312,Dante,VA,51051 51167,
21344,Danville,VA,51590,
21648,Dayton,VA,51165,
21776,Deep Creek,VA,51001,
21872,Deerfield,VA,51015,
22064,Deltaville,VA,51119,
22160,Dendron,VA,51181,
22472,Difficult Run,VA,51059,
22560,Dillwyn,VA,51029,
22576,Dinwiddie,VA,51053,
22640,Disputanta,VA,51149,
22976,Dooms,VA,51015,
23008,Doran,VA,51185,
23376,Drakes Branch,VA,51037,
23392,Dranesville,VA,51059,
23408,Draper,VA,51155,
23584,Dryden,VA,51105,
23648,Dublin,VA,51155,
23680,Duffield,VA,51169,
23732,Dulles Town Center,VA,51107,
23744,Dumbarton,VA,51087,
23760,Dumfries,VA,51153,
23776,Dunbar,VA,51195,
23952,Dungannon,VA,51169,
23984,Dunn Loring,VA,51059,
24208,Eagle Rock,VA,51023,
24272,Earlysville,VA,51003,
24496,East Highland Park,VA,51087,
24544,East Lexington,VA,51163,
24720,East Stone Gap,VA,51195,
24752,Eastville,VA,51131,
24816,Ebony,VA,51025,
25008,Edinburg,VA,51171,
25136,Eggleston,VA,51071,
25408,Elkton,VA,51165,
25488,Elliston,VA,51121,
25736,Embrey Mill,VA,51179,
25792,Emory,VA,51191,
25808,Emporia,VA,51595,
25848,England Run,VA,51179,
25877,Enon,VA,51041,
25968,Esmont,VA,51003,
26128,Ettrick,VA,51041,
26384,Ewing,VA,51105,
26416,Exmore,VA,51131,
26496,Fairfax,VA,51600,
26592,Fairfax Station,VA,51059,
26656,Fairfield,VA,51163,
26701,Fair Lakes,VA,51059,
26736,Fairlawn,VA,51155,
26875,Fair Oaks,VA,51059,
26944,Fairview,VA,51117,
27040,Fairview Beach,VA,51099,
27200,Falls Church,VA,51610,
27232,Falls Mills,VA,51185,
27252,Falls Run,VA,51179,
27264,Falmouth,VA,51179,
27296,Fancy Gap,VA,51035,
27440,Farmville,VA,51049 51147,
27712,Ferrum,VA,51067,
27736,Ferry Farm,VA,51179,
27744,Fieldale,VA,51089,
27824,Fincastle,VA,51023,
27952,Fishers Hill,VA,51171,
27968,Fishersville,VA,51015,
28496,Flint Hill,VA,51157,
28528,Floris,VA,51059,
28544,Floyd,VA,51063,
28688,Forest,VA,51019,
28848,Forestville,VA,51171,
29008,Fort Belvoir,VA,51059,
29040,Fort Chiswell,VA,51197,
29098,Fort Gregg-Adams,VA,51149,
29136,Fort Hunt,VA,51059,
29552,Franconia,VA,51059,
29600,Franklin,VA,51620,
29628,Franklin Farm,VA,51059,
29712,Franktown,VA,51131,
29744,Fredericksburg,VA,51630,
29840,Free Union,VA,51003,
29920,Fries,VA,51077,
29968,Front Royal,VA,51187,
30176,Gainesville,VA,51153,
30208,Galax,VA,51640,
30384,Gargatha,VA,51001,
30480,Gasburg,VA,51025,
30496,Gate City,VA,51169,
30618,George Mason,VA,51059,
31056,Glade Spring,VA,51191,
31136,Glasgow,VA,51163,
31200,Glen Allen,VA,51087,
31376,Glen Lyn,VA,51071,
31488,Glenvar,VA,51161,
31504,Glen Wilton,VA,51023,
31608,Gloucester Courthouse,VA,51073,
31616,Gloucester Point,VA,51073,
31808,Goochland,VA,51075,
31912,Goose Creek Village,VA,51107,
31936,Gordonsville,VA,51137,
31952,Gore,VA,51069,
31968,Goshen,VA,51163,
32080,Grafton Village,VA,51179,
32320,Gratton,VA,51185,
32496,Great Falls,VA,51059,
32498,Great Falls Crossing,VA,51059,
32560,Greenbackville,VA,51001,
32592,Greenbriar,VA,51059,
32624,Greenbush,VA,51001,
32944,Greenville,VA,51015,
33232,Gretna,VA,51143,
33488,Grottoes,VA,51015 51165,
33584,Groveton,VA,51059,
33648,Grundy,VA,51027,
33824,Gwynn,VA,51115,
34064,Halifax,VA,51083,
34176,Hallwood,VA,51001,
34240,Hamilton,VA,51107,
34304,Hampden-Sydney,VA,51147,
35000,Hampton,VA,51650,
35035,Hampton Oaks,VA,51179,
35160,Hanover,VA,51085,
35240,Harborton,VA,51001,
35624,Harrisonburg,VA,51660,
35640,Harriston,VA,51015,
35912,Hayfield,VA,51059,
35976,Haymarket,VA,51153,
36008,Haysi,VA,51051,
36216,Heathsville,VA,51133,
36445,Henry Fork,VA,51067,
36648,Herndon,VA,51059 51107,
37032,Highland Springs,VA,51087,
37288,Hillsboro,VA,51107,
37336,Hillsville,VA,51035,
37380,Hilltown,VA,51035 51077,
37432,Hiltons,VA,51169,
37544,Hiwassee,VA,51155,
37880,Hollins,VA,51023 51161,
38032,Hollymead,VA,51003,
38280,Honaker,VA,51167,
38424,Hopewell,VA,51670,
38504,Horntown,VA,51001,
38552,Horse Pasture,VA,51089,
38632,Hot Springs,VA,51017,
38785,Hudson Crossroads,VA,51171,
39064,Huntington,VA,51059,
39224,Hurt,VA,51143,
39259,Hutchison,VA,51059,
39304,Hybla Valley,VA,51059,
39448,Idylwood,VA,51059,
39528,Independence,VA,51077,
39544,Independent Hill,VA,51153,
39916,Innovation,VA,51153,
39920,Innsbrook,VA,51087,
40024,Iron Gate,VA,51005,
40088,Irvington,VA,51103,
40216,Ivanhoe,VA,51197,
40232,Ivor,VA,51175,
40248,Ivy,VA,51003,
40536,Jarratt,VA,51081 51183,
41016,Jewell Ridge,VA,51185,
41144,Jolivue,VA,51015,
41272,Jonesville,VA,51105,
41624,Keezletown,VA,51165,
41656,Keller,VA,51001,
41832,Kenbridge,VA,51111,
42104,Keokee,VA,51105,
42216,Keswick,VA,51003,
42264,Keysville,VA,51037,
42424,Kilmarnock,VA,51103 51133,
42501,Kincora,VA,51107,
42536,King and Queen Court House,VA,51097,
42568,King George,VA,51099,
42664,Kings Park,VA,51059,
42680,Kings Park West,VA,51059,
42746,Kingstowne,VA,51059,
42792,King William,VA,51101,
43176,La Crosse,VA,51117,
43224,Lafayette,VA,51121,
43348,Lake Arrowhead,VA,51179,
43352,Lake Barcroft,VA,51059,
43359,Lake Caroline,VA,51033,
43392,Lake Holiday,VA,51069,
43420,Lake Land'Or,VA,51033,
43424,Lake Monticello,VA,51065,
43430,Lake of the Woods,VA,51137,
43432,Lake Ridge,VA,51153,
43464,Lakeside,VA,51087,
43600,Lake Wilderness,VA,51177,
43704,Lancaster,VA,51103,
44048,Lansdowne,VA,51107,
44280,Laurel,VA,51087,
44430,Laurel Hill,VA,51059,
44476,Laurel Park,VA,51089,
44520,Lawrenceville,VA,51025,
44620,Laymantown,VA,51023,
44696,Lebanon,VA,51167,
44712,Lebanon Church,VA,51171,
44901,Leeland Station,VA,51179,
44952,Lee Mont,VA,51001,
44984,Leesburg,VA,51107,
45008,Leesylvania,VA,51153,
45512,Lexington,VA,51678,
45784,Lincolnia,VA,51059,
45957,Linton Hall,VA,51153,
45960,Linville,VA,51165,
46328,Loch Lomond,VA,51153,
46410,Locust Grove,VA,51171,
46456,Locust Mount,VA,51001,
46760,Long Branch,VA,51059,
47064,Lorton,VA,51059,
47136,Loudoun Valley Estates,VA,51107,
47144,Louisa,VA,51109,
47208,Lovettsville,VA,51107,
47224,Lovingston,VA,51125,
47296,Lowes Island,VA,51107,
47352,Low Moor,VA,51005,
47496,Lunenburg,VA,51111,
47528,Luray,VA,51139,
47672,Lynchburg,VA,51680,
47720,Lyndhurst,VA,51015,
48184,McDowell,VA,51091,
48232,McGaheysville,VA,51165,
48344,McKenney,VA,51053,
48376,McLean,VA,51059,
48445,McMullin,VA,51173,
48450,McNair,VA,51059,
48488,Madison,VA,51113,
48520,Madison Heights,VA,51009,
48776,Makemie Park,VA,51001,
48856,Mallow,VA,51005,
48952,Manassas,VA,51683,
48968,Manassas Park,VA,51685,
48996,Manchester,VA,51041,
49144,Mantua,VA,51059,
49320,Mappsburg,VA,51001,
49336,Mappsville,VA,51001,
49464,Marion,VA,51173,
49656,Marshall,VA,51061,
49784,Martinsville,VA,51690,
49998,Mason Neck,VA,51059,
50020,Massanetta Springs,VA,51165,
50030,Massanutten,VA,51165,
50104,Mathews,VA,51115,
50136,Matoaca,VA,51041,
50200,Maurertown,VA,51171,
50312,Max Meadows,VA,51197,
50568,Meadowbrook,VA,51041,
50696,Meadows of Dan,VA,51141,
50760,Meadowview,VA,51191,
50840,Mechanicsburg,VA,51021,
50856,Mechanicsville,VA,51085,
50984,Melfa,VA,51001,
51096,Mendota,VA,51191,
51192,Merrifield,VA,51059,
51208,Merrimac,VA,51121,
51362,Metompkin,VA,51001,
51432,Middlebrook,VA,51015,
51448,Middleburg,VA,51107,
51512,Middletown,VA,51069,
51544,Midland,VA,51061,
51560,Midlothian,VA,51041,
51848,Millboro,VA,51017,
52120,Mineral,VA,51109,
52408,Modest Town,VA,51001,
52536,Moneta,VA,51019,
52658,Montclair,VA,51153,
52680,Monterey,VA,51091,
52904,Montrose,VA,51087,
52952,Montross,VA,51193,
52968,Montvale,VA,51019,
53030,Moorefield,VA,51107,
53480,Motley,VA,51143,
53584,Mountain Road,VA,51083,
53832,Mount Clifton,VA,51171,
53864,Mount Crawford,VA,51165,
53944,Mount Hermon,VA,51143,
53992,Mount Jackson,VA,51171,
54056,Mount Olive,VA,51171,
54120,Mount Sidney,VA,51015,
54144,Mount Vernon,VA,51059,
54904,Narrows,VA,51071,
54984,Nassawadox,VA,51131,
55000,Nathalie,VA,51083,
55208,Navy,VA,51059,
55400,Nellysford,VA,51125,
55448,Nelsonia,VA,51001,
55528,New Baltimore,VA,51061,
55592,New Castle,VA,51045,
55608,New Church,VA,51001,
55720,New Hope,VA,51015,
55752,Newington,VA,51059,
55758,Newington Forest,VA,51059,
55800,New Kent,VA,51127,
55848,New Market,VA,51171,
56000,Newport News,VA,51700,
56048,New River,VA,51155,
56096,Newsoms,VA,51175,
56304,Nickelsville,VA,51169,
56464,Nokesville,VA,51153,
57000,Norfolk,VA,51710,
57368,North Garden,VA,51003,
57531,North Shore,VA,51067,
57560,North Springfield,VA,51059,
57688,Norton,VA,51720,
57870,Nottoway Court House,VA,51135,
58104,Oak Grove,VA,51107,
58184,Oak Hall,VA,51001,
58312,Oak Level,VA,51089,
58472,Oakton,VA,51059,
58696,Occoquan,VA,51059 51153,
59336,Onancock,VA,51001,
59364,One Loudoun,VA,51107,
59384,Onley,VA,51001,
59416,Opal,VA,51061,
59496,Orange,VA,51137,
59672,Orkney Springs,VA,51171,
59752,Osaka,VA,51195,
60296,Painter,VA,51001,
60392,Palmyra,VA,51065,
60488,Pamplin City,VA,51011 51147,
60512,Pantops,VA,51003,
60536,Paris,VA,51061,
60666,Park Ridge,VA,51179,
60680,Parksley,VA,51001,
60840,Parrott,VA,51155,
60888,Passapatanzy,VA,51099,
60920,Pastoria,VA,51001,
60984,Patrick Springs,VA,51141,
61208,Pearisburg,VA,51071,
61336,Pembroke,VA,51071,
61464,Penhook,VA,51067,
61560,Pennington Gap,VA,51105,
61832,Petersburg,VA,51730,
61896,Phenix,VA,51037,
62264,Pimmit Hills,VA,51059,
62738,Piney Mountain,VA,51003,
63190,Plum Creek,VA,51121,
63288,Pocahontas,VA,51185,
63768,Poquoson,VA,51735,
63896,Port Republic,VA,51165,
63928,Port Royal,VA,51033,
64000,Portsmouth,VA,51740,
64152,Potomac Mills,VA,51153,
64272,Pound,VA,51195,
64288,Pounding Mill,VA,51185,
64384,Powhatan,VA,51145,
64512,Prices Fork,VA,51121,
64560,Prince George,VA,51149,
64880,Pulaski,VA,51155,
64976,Pungoteague,VA,51001,
65008,Purcellville,VA,51107,
65120,Quantico,VA,51153,
65128,Quantico Base,VA,51153 51179,
65248,Quicksburg,VA,51171,
65280,Quinby,VA,51001,
65392,Radford,VA,51750,
65744,Raven,VA,51167 51185,
65776,Ravensworth,VA,51059,
66032,Rectortown,VA,51061,
66512,Remington,VA,51061,
66672,Reston,VA,51059,
66800,Rhoadesville,VA,51137,
66896,Rich Creek,VA,51071,
66928,Richlands,VA,51185,
67000,Richmond,VA,51760,
67208,Ridgeway,VA,51089,
67256,Riner,VA,51121,
67288,Rio,VA,51003,
67304,Ripplemead,VA,51071,
67331,Rivanna,VA,51003,
67352,Riverdale,VA,51083,
67704,Riverview,VA,51195,
68000,Roanoke,VA,51770,
68470,Rockwood,VA,51041,
68480,Rocky Gap,VA,51021,
68496,Rocky Mount,VA,51067,
68880,Rose Hill,VA,51059,
68885,Rose Hill,VA,51105,
69168,Round Hill,VA,51107,
69360,Ruckersville,VA,51079,
69456,Rural Retreat,VA,51197,
69472,Rushmere,VA,51093,
69536,Rustburg,VA,51031,
69792,St. Charles,VA,51105,
69936,St. Paul,VA,51167 51195,
70000,Salem,VA,51775,
70096,Saltville,VA,51173 51191,
70112,Saluda,VA,51119,
70256,Sandston,VA,51087,
70296,Sandy Level,VA,51089,
70352,Sanford,VA,51001,
70480,Saumsville,VA,51171,
70520,Savage Town,VA,51001,
70528,Savageville,VA,51001,
70576,Saxis,VA,51001,
70680,Schooner Bay,VA,51001,
70704,Schuyler,VA,51125,
70715,Scotland,VA,51181,
70752,Scottsburg,VA,51083,
70800,Scottsville,VA,51003 51065,
71040,Sedley,VA,51175,
71072,Selma,VA,51005,
71216,Seven Corners,VA,51059,
71264,Seven Mile Ford,VA,51173,
71625,Shawneeland,VA,51069,
71632,Shawsville,VA,51121,
71776,Shenandoah,VA,51139,
71810,Shenandoah Farms,VA,51043 51187,
71825,Shenandoah Retreat,VA,51043,
71826,Shenandoah Shores,VA,51187,
71904,Sherando,VA,51015,
72080,Shipman,VA,51125,
72272,Short Pump,VA,51087,
72736,Singers Glen,VA,51165,
72935,Skyland Estates,VA,51187,
73200,Smithfield,VA,51093,
73376,Snowville,VA,51155,
73624,Southampton Meadows,VA,51175,
73712,South Boston,VA,51083,
73904,South Hill,VA,51117,
74100,South Riding,VA,51107,
74120,South Run,VA,51059,
74160,Southside Chesconessex,VA,51001,
74384,Sperryville,VA,51157,
74470,Spotsylvania Courthouse,VA,51177,
74592,Springfield,VA,51059,
74848,Springville,VA,51185,
74922,Stafford Lakes Village,VA,51179,
75008,Stanardsville,VA,51079,
75024,Stanley,VA,51139,
75040,Stanleytown,VA,51089,
75216,Staunton,VA,51790,
75344,Stephens City,VA,51069,
75376,Sterling,VA,51107,
75440,Stevens Creek,VA,51077,
75504,Stewartsville,VA,51019,
75536,Stickleyville,VA,51105,
75680,Stonega,VA,51195,
75702,Stone Ridge,VA,51107,
75840,Stony Creek,VA,51183,
76000,Strasburg,VA,51171,
76256,Stuart,VA,51141,
76272,Stuarts Draft,VA,51015,
76416,Sudley,VA,51153,
76432,Suffolk,VA,51800,
76448,Sugar Grove,VA,51173,
76464,Sugarland Run,VA,51107,
76516,Sully Square,VA,51059,
76880,Surry,VA,51181,
76912,Sussex,VA,51183,
77408,Tacoma,VA,51195,
77520,Tangier,VA,51001,
77568,Tappahannock,VA,51057,
77648,Tasley,VA,51001,
77792,Tazewell,VA,51185,
77856,Temperanceville,VA,51001,
77925,Templeton,VA,51149,
78192,The Plains,VA,51061,
78264,The University of Virginia's College at Wise,VA,51195,
78532,Thynedale,VA,51117,
78688,Timberlake,VA,51031,
78736,Timberville,VA,51165,
79024,Toms Brook,VA,51171,
79360,Triangle,VA,51153,
79456,Troutdale,VA,51077,
79472,Troutville,VA,51023,
79560,Tuckahoe,VA,51087,
79768,Twin Lakes,VA,51079,
79950,Tysons,VA,51059,
80000,Union Hall,VA,51067,
80016,Union Level,VA,51117,
80029,Union Mill,VA,51059,
80048,Unionville,VA,51137,
80120,University Center,VA,51107,
80165,University of Virginia,VA,51003,
80224,Upperville,VA,51061,
80272,Urbanna,VA,51119,
80608,Vansant,VA,51027,
80864,Verona,VA,51015,
81024,Victoria,VA,51111,
81072,Vienna,VA,51059,
81152,Villa Heights,VA,51089,
81280,Vinton,VA,51161,
81312,Virgilina,VA,51083,
82000,Virginia Beach,VA,51810,
82232,Vista Woods,VA,51179,
82320,Wachapreague,VA,51001,
82371,Wakefield,VA,51059,
82384,Wakefield,VA,51183,
83056,Warfield,VA,51025,
83088,Warm Springs,VA,51017,
83136,Warrenton,VA,51061,
83168,Warsaw,VA,51159,
83248,Washington,VA,51157,
83440,Waterford,VA,51107,
83568,Wattsville,VA,51001,
83600,Waverly,VA,51183,
83680,Waynesboro,VA,51820,
83808,Weber City,VA,51169,
83888,Weems,VA,51103,
84368,West Falls Church,VA,51059,
84632,Westlake Corner,VA,51067,
84960,West Point,VA,51101,
84976,West Springfield,VA,51059,
85184,Weyers Cave,VA,51015,
85600,White Stone,VA,51103,
85608,Whitesville,VA,51001,
86160,Williamsburg,VA,51830,
86336,Willis Wharf,VA,51131,
86720,Winchester,VA,51840,
86784,Windsor,VA,51093,
87008,Wintergreen,VA,51015 51125,
87072,Wise,VA,51195,
87240,Wolf Trap,VA,51059,
87312,Woodbridge,VA,51153,
87333,Woodburn,VA,51059,
87380,Woodlake,VA,51041,
87408,Woodlawn,VA,51035,
87410,Woodlawn,VA,51059,
87712,Woodstock,VA,51171,
87960,Wyndham,VA,51087,
88000,Wytheville,VA,51197,
88145,Yogaville,VA,51029,
88176,Yorkshire,VA,51153,
88240,Yorktown,VA,51199,
00400,Albany,VT,50019,
00850,Alburgh,VT,50013,
01035,Algiers,VT,50025,
01375,Arlington,VT,50003,
01750,Ascutney,VT,50027,
02425,Bakersfield,VT,50011,
02800,Barnet,VT,50005,
03175,Barre,VT,50023,
03475,Barton,VT,50019,
04150,Beecher Falls,VT,50009,
04225,Bellows Falls,VT,50025,
04750,Bennington,VT,50003,
05125,Benson,VT,50021,
05725,Bethel,VT,50027,
06475,Bolton,VT,50007,
06700,Bolton Valley,VT,50007,
07225,Bradford,VT,50017,
07675,Brandon,VT,50021,
07975,Brattleboro,VT,50025,
08950,Bristol,VT,50001,
10675,Burlington,VT,50007,
11050,Cabot,VT,50023,
11425,Cambridge,VT,50015,
11725,Canaan,VT,50009,
11875,Castleton,VT,50021,
12062,Castleton Four Corners,VT,50021,
12175,Cavendish,VT,50027,
13450,Chelsea,VT,50017,
13600,Chester,VT,50027,
13860,Chimney Hill,VT,50025,
14275,Chittenden,VT,50021,
15175,Concord,VT,50009,
16075,Coventry,VT,50019,
16750,Danby,VT,50021,
17050,Danville,VT,50005,
17425,Derby Center,VT,50019,
17500,Derby Line,VT,50019,
17650,Dorset,VT,50003,
19075,East Barre,VT,50023,
19600,East Burke,VT,50005,
19975,East Charlotte,VT,50007,
20350,East Dorset,VT,50003,
21700,East Middlebury,VT,50001,
21850,East Montpelier,VT,50023,
22300,East Poultney,VT,50021,
24025,Enosburg Falls,VT,50011,
24400,Essex Junction,VT,50007,
24850,Fairfax,VT,50011,
25450,Fair Haven,VT,50021,
25600,Fairlee,VT,50017,
27925,Gilman,VT,50009,
28000,Glover,VT,50019,
28825,Grafton,VT,50025,
29425,Graniteville,VT,50023,
30100,Greensboro,VT,50019,
30325,Greensboro Bend,VT,50019,
30475,Groton,VT,50005,
31600,Hanksville,VT,50007,
31750,Hardwick,VT,50005,
32050,Harmonyville,VT,50025,
32205,Hartford Village,VT,50027,
32350,Hartland,VT,50027,
33175,Highgate Center,VT,50011,
33325,Highgate Springs,VT,50011,
33400,Hinesburg,VT,50007,
34525,Huntington,VT,50007,
34675,Huntington Center,VT,50007,
34975,Hyde Park,VT,50015,
35500,Irasburg,VT,50019,
35725,Island Pond,VT,50009,
36025,Jacksonville,VT,50025,
36100,Jamaica,VT,50025,
36475,Jeffersonville,VT,50015,
36625,Jericho,VT,50007,
36775,Jericho Center,VT,50007,
37000,Johnson,VT,50015,
37750,Killington Village,VT,50021,
40000,Lincoln,VT,50001,
40150,Londonderry,VT,50025,
40450,Lowell,VT,50019,
41200,Ludlow,VT,50027,
41350,Lunenburg,VT,50009,
41650,Lyndon,VT,50005,
41800,Lyndon Center,VT,50005,
41950,Lyndonville,VT,50005,
42700,Manchester,VT,50003,
42925,Manchester Center,VT,50003,
43525,Marshfield,VT,50023,
44275,Middlebury,VT,50001,
44725,Middletown Springs,VT,50021,
45175,Milton,VT,50007,
46000,Montpelier,VT,50023,
46825,Morrisville,VT,50015,
48100,Newbury,VT,50017,
48325,Newfane,VT,50025,
48550,New Haven,VT,50001,
48850,Newport,VT,50019,
49000,Newport Center,VT,50019,
49075,North Bennington,VT,50003,
49450,North Clarendon,VT,50021,
50200,Northfield,VT,50023,
50500,North Hartland,VT,50027,
50725,North Hyde Park,VT,50015,
51325,North Pownal,VT,50003,
51925,North Springfield,VT,50027,
52075,North Troy,VT,50019,
52375,North Westminster,VT,50025,
52825,Norwich,VT,50027,
53125,Old Bennington,VT,50003,
53575,Orleans,VT,50019,
54175,Pawlet,VT,50021,
54325,Peacham,VT,50005,
55525,Pittsford,VT,50021,
55750,Plainfield,VT,50023,
56800,Poultney,VT,50021,
56950,Pownal,VT,50003,
57100,Pownal Center,VT,50003,
57246,Proctor,VT,50021,
57400,Proctorsville,VT,50027,
57625,Putney,VT,50025,
57775,Quechee,VT,50027,
58000,Randolph,VT,50017,
58525,Readsboro,VT,50003,
59050,Richford,VT,50011,
59200,Richmond,VT,50007,
60025,Rochester,VT,50027,
61225,Rutland,VT,50021,
61675,St. Albans,VT,50011,
62046,St. George,VT,50007,
62125,St. Johnsbury,VT,50005,
62950,Saxtons River,VT,50025,
64000,Sheffield,VT,50005,
64225,Shelburne,VT,50007,
66025,South Barre,VT,50023,
66175,South Burlington,VT,50007,
66925,South Hero,VT,50013,
67150,South Lincoln,VT,50001,
67225,South Londonderry,VT,50025,
68050,South Royalton,VT,50027,
68200,South Shaftsbury,VT,50003,
69250,South Woodstock,VT,50027,
69475,Springfield,VT,50027,
69700,Stamford,VT,50003,
70450,Stowe,VT,50015,
70825,Stratton Mountain,VT,50003 50025,
71500,Sutton,VT,50005,
71650,Swanton,VT,50011,
73225,Townshend,VT,50025,
73450,Troy,VT,50019,
74050,Underhill Center,VT,50007,
74125,Underhill Flats,VT,50007,
74650,Vergennes,VT,50001,
75250,Waitsfield,VT,50023,
75850,Wallingford,VT,50021,
76150,Wardsboro,VT,50025,
76900,Waterbury,VT,50023,
77050,Waterbury Center,VT,50023,
77800,Websterville,VT,50023,
77875,Wells,VT,50021,
78025,Wells River,VT,50017,
78850,West Brattleboro,VT,50025,
79150,West Burke,VT,50005,
79335,West Charlotte,VT,50007,
79750,West Dummerston,VT,50025,
80275,Westford,VT,50007,
81325,Westminster,VT,50025,
81925,Weston,VT,50027,
82150,West Pawlet,VT,50021,
82375,West Rutland,VT,50021,
83125,West Woodstock,VT,50027,
83575,White River Junction,VT,50027,
83875,Whitingham,VT,50025,
84025,Wilder,VT,50027,
84100,Williamstown,VT,50017,
84625,Wilmington,VT,50025,
85000,Windsor,VT,50027,
85150,Winooski,VT,50007,
85300,Wolcott,VT,50015,
85900,Woodstock,VT,50027,
86050,Worcester,VT,50023,
00100,Aberdeen,WA,53027,
00135,Aberdeen Gardens,WA,53027,
00275,Acme,WA,53073,
00380,Addy,WA,53065,
00800,Ahtanum,WA,53077,
00905,Airway Heights,WA,53063,
01010,Albion,WA,53075,
01045,Alder,WA,53053,
01150,Alderton,WA,53053,
01185,Alderwood Manor,WA,53061,
01255,Alger,WA,53057,
01290,Algona,WA,53033,
01430,Allyn,WA,53045,
01500,Almira,WA,53043,
01745,Altoona,WA,53069,
01780,Amanda Park,WA,53027,
01850,Amboy,WA,53011,
01920,Ames Lake,WA,53033,
01990,Anacortes,WA,53057,
02025,Anatone,WA,53003,
02060,Anderson Island,WA,53053,
02585,Arlington,WA,53061,
02620,Arlington Heights,WA,53061,
02910,Artondale,WA,53053,
03005,Ashford,WA,53053,
03075,Asotin,WA,53003,
03180,Auburn,WA,53033 53053,
03736,Bainbridge Island,WA,53035,
04100,Bangor Base,WA,53035,
04125,Banks Lake South,WA,53025,
04195,Barberton,WA,53011,
04300,Baring,WA,53033,
04347,Barney's Junction,WA,53019,
04370,Barstow,WA,53019,
04405,Basin City,WA,53021,
04475,Battle Ground,WA,53011,
04615,Bay Center,WA,53049,
04790,Bay View,WA,53057,
04825,Beacon Hill,WA,53015,
04895,Beaux Arts Village,WA,53033,
05140,Belfair,WA,53045,
05210,Bellevue,WA,53033,
05245,Bell Hill,WA,53009,
05280,Bellingham,WA,53073,
05560,Benton City,WA,53005,
05735,Bethel,WA,53035,
05770,Beverly,WA,53025,
05980,Bickleton,WA,53039,
06050,Big Lake,WA,53057,
06085,Bingen,WA,53039,
06190,Birch Bay,WA,53073,
06330,Black Diamond,WA,53033,
06505,Blaine,WA,53073,
06855,Blyn,WA,53009,
07170,Bonney Lake,WA,53053,
07380,Bothell,WA,53033 53061,
07390,Bothell East,WA,53061,
07395,Bothell West,WA,53061,
07397,Boulevard Park,WA,53033,
07450,Bow,WA,53057,
07485,Boyds,WA,53019,
07590,Brady,WA,53027,
07695,Bremerton,WA,53035,
07835,Brewster,WA,53047,
07870,Bridgeport,WA,53017,
07940,Brier,WA,53061,
08080,Brinnon,WA,53031,
08325,Browns Point,WA,53053,
08465,Brush Prairie,WA,53011,
08500,Bryant,WA,53061,
08552,Bryn Mawr-Skyway,WA,53033,
08570,Buckley,WA,53053,
08605,Bucoda,WA,53067,
08640,Buena,WA,53077,
08770,Bunk Foss,WA,53061,
08780,Burbank,WA,53071,
08850,Burien,WA,53033,
08885,Burley,WA,53035,
08920,Burlington,WA,53057,
09365,Camano,WA,53029,
09480,Camas,WA,53011,
09810,Canterwood,WA,53053,
09820,Canyon Creek,WA,53061,
09970,Carbonado,WA,53053,
10075,Carlsborg,WA,53009,
10215,Carnation,WA,53033,
10320,Carson,WA,53059,
10455,Cascade Valley,WA,53025,
10495,Cashmere,WA,53007,
10565,Castle Rock,WA,53015,
10600,Cathcart,WA,53061,
10635,Cathlamet,WA,53069,
10645,Cavalero,WA,53061,
11090,Centerville,WA,53039,
11160,Centralia,WA,53041,
11195,Central Park,WA,53027,
11325,Chain Lake,WA,53061,
11475,Chehalis,WA,53041,
11615,Chelan,WA,53007,
11685,Chelan Falls,WA,53007,
11825,Cheney,WA,53063,
12015,Cherry Grove,WA,53011,
12140,Chewelah,WA,53065,
12175,Chico,WA,53035,
12315,Chinook,WA,53049,
12525,Clallam Bay,WA,53009,
12630,Clarkston,WA,53003,
12680,Clarkston Heights-Vineland,WA,53003,
12735,Clayton,WA,53065,
12820,Clear Lake,WA,53053,
12840,Clear Lake,WA,53057,
12875,Clearview,WA,53061,
12945,Cle Elum,WA,53037,
13015,Cliffdell,WA,53077,
13155,Clinton,WA,53029,
13215,Clover Creek,WA,53053,
13365,Clyde Hill,WA,53033,
13595,Cohassett Beach,WA,53027,
13785,Colfax,WA,53075,
13855,College Place,WA,53071,
13890,Colton,WA,53075,
14170,Colville,WA,53065,
14310,Conconully,WA,53047,
14380,Concrete,WA,53057,
14485,Connell,WA,53021,
14520,Conway,WA,53057,
14660,Copalis Beach,WA,53027,
14870,Cosmopolis,WA,53027,
14940,Cottage Lake,WA,53033,
15010,Cougar,WA,53015,
15080,Coulee City,WA,53025,
15115,Coulee Dam,WA,53017 53025 53047,
15150,Country Homes,WA,53063,
15185,Coupeville,WA,53029,
15290,Covington,WA,53033,
15325,Cowiche,WA,53077,
15603,Crescent Bar,WA,53025,
15710,Creston,WA,53043,
15780,Crocker,WA,53053,
16165,Curlew,WA,53019,
16170,Curlew Lake,WA,53019,
16340,Cusick,WA,53051,
16375,Custer,WA,53073,
16550,Dallesport,WA,53039,
16585,Danville,WA,53019,
16690,Darrington,WA,53061,
16760,Dash Point,WA,53053,
16795,Davenport,WA,53043,
16970,Dayton,WA,53013,
17215,Deep River,WA,53069,
17320,Deer Park,WA,53063,
17495,Deming,WA,53073,
17617,Desert Aire,WA,53025,
17635,Des Moines,WA,53033,
17880,Disautel,WA,53047,
18055,Dixie,WA,53071,
18198,Dollars Corner,WA,53011,
18265,Donald,WA,53077,
18775,Duluth,WA,53011,
18965,DuPont,WA,53053,
19035,Duvall,WA,53033,
19290,East Cathlamet,WA,53069,
19630,Eastmont,WA,53061,
19700,Easton,WA,53037,
19770,East Port Orchard,WA,53035,
19857,East Renton Highlands,WA,53033,
20155,East Wenatchee,WA,53017,
20260,Eatonville,WA,53053,
20645,Edgewood,WA,53053,
20680,Edison,WA,53057,
20750,Edmonds,WA,53061,
20890,Elbe,WA,53053,
21030,Electric City,WA,53025,
21205,Elk Plain,WA,53053,
21240,Ellensburg,WA,53037,
21450,Elma,WA,53027,
21485,Elmer City,WA,53047,
21730,Endicott,WA,53075,
21800,Enetai,WA,53035,
22010,Entiat,WA,53007,
22045,Enumclaw,WA,53033 53053,
22080,Ephrata,WA,53025,
22115,Erlands Point,WA,53035,
22150,Eschbach,WA,53077,
22255,Esperance,WA,53061,
22640,Everett,WA,53061,
22745,Everson,WA,53073,
22955,Fairchild AFB,WA,53063,
22990,Fairfield,WA,53063,
23160,Fairwood,WA,53033,
23165,Fairwood,WA,53063,
23200,Fall City,WA,53033,
23340,Farmington,WA,53075,
23515,Federal Way,WA,53033,
23550,Felida,WA,53011,
23620,Ferndale,WA,53073,
23690,Fern Prairie,WA,53011,
23795,Fife,WA,53053,
23830,Fife Heights,WA,53053,
23865,Finley,WA,53005,
23970,Fircrest,WA,53053,
24188,Five Corners,WA,53011,
24425,Fobes Hill,WA,53061,
24565,Fords Prairie,WA,53041,
24810,Forks,WA,53009,
24915,Fort Lewis,WA,53053,
25300,Four Lakes,WA,53063,
25370,Fox Island,WA,53053,
25475,Frederickson,WA,53053,
25510,Freeland,WA,53029,
25615,Friday Harbor,WA,53055,
26140,Garfield,WA,53075,
26245,Garrett,WA,53071,
26420,Geneva,WA,53073,
26455,George,WA,53025,
26735,Gig Harbor,WA,53053,
26875,Glacier,WA,53073,
26945,Gleed,WA,53077,
27225,Glenwood,WA,53039,
27365,Gold Bar,WA,53061,
27435,Goldendale,WA,53039,
27680,Gorst,WA,53035,
27785,Graham,WA,53053,
27855,Grand Coulee,WA,53025,
27890,Grand Mound,WA,53067,
27925,Grandview,WA,53077,
27960,Granger,WA,53077,
27995,Granite Falls,WA,53061,
28135,Grapeview,WA,53045,
28345,Grayland,WA,53027,
28450,Grays River,WA,53069,
28590,Green Bluff,WA,53063,
28695,Greenwater,WA,53053,
29255,Hamilton,WA,53057,
29430,Hansville,WA,53035,
29710,Harrah,WA,53077,
29745,Harrington,WA,53043,
29920,Hartline,WA,53025,
30030,Hat Island,WA,53061,
30060,Hatton,WA,53001,
30305,Hazel Dell,WA,53011,
30690,Herron Island,WA,53053,
30750,High Bridge,WA,53061,
31495,Hobart,WA,53033,
31530,Hockinson,WA,53011,
31540,Hogans Corner,WA,53027,
31985,Home,WA,53053,
32125,Hoodsport,WA,53045,
32300,Hoquiam,WA,53027,
32650,Humptulips,WA,53027,
32755,Hunts Point,WA,53033,
33000,Ilwaco,WA,53049,
33105,Inchelium,WA,53019,
33175,Index,WA,53061,
33280,Indianola,WA,53035,
33560,Ione,WA,53051,
33805,Issaquah,WA,53033,
33890,Jamestown,WA,53009,
34575,Kahlotus,WA,53021,
34645,Kalama,WA,53015,
34890,Kapowsin,WA,53053,
34915,Kayak Point,WA,53061,
34960,Keller,WA,53019,
35065,Kelso,WA,53015,
35135,Kendall,WA,53073,
35170,Kenmore,WA,53033,
35275,Kennewick,WA,53005,
35415,Kent,WA,53033,
35450,Ketron Island,WA,53053,
35485,Kettle Falls,WA,53065,
35555,Key Center,WA,53053,
35625,Keyport,WA,53035,
35870,Kingston,WA,53035,
35940,Kirkland,WA,53033,
36010,Kitsap Lake,WA,53035,
36045,Kittitas,WA,53037,
36115,Klickitat,WA,53039,
36395,Krupp,WA,53025,
36710,La Center,WA,53011,
36745,Lacey,WA,53067,
36780,La Conner,WA,53057,
36850,LaCrosse,WA,53075,
36920,La Grande,WA,53053,
37077,Lake Bosworth,WA,53061,
37100,Lake Cassidy,WA,53061,
37105,Lake Cavanaugh,WA,53057,
37270,Lake Forest Park,WA,53033,
37287,Lake Goodwin,WA,53061,
37345,Lake Holm,WA,53033,
37415,Lake Ketchum,WA,53061,
37420,Lakeland North,WA,53033,
37430,Lakeland South,WA,53033,
37526,Lake McMurray,WA,53057,
37538,Lake Marcel-Stillwater,WA,53033,
37567,Lake Morton-Berrydale,WA,53033,
37672,Lake Roesiger,WA,53061,
37830,Lake Shore,WA,53011,
37900,Lake Stevens,WA,53061,
37917,Lake Stickney,WA,53061,
37920,Lake Tapps,WA,53053,
37926,Lakeview,WA,53025,
38038,Lakewood,WA,53053,
38215,Lamont,WA,53075,
38355,Langley,WA,53029,
38420,Larch Way,WA,53061,
38495,Latah,WA,53063,
38705,Laurier,WA,53019,
38845,Leavenworth,WA,53007,
38880,Lebam,WA,53049,
39212,Lewisville,WA,53011,
39230,Lexington,WA,53015,
39335,Liberty Lake,WA,53063,
39510,Lind,WA,53001,
39860,Lochsloy,WA,53061,
39930,Lofall,WA,53035,
40070,Long Beach,WA,53049,
40105,Longbranch,WA,53053,
40245,Longview,WA,53015,
40270,Longview Heights,WA,53015,
40350,Loomis,WA,53047,
40385,Loon Lake,WA,53065,
40570,Lower Elochoman,WA,53069,
40735,Lyle,WA,53039,
40770,Lyman,WA,53057,
40805,Lynden,WA,53073,
40840,Lynnwood,WA,53061,
40980,Mabton,WA,53077,
41155,McChord AFB,WA,53053,
41225,McCleary,WA,53027,
41470,Machias,WA,53061,
41645,McKenna,WA,53053,
41785,McMillin,WA,53053,
42275,Malden,WA,53075,
42310,Malo,WA,53019,
42345,Malone,WA,53027,
42380,Malott,WA,53047,
42415,Maltby,WA,53061,
42450,Manchester,WA,53035,
42800,Mansfield,WA,53017,
42835,Manson,WA,53007,
43010,Maple Falls,WA,53073,
43062,Maple Heights-Lake Desire,WA,53033,
43150,Maple Valley,WA,53033,
43255,Maplewood,WA,53053,
43325,Marblemount,WA,53057,
43395,Marcus,WA,53065,
43491,Marietta-Alderwood,WA,53073,
43552,Marine View,WA,53025,
43640,Markham,WA,53027,
43762,Marrowstone,WA,53031,
43815,Martha Lake,WA,53061,
43885,Maryhill,WA,53039,
43955,Marysville,WA,53061,
44165,Mattawa,WA,53025,
44260,May Creek,WA,53061,
44480,Mead,WA,53063,
44585,Meadowdale,WA,53061,
44620,Meadow Glade,WA,53011,
44690,Medical Lake,WA,53063,
44725,Medina,WA,53033,
45005,Mercer Island,WA,53033,
45180,Mesa,WA,53021,
45285,Metaline,WA,53051,
45320,Metaline Falls,WA,53051,
45355,Methow,WA,53047,
45495,Midland,WA,53053,
45865,Mill Creek,WA,53061,
45870,Mill Creek East,WA,53061,
45985,Millwood,WA,53063,
46020,Milton,WA,53033 53053,
46090,Mineral,WA,53041,
46125,Minnehaha,WA,53011,
46215,Mirrormont,WA,53033,
46405,Moclips,WA,53027,
46685,Monroe,WA,53061,
46725,Monroe North,WA,53061,
46895,Montesano,WA,53027,
47175,Morton,WA,53041,
47245,Moses Lake,WA,53025,
47280,Moses Lake North,WA,53025,
47315,Mossyrock,WA,53041,
47490,Mountlake Terrace,WA,53061,
47560,Mount Vernon,WA,53057,
47630,Mount Vista,WA,53011,
47665,Moxee,WA,53077,
47735,Mukilteo,WA,53061,
47805,Naches,WA,53077,
47980,Napavine,WA,53041,
48015,Naselle,WA,53049,
48225,Navy Yard City,WA,53035,
48295,Neah Bay,WA,53009,
48330,Neilton,WA,53027,
48540,Nespelem,WA,53047,
48550,Nespelem Community,WA,53047,
48645,Newcastle,WA,53033,
48820,Newport,WA,53051,
49030,Nile,WA,53077,
49193,Nisqually Indian Community,WA,53067,
49275,Nooksack,WA,53073,
49415,Normandy Park,WA,53033,
49485,North Bend,WA,53033,
49555,North Bonneville,WA,53059,
49765,North Fort Lewis,WA,53053,
49940,North Lynnwood,WA,53061,
50007,North Omak,WA,53047,
50045,Northport,WA,53065,
50115,North Puyallup,WA,53053,
50183,North Sultan,WA,53061,
50195,Northwest Stanwood,WA,53061,
50210,North Yelm,WA,53067,
50325,Oakesdale,WA,53075,
50360,Oak Harbor,WA,53029,
50430,Oakville,WA,53027,
50500,Ocean City,WA,53027,
50535,Ocean Park,WA,53049,
50570,Ocean Shores,WA,53027,
50675,Ocosta,WA,53027,
50745,Odessa,WA,53043,
50920,Okanogan,WA,53047,
51300,Olympia,WA,53067,
51340,Omak,WA,53047,
51410,Onalaska,WA,53041,
51795,Orchards,WA,53011,
51830,Orient,WA,53019,
51970,Oroville,WA,53047,
52005,Orting,WA,53053,
52110,Oso,WA,53061,
52215,Othello,WA,53001,
52267,Otis Orchards-East Farms,WA,53063,
52285,Outlook,WA,53077,
52378,Oyehut,WA,53027,
52495,Pacific,WA,53033 53053,
52530,Pacific Beach,WA,53027,
52600,Packwood,WA,53041,
52950,Palouse,WA,53075,
53265,Parker,WA,53077,
53335,Parkland,WA,53053,
53440,Parkwood,WA,53035,
53545,Pasco,WA,53021,
53660,Pataha,WA,53023,
53720,Pateros,WA,53047,
53800,Peaceful Valley,WA,53073,
53930,Pe Ell,WA,53041,
54213,Picnic Point,WA,53061,
54405,Pine Grove,WA,53019,
55015,Point Roberts,WA,53073,
55120,Pomeroy,WA,53023,
55365,Port Angeles,WA,53009,
55400,Port Angeles East,WA,53009,
55540,Porter,WA,53027,
55612,Port Gamble Tribal Community,WA,53035,
55620,Port Hadlock-Irondale,WA,53031,
55645,Port Ludlow,WA,53031,
55785,Port Orchard,WA,53035,
55855,Port Townsend,WA,53031,
55995,Poulsbo,WA,53035,
56150,Prairie Heights,WA,53053,
56170,Prairie Ridge,WA,53053,
56240,Prescott,WA,53071,
56450,Prosser,WA,53005,
56555,Puget Island,WA,53069,
56625,Pullman,WA,53075,
56660,Purdy,WA,53053,
56695,Puyallup,WA,53053,
56905,Queets,WA,53027 53031,
56975,Quilcene,WA,53031,
57030,Qui-nai-elt Village,WA,53027,
57115,Quincy,WA,53025,
57140,Raft Island,WA,53053,
57220,Rainier,WA,53067,
57395,Ravensdale,WA,53033,
57430,Raymond,WA,53049,
57465,Reardan,WA,53043,
57535,Redmond,WA,53033,
57745,Renton,WA,53033,
57850,Republic,WA,53019,
58235,Richland,WA,53005,
58410,Ridgefield,WA,53011,
58725,Ritzville,WA,53001,
58742,Riverbend,WA,53033,
58768,Riverpoint,WA,53033,
58777,River Road,WA,53009,
58795,Riverside,WA,53047,
59075,Roche Harbor,WA,53055,
59110,Rochester,WA,53067,
59145,Rockford,WA,53063,
59180,Rock Island,WA,53017,
59250,Rockport,WA,53057,
59390,Rocky Point,WA,53035,
59635,Ronald,WA,53037,
59705,Roosevelt,WA,53039,
59775,Rosalia,WA,53075,
59845,Rosburg,WA,53069,
59880,Rosedale,WA,53053,
60055,Roslyn,WA,53037,
60160,Roy,WA,53053,
60230,Royal City,WA,53025,
60510,Ruston,WA,53053,
60580,Ryderwood,WA,53015,
60860,St. John,WA,53075,
61000,Salmon Creek,WA,53011,
61115,Sammamish,WA,53033,
61235,Santiago,WA,53027,
61350,Satsop,WA,53027,
61925,Schwana,WA,53025,
62120,Seabeck,WA,53035,
62288,SeaTac,WA,53033,
63000,Seattle,WA,53033,
63210,Sedro-Woolley,WA,53057,
63245,Sekiu,WA,53009,
63280,Selah,WA,53077,
63385,Sequim,WA,53009,
63545,Shadow Lake,WA,53033,
63735,Shelton,WA,53045,
63960,Shoreline,WA,53033,
64190,Silvana,WA,53061,
64365,Silverdale,WA,53035,
64380,Silver Firs,WA,53061,
64610,Sisco Heights,WA,53061,
64755,Skamokawa Valley,WA,53069,
64775,Skokomish,WA,53045,
64855,Skykomish,WA,53033,
65170,Snohomish,WA,53061,
65205,Snoqualmie,WA,53033,
65275,Snoqualmie Pass,WA,53037,
65345,Soap Lake,WA,53025,
65625,South Bend,WA,53049,
65765,South Cle Elum,WA,53037,
65810,South Creek,WA,53053,
65922,South Hill,WA,53053,
66045,South Prairie,WA,53053,
66185,South Wenatchee,WA,53007,
66220,Southworth,WA,53035,
66255,Spanaway,WA,53053,
66290,Spangle,WA,53063,
67000,Spokane,WA,53063,
67167,Spokane Valley,WA,53063,
67175,Sprague,WA,53043,
67210,Springdale,WA,53065,
67435,Stansberry Lake,WA,53053,
67455,Stanwood,WA,53061,
67490,Starbuck,WA,53013,
67595,Startup,WA,53061,
67770,Steilacoom,WA,53053,
67805,Steptoe,WA,53075,
67875,Stevenson,WA,53059,
68200,Sudden Valley,WA,53073,
68260,Sultan,WA,53061,
68330,Sumas,WA,53073,
68365,Summit,WA,53053,
68410,Summit View,WA,53053,
68417,Summitview,WA,53077,
68435,Sumner,WA,53053,
68460,Suncrest,WA,53065,
68480,Sunday Lake,WA,53061,
68557,Sunland Estates,WA,53025,
68750,Sunnyside,WA,53077,
68785,Sunnyslope,WA,53007,
69170,Suquamish,WA,53035,
69280,Swede Heaven,WA,53061,
70000,Tacoma,WA,53053,
70175,Taholah,WA,53027,
70245,Tampico,WA,53077,
70280,Tanglewilde,WA,53067,
70543,Tehaleh,WA,53053,
70560,Tekoa,WA,53075,
70630,Tenino,WA,53067,
70805,Terrace Heights,WA,53077,
71225,Thorp,WA,53037,
71330,Three Lakes,WA,53061,
71400,Tieton,WA,53077,
71680,Tokeland,WA,53049,
71785,Toledo,WA,53041,
71890,Tonasket,WA,53047,
71960,Toppenish,WA,53077,
71995,Torboy,WA,53019,
72030,Touchet,WA,53071,
72170,Town and Country,WA,53063,
72205,Tracyton,WA,53035,
72450,Trout Lake,WA,53039,
72625,Tukwila,WA,53033,
72905,Tumwater,WA,53067,
73065,Twin Lakes,WA,53019,
73080,Twisp,WA,53047,
73255,Union,WA,53045,
73290,Union Gap,WA,53077,
73307,Union Hill-Novelty Hill,WA,53033,
73360,Uniontown,WA,53075,
73465,University Place,WA,53053,
73580,Upper Elochoman,WA,53069,
73780,Vader,WA,53041,
73885,Valley,WA,53065,
74060,Vancouver,WA,53011,
74200,Vantage,WA,53037,
74305,Vashon,WA,53033,
74445,Vaughn,WA,53053,
74585,Venersborg,WA,53011,
74760,Verlot,WA,53061,
75565,Waitsburg,WA,53071,
75775,Walla Walla,WA,53071,
75810,Walla Walla East,WA,53071,
75905,Waller,WA,53053,
75985,Wallula,WA,53071,
76125,Wapato,WA,53077,
76160,Warden,WA,53025,
76195,Warm Beach,WA,53061,
76405,Washougal,WA,53011,
76440,Washtucna,WA,53001,
76510,Waterville,WA,53017,
76615,Wauna,WA,53053,
76720,Waverly,WA,53063,
77105,Wenatchee,WA,53007,
77297,West Clarkston-Highland,WA,53003,
77612,West Pasco,WA,53021,
77630,Westport,WA,53027,
77665,West Richland,WA,53005,
78050,Wheeler,WA,53025,
78155,Whidbey Island Station,WA,53029,
78225,White Center,WA,53033,
78330,White Salmon,WA,53039,
78365,White Swan,WA,53077,
78680,Wilbur,WA,53043,
78780,Wilderness Rim,WA,53033,
78925,Wilkeson,WA,53053,
78995,Willapa,WA,53049,
79135,Wilson Creek,WA,53025,
79275,Winlock,WA,53041,
79380,Winthrop,WA,53047,
79485,Wishram,WA,53039,
79555,Wollochet,WA,53053,
79590,Woodinville,WA,53033,
79625,Woodland,WA,53011 53015,
79825,Woods Creek,WA,53061,
79835,Woodway,WA,53061,
79975,Yacolt,WA,53011,
80010,Yakima,WA,53077,
80150,Yarrow Point,WA,53033,
80220,Yelm,WA,53067,
80500,Zillah,WA,53077,
00100,Abbotsford,WI,55019 55073,
00150,Abrams,WI,55083,
00275,Adams,WI,55001,
00450,Adell,WI,55117,
00750,Albany,WI,55045,
01000,Algoma,WI,55061,
01075,Allens Grove,WI,55127,
01100,Allenton,WI,55131,
01150,Allouez,WI,55009,
01225,Alma,WI,55011,
01300,Alma Center,WI,55053,
01325,Almena,WI,55005,
01400,Almond,WI,55097,
01500,Alto,WI,55039,
01550,Altoona,WI,55035,
01650,Amberg,WI,55075,
01725,Amery,WI,55095,
01750,Amherst,WI,55097,
01800,Amherst Junction,WI,55097,
01950,Angelica,WI,55115,
02075,Aniwa,WI,55115,
02250,Antigo,WI,55067,
02375,Appleton,WI,55015 55087 55139,
02500,Arcadia,WI,55121,
02550,Arena,WI,55049,
02600,Argonne,WI,55041,
02650,Argyle,WI,55065,
02700,Arkansaw,WI,55091,
02725,Arkdale,WI,55001,
02800,Arlington,WI,55021,
03025,Arpin,WI,55141,
03175,Ashippun,WI,55027,
03225,Ashland,WI,55003 55007,
03425,Ashwaubenon,WI,55009,
03550,Athens,WI,55073,
03775,Auburndale,WI,55141,
03825,Augusta,WI,55035,
04025,Avoca,WI,55049,
04150,Babcock,WI,55141,
04250,Bagley,WI,55043,
04300,Baileys Harbor,WI,55029,
04400,Baldwin,WI,55109,
04475,Balsam Lake,WI,55095,
04525,Bancroft,WI,55097,
04550,Bangor,WI,55063,
04625,Baraboo,WI,55111,
04775,Barneveld,WI,55049,
04875,Barron,WI,55005,
04925,Barronett,WI,55005,
05275,Batavia,WI,55117,
05325,Bay City,WI,55093,
05350,Bayfield,WI,55007,
05387,Bayfront,WI,55003,
05450,Bayside,WI,55079 55089,
05575,Bear Creek,WI,55087,
05900,Beaver Dam,WI,55027,
06150,Belgium,WI,55089,
06225,Bell Center,WI,55023,
06300,Belleville,WI,55025 55045,
06350,Bellevue,WI,55009,
06425,Belmont,WI,55065,
06500,Beloit,WI,55105,
06825,Benton,WI,55065,
06925,Berlin,WI,55047 55137,
07200,Big Bend,WI,55133,
07250,Big Falls,WI,55135,
07315,Big Foot Prairie,WI,55127,
07532,Birch Hill,WI,55003,
07550,Birchwood,WI,55129,
07600,Birnamwood,WI,55073 55115,
07650,Biron,WI,55141,
07725,Black Creek,WI,55087,
07800,Black Earth,WI,55025,
07900,Black River Falls,WI,55053,
08075,Blair,WI,55121,
08125,Blanchardville,WI,55049 55065,
08225,Bloomer,WI,55017,
08265,Bloomfield,WI,55127,
08375,Bloomington,WI,55043,
08475,Blue Mounds,WI,55025,
08525,Blue River,WI,55043,
08560,Bluffview,WI,55111,
08600,Boaz,WI,55103,
08625,Bohners Lake,WI,55101,
08725,Bonduel,WI,55115,
08850,Boscobel,WI,55043,
08925,Boulder Junction,WI,55125,
09025,Bowler,WI,55115,
09050,Boyceville,WI,55033,
09075,Boyd,WI,55017,
09300,Brandon,WI,55039,
09465,Brice Prairie,WI,55063,
09575,Briggsville,WI,55077,
09725,Brillion,WI,55015,
09800,Bristol,WI,55059,
09925,Brodhead,WI,55045 55105,
10025,Brookfield,WI,55133,
10075,Brooklyn,WI,55025 55045,
10325,Brothertown,WI,55015,
10375,Brown Deer,WI,55079,
10425,Browns Lake,WI,55101,
10450,Brownsville,WI,55027,
10475,Browntown,WI,55045,
10500,Bruce,WI,55107,
10550,Brule,WI,55031,
11062,Buffalo City,WI,55011,
11200,Burlington,WI,55101 55127,
11250,Burnett,WI,55027,
11475,Butler,WI,55133,
11500,Butte des Morts,WI,55139,
11525,Butternut,WI,55003,
11650,Cable,WI,55007,
11750,Cadott,WI,55017,
11950,Caledonia,WI,55101,
12200,Cambria,WI,55021,
12225,Cambridge,WI,55025 55055,
12250,Cameron,WI,55005,
12325,Campbellsport,WI,55039,
12350,Camp Douglas,WI,55057,
12675,Caroline,WI,55115,
12825,Cascade,WI,55117,
12850,Casco,WI,55061,
12950,Cashton,WI,55081,
13050,Cassville,WI,55043,
13150,Cataract,WI,55081,
13175,Catawba,WI,55099,
13300,Cazenovia,WI,55103 55111,
13325,Cecil,WI,55115,
13375,Cedarburg,WI,55089,
13475,Cedar Grove,WI,55117,
13587,Ceex Haci,WI,55141,
13850,Centuria,WI,55095,
13880,Chain O' Lakes,WI,55135,
14150,Chaseburg,WI,55123,
14175,Chelsea,WI,55119,
14225,Chenequa,WI,55133,
14325,Chetek,WI,55005,
14440,Chief Lake,WI,55113,
14450,Chili,WI,55019,
14475,Chilton,WI,55015,
14575,Chippewa Falls,WI,55017,
14850,Clam Lake,WI,55003,
14925,Clarks Mills,WI,55071,
15100,Clayton,WI,55095,
15250,Clear Lake,WI,55095,
15400,Cleveland,WI,55071,
15625,Clinton,WI,55105,
15725,Clintonville,WI,55135,
15900,Clyman,WI,55027,
15975,Cobb,WI,55049,
16025,Cochrane,WI,55011,
16150,Colby,WI,55019 55073,
16250,Coleman,WI,55075,
16275,Colfax,WI,55033,
16350,Collins,WI,55071,
16375,Coloma,WI,55137,
16450,Columbus,WI,55021 55027,
16500,Combined Locks,WI,55087,
16575,Como,WI,55127,
16775,Conrath,WI,55107,
16900,Coon Valley,WI,55123,
17100,Cornell,WI,55017,
17150,Cornucopia,WI,55007,
17175,Cottage Grove,WI,55025,
17225,Couderay,WI,55113,
17425,Crandon,WI,55041,
17725,Crivitz,WI,55075,
17775,Cross Plains,WI,55025,
17950,Cuba City,WI,55043 55065,
17975,Cudahy,WI,55079,
18025,Cumberland,WI,55005,
18125,Curtiss,WI,55019,
18500,Dale,WI,55087,
18575,Dallas,WI,55005,
18625,Dalton,WI,55047,
18650,Danbury,WI,55013,
18700,Dane,WI,55025,
18825,Darien,WI,55127,
18875,Darlington,WI,55065,
19250,Deerfield,WI,55025,
19325,Deer Park,WI,55109,
19350,DeForest,WI,55025,
19365,Dekorra,WI,55021,
19400,Delafield,WI,55133,
19450,Delavan,WI,55127,
19500,Delavan Lake,WI,55127,
19600,Dellwood,WI,55001,
19700,Denmark,WI,55009,
19775,De Pere,WI,55009,
19850,De Soto,WI,55023 55123,
20125,Diamond Bluff,WI,55093,
20167,Diaperville,WI,55003,
20175,Dickeyville,WI,55043,
20275,Dodge,WI,55121,
20350,Dodgeville,WI,55049,
20450,Dorchester,WI,55019 55073,
20550,Dousman,WI,55133,
20675,Downing,WI,55033,
20725,Downsville,WI,55033,
20775,Doylestown,WI,55021,
20850,Dresser,WI,55095,
20875,Drummond,WI,55007,
20975,Dunbar,WI,55075,
21225,Durand,WI,55091,
21375,Dyckesville,WI,55009 55061,
21425,Eagle,WI,55133,
21525,Eagle Lake,WI,55101,
21625,Eagle River,WI,55125,
21900,Eastman,WI,55023,
21975,Easton,WI,55001,
22100,East Troy,WI,55127,
22300,Eau Claire,WI,55017 55035,
22475,Eden,WI,55039,
22550,Edgar,WI,55073,
22575,Edgerton,WI,55025 55105,
22700,Edmund,WI,55049,
22850,Egg Harbor,WI,55029,
22975,Eland,WI,55115,
23025,Elcho,WI,55067,
23075,Elderon,WI,55073,
23175,Eleva,WI,55121,
23275,Elkhart Lake,WI,55117,
23300,Elkhorn,WI,55127,
23325,Elk Mound,WI,55033,
23475,Ellison Bay,WI,55029,
23525,Ellsworth,WI,55093,
23575,Elm Grove,WI,55133,
23700,Elmwood,WI,55093,
23725,Elmwood Park,WI,55101,
23800,Elroy,WI,55057,
23850,Embarrass,WI,55135,
23900,Emerald,WI,55109,
24075,Endeavor,WI,55077,
24150,Ephraim,WI,55029,
24400,Ettrick,WI,55121,
24475,Eureka,WI,55139,
24550,Evansville,WI,55105,
24700,Exeland,WI,55113,
24825,Fairchild,WI,55035,
25075,Fairwater,WI,55039,
25125,Fall Creek,WI,55035,
25150,Fall River,WI,55021,
25600,Fennimore,WI,55043,
25650,Fenwood,WI,55073,
25725,Ferryville,WI,55023,
25950,Fitchburg,WI,55025,
26175,Florence,WI,55037,
26275,Fond du Lac,WI,55039,
26350,Fontana-on-Geneva Lake,WI,55127,
26400,Footville,WI,55105,
26575,Forest Junction,WI,55015,
26625,Forestville,WI,55029,
26675,Fort Atkinson,WI,55055,
26850,Fountain City,WI,55011,
26982,Fox Crossing,WI,55139,
27000,Fox Lake,WI,55027,
27075,Fox Point,WI,55079,
27125,Francis Creek,WI,55071,
27300,Franklin,WI,55079,
27412,Franks Field,WI,55003,
27500,Frederic,WI,55095,
27550,Fredonia,WI,55089,
27800,Fremont,WI,55135,
27875,French Island,WI,55063,
27950,Friendship,WI,55001,
28000,Friesland,WI,55021,
28050,Fulton,WI,55105,
28200,Galesville,WI,55121,
28450,Gays Mills,WI,55023,
28625,Genoa,WI,55123,
28675,Genoa City,WI,55059 55127,
28875,Germantown,WI,55131,
28925,Gibbsville,WI,55117,
29050,Gillett,WI,55083,
29175,Gilman,WI,55119,
29200,Gilmanton,WI,55011,
29350,Glenbeulah,WI,55117,
29400,Glendale,WI,55079,
29475,Glen Flora,WI,55107,
29500,Glen Haven,WI,55043,
29625,Glenwood City,WI,55109,
29675,Glidden,WI,55003,
29750,Goodman,WI,55075,
29900,Gordon,WI,55031,
29950,Gotham,WI,55103,
30000,Grafton,WI,55089,
30100,Grand Marsh,WI,55001,
30150,Grand View,WI,55007,
30425,Granton,WI,55019,
30450,Grantsburg,WI,55013,
30575,Gratiot,WI,55065,
31000,Green Bay,WI,55009,
31075,Greenbush,WI,55117,
31125,Greendale,WI,55079,
31175,Greenfield,WI,55079,
31300,Green Lake,WI,55047,
31375,Greenleaf,WI,55009,
31475,Green Valley,WI,55115,
31525,Greenville,WI,55087,
31575,Greenwood,WI,55019,
31675,Gresham,WI,55115,
31975,Hager City,WI,55093,
32075,Hales Corners,WI,55079,
32325,Hammond,WI,55109,
32450,Hancock,WI,55137,
32550,Hanover,WI,55105,
32790,Harrison,WI,55015,
32950,Harrisville,WI,55077,
33000,Hartford,WI,55027 55131,
33100,Hartland,WI,55133,
33150,Hatfield,WI,55053,
33175,Hatley,WI,55073,
33225,Haugen,WI,55005,
33275,Hawkins,WI,55107,
33450,Hayward,WI,55113,
33500,Hazel Green,WI,55043 55065,
33675,Hebron,WI,55055,
33825,Helenville,WI,55055,
33975,Herbster,WI,55007,
34250,Hewitt,WI,55141,
34450,Highland,WI,55049,
34575,Hilbert,WI,55015,
34825,Hillsboro,WI,55123,
35000,Hingham,WI,55117,
35075,Hixton,WI,55053,
35150,Hobart,WI,55009,
35225,Holcombe,WI,55017,
35400,Hollandale,WI,55049,
35450,Holmen,WI,55063,
35750,Horicon,WI,55027,
35850,Hortonville,WI,55087,
35900,Houlton,WI,55109,
35950,Howard,WI,55009 55087,
36025,Howards Grove,WI,55117,
36250,Hudson,WI,55109,
36400,Humbird,WI,55019,
36525,Hurley,WI,55051,
36625,Hustisford,WI,55027,
36675,Hustler,WI,55057,
36800,Independence,WI,55121,
36925,Ingram,WI,55107,
37025,Iola,WI,55135,
37125,Iron Belt,WI,55051,
37150,Iron Ridge,WI,55027,
37175,Iron River,WI,55007,
37225,Ironton,WI,55111,
37575,Ixonia,WI,55055,
37675,Jackson,WI,55131,
37825,Janesville,WI,55105,
37900,Jefferson,WI,55055,
38225,Jim Falls,WI,55017,
38350,Johnson Creek,WI,55055,
38487,Jolmaville,WI,55003,
38600,Juda,WI,55045,
38625,Jump River,WI,55119,
38650,Junction City,WI,55097,
38675,Juneau,WI,55027,
38800,Kaukauna,WI,55015 55087,
38900,Kekoskee,WI,55027,
39000,Kellnersville,WI,55071,
39150,Kendall,WI,55081,
39175,Kennan,WI,55099,
39225,Kenosha,WI,55059,
39250,Keshena,WI,55078,
39300,Kewaskum,WI,55039 55131,
39350,Kewaunee,WI,55061,
39525,Kiel,WI,55015 55071,
39550,Kieler,WI,55043,
39650,Kimberly,WI,55087,
39700,King,WI,55135,
39750,Kingston,WI,55047,
39975,Knapp,WI,55033,
40125,Knowlton,WI,55073,
40275,Kohler,WI,55117,
40450,Krakow,WI,55115,
40550,Kronenwetter,WI,55073,
40675,Lac du Flambeau,WI,55125,
40750,Lac La Belle,WI,55055 55133,
40775,La Crosse,WI,55063,
40850,Ladysmith,WI,55107,
40875,La Farge,WI,55123,
41160,Lake Arrowhead,WI,55001,
41210,Lake Camelot,WI,55001,
41300,Lake Delton,WI,55111,
41450,Lake Geneva,WI,55127,
41525,Lake Hallie,WI,55017,
41560,Lake Ivanhoe,WI,55127,
41583,Lake Koshkonong,WI,55055,
41645,Lake Lorraine,WI,55127,
41675,Lake Mills,WI,55055,
41725,Lake Nebagamon,WI,55031,
41765,Lake Ripley,WI,55055,
41772,Lake Sherwood,WI,55001,
41875,Lake Tomahawk,WI,55085,
41975,Lake Wazeecha,WI,55141,
42012,Lake Wisconsin,WI,55021 55111,
42025,Lake Wissota,WI,55017,
42050,Lakewood,WI,55083,
42250,Lancaster,WI,55043,
42450,Lannon,WI,55133,
42475,Laona,WI,55041,
42805,Lauderdale Lakes,WI,55127,
42825,La Valle,WI,55111,
43025,Lebanon,WI,55027,
43207,Legend Lake,WI,55078,
43325,Lena,WI,55083,
43575,Leopolis,WI,55115,
43725,Lewis,WI,55095,
44033,Lily Lake,WI,55059,
44225,Lime Ridge,WI,55111,
44625,Linden,WI,55049,
44847,Lisbon,WI,55133,
44950,Little Chute,WI,55087,
45220,Little Round Lake,WI,55113,
45225,Little Sturgeon,WI,55029,
45325,Livingston,WI,55043 55049,
45350,Lodi,WI,55021,
45400,Loganville,WI,55111,
45425,Lohrville,WI,55137,
45475,Lomira,WI,55027,
45575,Lone Rock,WI,55103,
45600,Long Lake,WI,55037,
45950,Lowell,WI,55027,
46075,Loyal,WI,55019,
46150,Lublin,WI,55119,
46200,Luck,WI,55095,
46400,Luxemburg,WI,55061,
46600,Lyndon Station,WI,55057,
46675,Lynxville,WI,55023,
46700,Lyons,WI,55127,
46850,McFarland,WI,55025,
48000,Madison,WI,55025,
48175,Maiden Rock,WI,55093,
48225,Maine,WI,55073,
48350,Manawa,WI,55135,
48500,Manitowoc,WI,55071,
48750,Maple Bluff,WI,55025,
49100,Marathon City,WI,55073,
49175,Marengo,WI,55003,
49250,Maribel,WI,55071,
49300,Marinette,WI,55075,
49400,Marion,WI,55115 55135,
49450,Markesan,WI,55047,
49500,Marquette,WI,55047,
49575,Marshall,WI,55025,
49675,Marshfield,WI,55073 55141,
49900,Mason,WI,55007,
50000,Mattoon,WI,55115,
50025,Mauston,WI,55057,
50200,Mayville,WI,55027,
50225,Mazomanie,WI,55025,
50425,Medford,WI,55119,
50700,Mellen,WI,55003,
50750,Melrose,WI,55053,
50800,Melvina,WI,55081,
50825,Menasha,WI,55015 55139,
51000,Menomonee Falls,WI,55133,
51025,Menomonie,WI,55033,
51150,Mequon,WI,55089,
51175,Mercer,WI,55051,
51250,Merrill,WI,55069,
51300,Merrillan,WI,55053,
51325,Merrimac,WI,55111,
51375,Merton,WI,55133,
51575,Middleton,WI,55025,
51617,Middle Village,WI,55078 55115,
51875,Milladore,WI,55097 55141,
52025,Millston,WI,55053,
52075,Milltown,WI,55095,
52200,Milton,WI,55105,
53000,Milwaukee,WI,55079 55131 55133,
53050,Mindoro,WI,55063,
53100,Mineral Point,WI,55049,
53200,Minocqua,WI,55085,
53250,Minong,WI,55129,
53325,Mishicot,WI,55071,
53358,Mission,WI,55053,
53500,Mole Lake,WI,55041,
53600,Mondovi,WI,55011,
53675,Monona,WI,55025,
53750,Monroe,WI,55045,
53875,Montello,WI,55077,
53950,Montfort,WI,55043 55049,
54000,Monticello,WI,55045,
54075,Montreal,WI,55051,
54500,Mosinee,WI,55073,
54625,Mountain,WI,55083,
54650,Mount Calvary,WI,55039,
54675,Mount Hope,WI,55043,
54725,Mount Horeb,WI,55025,
54875,Mount Pleasant,WI,55101,
54900,Mount Sterling,WI,55023,
55050,Mukwonago,WI,55127 55133,
55200,Muscoda,WI,55043 55049,
55275,Muskego,WI,55133,
55550,Nashotah,WI,55133,
55650,Navarino,WI,55115,
55700,Necedah,WI,55057,
55750,Neenah,WI,55139,
55800,Neillsville,WI,55019,
55875,Nekoosa,WI,55141,
55950,Nelson,WI,55011,
56000,Nelsonville,WI,55097,
56050,Neopit,WI,55078,
56075,Neosho,WI,55027,
56125,Neshkoro,WI,55077,
56250,Newald,WI,55041,
56350,New Auburn,WI,55005 55017,
56375,New Berlin,WI,55133,
56450,Newburg,WI,55089 55131,
56700,New Glarus,WI,55045,
56800,New Holstein,WI,55015,
56900,New Lisbon,WI,55057,
56925,New London,WI,55087 55135,
57000,New Munster,WI,55059,
57008,New Odanah,WI,55003,
57050,New Post,WI,55113,
57100,New Richmond,WI,55109,
57325,Niagara,WI,55075,
57375,Nichols,WI,55087,
57700,North Bay,WI,55101,
58000,North Fond du Lac,WI,55039,
58025,North Freedom,WI,55111,
58050,North Hudson,WI,55109,
58100,North Lake,WI,55133,
58375,Northport,WI,55135,
58400,North Prairie,WI,55133,
58575,Norwalk,WI,55081,
58800,Oak Creek,WI,55079,
58850,Oakdale,WI,55081,
58900,Oakfield,WI,55039,
59250,Oconomowoc,WI,55133,
59300,Oconomowoc Lake,WI,55133,
59350,Oconto,WI,55083,
59400,Oconto Falls,WI,55083,
59450,Odanah,WI,55003,
59475,Ogdensburg,WI,55135,
59500,Ogema,WI,55099,
59650,Okauchee Lake,WI,55133,
59800,Oliver,WI,55031,
59875,Omro,WI,55139,
59925,Onalaska,WI,55063,
60075,Ontario,WI,55081 55123,
60100,Oostburg,WI,55117,
60200,Oregon,WI,55025,
60250,Orfordville,WI,55105,
60450,Osceola,WI,55095,
60500,Oshkosh,WI,55139,
60575,Osseo,WI,55121,
60825,Owen,WI,55019,
60875,Oxford,WI,55077,
60912,Paac Ciinak,WI,55115,
60950,Packwaukee,WI,55077,
60975,Paddock Lake,WI,55059,
61025,Palmyra,WI,55055,
61100,Pardeeville,WI,55021,
61200,Park Falls,WI,55099,
61325,Park Ridge,WI,55097,
61425,Patch Grove,WI,55043,
61675,Pella,WI,55115,
61750,Pembine,WI,55075,
61800,Pence,WI,55051,
61925,Pepin,WI,55091,
62175,Peshtigo,WI,55075,
62240,Pewaukee,WI,55133,
62250,Pewaukee,WI,55133,
62450,Phillips,WI,55099,
62675,Pigeon Falls,WI,55121,
62975,Pine River,WI,55137,
63100,Pittsville,WI,55141,
63125,Plain,WI,55111,
63150,Plainfield,WI,55137,
63250,Platteville,WI,55043,
63300,Pleasant Prairie,WI,55059,
63525,Plover,WI,55097,
63600,Plum City,WI,55093,
63700,Plymouth,WI,55117,
63925,Polonia,WI,55097,
63975,Poplar,WI,55031,
64100,Portage,WI,55021,
64175,Port Edwards,WI,55141,
64450,Port Washington,WI,55089,
64500,Port Wing,WI,55007,
64550,Post Lake,WI,55067,
64625,Potosi,WI,55043,
64675,Potter,WI,55015,
64700,Potter Lake,WI,55127,
64750,Pound,WI,55075,
64825,Powers Lake,WI,55059,
64900,Poynette,WI,55021,
64950,Poy Sippi,WI,55137,
65050,Prairie du Chien,WI,55023,
65100,Prairie du Sac,WI,55111,
65150,Prairie Farm,WI,55005,
65325,Prentice,WI,55099,
65375,Prescott,WI,55093,
65600,Princeton,WI,55047,
65675,Pulaski,WI,55009 55083 55115,
65725,Pulcifer,WI,55115,
66000,Racine,WI,55101,
66050,Radisson,WI,55113,
66150,Randolph,WI,55021 55027,
66200,Random Lake,WI,55117,
66350,Raymond,WI,55101,
66450,Readstown,WI,55123,
66625,Redgranite,WI,55137,
66800,Reedsburg,WI,55111,
66875,Reedsville,WI,55071,
66900,Reeseville,WI,55027,
67050,Reserve,WI,55113,
67100,Rewey,WI,55049,
67200,Rhinelander,WI,55085,
67275,Rib Lake,WI,55119,
67320,Rib Mountain,WI,55073,
67350,Rice Lake,WI,55005,
67475,Richfield,WI,55131,
67625,Richland Center,WI,55103,
67800,Ridgeland,WI,55033,
67875,Ridgeway,WI,55049,
68100,Rio,WI,55021,
68175,Ripon,WI,55039,
68275,River Falls,WI,55093 55109,
68325,River Hills,WI,55079,
68475,Roberts,WI,55109,
68550,Rochester,WI,55101,
68725,Rockdale,WI,55025,
68800,Rock Falls,WI,55033,
68900,Rockland,WI,55063 55081,
68975,Rock Springs,WI,55111,
69300,Rome,WI,55055,
69525,Rosendale,WI,55039,
69575,Rosholt,WI,55097,
69725,Rothschild,WI,55073,
69950,Rubicon,WI,55027,
70000,Rudolph,WI,55141,
70500,St. Cloud,WI,55039,
70550,St. Croix Falls,WI,55095,
70650,St. Francis,WI,55079,
70800,St. Joseph,WI,55063,
71025,St. Nazianz,WI,55071,
71050,St. Peter,WI,55039,
71163,Salem Lakes,WI,55059,
71512,Sand Pillow,WI,55053,
71585,Sandy Hook,WI,55043,
71650,Sauk City,WI,55111,
71700,Saukville,WI,55089,
71850,Saxon,WI,55051,
71950,Sayner,WI,55125,
71975,Scandinavia,WI,55135,
72150,Schofield,WI,55073,
72475,Seneca,WI,55023,
72650,Sextonville,WI,55103,
72670,Seymour,WI,55035,
72725,Seymour,WI,55087,
72875,Sharon,WI,55127,
72925,Shawano,WI,55115,
72975,Sheboygan,WI,55117,
73025,Sheboygan Falls,WI,55117,
73175,Sheldon,WI,55107,
73200,Shell Lake,WI,55129,
73525,Sherwood,WI,55015,
73625,Shiocton,WI,55087,
73675,Shopiere,WI,55105,
73725,Shorewood,WI,55079,
73750,Shorewood Hills,WI,55025,
73825,Shullsburg,WI,55065,
74175,Siren,WI,55013,
74225,Sister Bay,WI,55029,
74400,Slinger,WI,55131,
74500,Sobieski,WI,55083,
74550,Soldiers Grove,WI,55023,
74575,Solon Springs,WI,55031,
74625,Somers,WI,55059,
74675,Somerset,WI,55109,
75125,South Milwaukee,WI,55079,
75275,South Wayne,WI,55065,
75325,Sparta,WI,55081,
75400,Spencer,WI,55073,
75625,Spooner,WI,55129,
75775,Springbrook,WI,55129,
75975,Springfield,WI,55127,
76025,Spring Green,WI,55111,
76300,Spring Valley,WI,55093 55109,
76625,Stanley,WI,55017 55019,
76825,Star Prairie,WI,55109,
77100,Stetsonville,WI,55119,
77175,Steuben,WI,55023,
77200,Stevens Point,WI,55097,
77400,Stockbridge,WI,55015,
77475,Stockholm,WI,55091,
77550,Stoddard,WI,55123,
77625,Stone Lake,WI,55113 55129,
77675,Stoughton,WI,55025,
77750,Stratford,WI,55073,
77825,Strum,WI,55121,
77875,Sturgeon Bay,WI,55029,
77925,Sturtevant,WI,55101,
77975,Suamico,WI,55009,
78175,Sullivan,WI,55055,
78375,Summit,WI,55133,
78425,Summit Lake,WI,55067,
78600,Sun Prairie,WI,55025,
78650,Superior,WI,55031,
78660,Superior,WI,55031,
78725,Suring,WI,55083,
78750,Sussex,WI,55133,
78980,Tainter Lake,WI,55033,
79100,Taycheedah,WI,55039,
79150,Taylor,WI,55053,
79250,Tennyson,WI,55043,
79375,Theresa,WI,55027,
79475,Thiensville,WI,55089,
79600,Thornton,WI,55115,
79625,Thorp,WI,55019,
79675,Three Lakes,WI,55085,
79740,Tichigan,WI,55101,
79825,Tigerton,WI,55115,
79900,Tilleda,WI,55115,
80075,Tomah,WI,55081,
80125,Tomahawk,WI,55069,
80225,Tony,WI,55107,
80300,Townsend,WI,55083,
80425,Trego,WI,55129,
80475,Trempealeau,WI,55121,
81025,Tunnel City,WI,55081,
81075,Turtle Lake,WI,55005 55095,
81090,Turtle Lake,WI,55127,
81150,Tustin,WI,55137,
81250,Twin Lakes,WI,55059,
81325,Two Rivers,WI,55071,
81725,Union Center,WI,55057,
81775,Union Grove,WI,55101,
81850,Unity,WI,55019 55073,
82200,Valders,WI,55071,
82450,Van Dyne,WI,55039,
82575,Vernon,WI,55133,
82600,Verona,WI,55025,
82650,Vesper,WI,55141,
82900,Viola,WI,55103 55123,
82925,Viroqua,WI,55123,
83000,Wabeno,WI,55041,
83100,Waldo,WI,55117,
83175,Wales,WI,55133,
83250,Walworth,WI,55127,
83450,Warrens,WI,55081,
83525,Washburn,WI,55007,
83825,Waterford,WI,55101,
83925,Waterloo,WI,55055,
83975,Watertown,WI,55027 55055,
84150,Waubeka,WI,55089,
84200,Waukau,WI,55139,
84250,Waukesha,WI,55133,
84275,Waukesha,WI,55133,
84300,Waumandee,WI,55011,
84350,Waunakee,WI,55025,
84375,Waupaca,WI,55135,
84425,Waupun,WI,55027 55039,
84475,Wausau,WI,55073,
84525,Wausaukee,WI,55075,
84625,Wautoma,WI,55137,
84675,Wauwatosa,WI,55079,
84725,Wauzeka,WI,55023,
85025,Webster,WI,55013,
85300,West Allis,WI,55079,
85325,West Baraboo,WI,55111,
85350,West Bend,WI,55131,
85425,Westboro,WI,55119,
85475,Westby,WI,55123,
85575,Westfield,WI,55077,
85875,West Milwaukee,WI,55079,
86025,Weston,WI,55073,
86275,West Salem,WI,55063,
86400,Weyauwega,WI,55135,
86450,Weyerhaeuser,WI,55107,
86575,Wheeler,WI,55033,
86700,Whitefish Bay,WI,55079,
86725,Whitehall,WI,55121,
86750,White Lake,WI,55067,
86775,Whitelaw,WI,55071,
86925,Whitewater,WI,55055 55127,
86975,Whiting,WI,55097,
87000,Whittlesey,WI,55119,
87075,Wild Rose,WI,55137,
87200,Williams Bay,WI,55127,
87475,Wilson,WI,55109,
87525,Wilton,WI,55081,
87625,Winchester,WI,55139,
87675,Wind Lake,WI,55101,
87700,Wind Point,WI,55101,
87725,Windsor,WI,55025,
87900,Winneconne,WI,55139,
87975,Winter,WI,55113,
88025,Wiota,WI,55065,
88150,Wisconsin Dells,WI,55001 55021 55057 55111,
88200,Wisconsin Rapids,WI,55141,
88275,Withee,WI,55019,
88325,Wittenberg,WI,55115,
88500,Wonewoc,WI,55057,
88675,Woodford,WI,55065,
88825,Woodman,WI,55043,
88925,Woodruff,WI,55085,
89025,Woodville,WI,55109,
89150,Wrightstown,WI,55009 55087,
89275,Wyeville,WI,55081,
89300,Wyocena,WI,55021,
89550,Yorkville,WI,55101,
89625,Yuba,WI,55103,
89760,Zoar,WI,55078,
00196,Accoville,WV,54045,
00364,Addison (Webster Springs),WV,54101,
00460,Adrian,WV,54097,
00748,Albright,WV,54077,
00772,Alderson,WV,54025 54063,
01396,Alum Creek,WV,54039 54043,
01660,Amherstdale,WV,54045,
01780,Anawalt,WV,54047,
01900,Anmoore,WV,54033,
01996,Ansted,WV,54019,
02188,Apple Grove,WV,54053,
02260,Arbovale,WV,54075,
02908,Arthurdale,WV,54077,
03292,Athens,WV,54055,
03364,Auburn,WV,54085,
03460,Aurora,WV,54077,
04204,Bancroft,WV,54079,
04276,Barboursville,WV,54011,
04612,Barrackville,WV,54049,
04732,Bartley,WV,54047,
04780,Bartow,WV,54075,
04876,Bath (Berkeley Springs),WV,54065,
04900,Baxter,WV,54049,
04924,Bayard,WV,54023,
05068,Beards Fork,WV,54019,
05260,Beaver,WV,54081,
05332,Beckley,WV,54081,
05452,Beech Bottom,WV,54009,
05788,Belington,WV,54001,
05836,Belle,WV,54039,
06004,Belmont,WV,54073,
06052,Belva,WV,54067,
06340,Benwood,WV,54051,
06436,Bergoo,WV,54101,
06748,Berwind,WV,54047,
06844,Bethany,WV,54009,
06940,Bethlehem,WV,54069,
06988,Beverly,WV,54083,
07204,Big Chimney,WV,54039,
07228,Big Creek,WV,54045,
07516,Big Sandy,WV,54047,
07756,Birch River,WV,54067,
08092,Blacksville,WV,54061,
08308,Blennerhassett,WV,54107,
08524,Bluefield,WV,54055,
08764,Bluewell,WV,54055,
08836,Boaz,WV,54107,
08932,Bolivar,WV,54037,
08956,Bolt,WV,54081,
09100,Boomer,WV,54019,
09148,Booth,WV,54061,
09364,Bowden,WV,54083,
09676,Bradley,WV,54081,
09700,Bradshaw,WV,54047,
09796,Bramwell,WV,54055,
09844,Brandonville,WV,54077,
09868,Brandywine,WV,54071,
09964,Brenton,WV,54109,
10180,Bridgeport,WV,54033,
10420,Brookhaven,WV,54061,
10852,Bruceton Mills,WV,54077,
10876,Bruno,WV,54045,
10948,Brush Fork,WV,54055,
11188,Buckhannon,WV,54097,
11212,Bud,WV,54109,
11284,Buffalo,WV,54079,
11620,Burlington,WV,54057,
11716,Burnsville,WV,54007,
12124,Cairo,WV,54085,
12436,Camden-on-Gauley,WV,54101,
12484,Cameron,WV,54051,
13108,Capon Bridge,WV,54027,
13468,Carolina,WV,54049,
13525,Carpendale,WV,54057,
13684,Cass,WV,54075,
13756,Cassville,WV,54061,
13924,Cedar Grove,WV,54039,
14212,Century,WV,54001,
14308,Ceredo,WV,54099,
14524,Chapmanville,WV,54045,
14600,Charleston,WV,54039,
14610,Charles Town,WV,54037,
14630,Charlton Heights,WV,54019,
14692,Chattaroy,WV,54059,
14716,Chauncey,WV,54045,
14775,Cheat Lake,WV,54061,
14812,Chelyan,WV,54039,
15028,Chesapeake,WV,54039,
15076,Chester,WV,54029,
15628,Clarksburg,WV,54033,
15676,Clay,WV,54015,
15916,Clearview,WV,54069,
16012,Clendenin,WV,54039,
16132,Clifton,WV,54053,
16516,Coal City,WV,54081,
16612,Coal Fork,WV,54039,
16972,Colcord,WV,54081,
17140,Colliers,WV,54009,
17380,Comfort,WV,54005,
17836,Corinne,WV,54109,
18124,Cottageville,WV,54035,
18388,Covel,WV,54109,
18412,Cowen,WV,54101,
18508,Crab Orchard,WV,54081,
18604,Craigsville,WV,54067,
19060,Crooked Creek,WV,54045,
19108,Cross Lanes,WV,54039,
19300,Crum,WV,54099,
19324,Crumpler,WV,54047,
19492,Cucumber,WV,54047,
19516,Culloden,WV,54011 54079,
19588,Cunard,WV,54019,
19948,Dailey,WV,54083,
20164,Daniels,WV,54081,
20212,Danville,WV,54005,
20428,Davis,WV,54093,
20500,Davy,WV,54047,
20764,Deep Water,WV,54019,
20980,Delbarton,WV,54059,
21316,Despard,WV,54033,
21628,Dixie,WV,54019 54067,
21964,Dorothy,WV,54081,
22564,Dunbar,WV,54039,
22828,Dupont City,WV,54039,
22852,Durbin,WV,54075,
23020,Earling,WV,54045,
23092,East Bank,WV,54039,
23140,East Dailey,WV,54083,
23524,East View,WV,54033,
23644,Eccles,WV,54081,
24292,Eleanor,WV,54079,
24364,Elizabeth,WV,54105,
24484,Elk Garden,WV,54057,
24580,Elkins,WV,54083,
24748,Elkview,WV,54039,
24844,Ellenboro,WV,54085,
25516,Enterprise,WV,54033,
25732,Eskdale,WV,54039,
26428,Fairlea,WV,54025,
26452,Fairmont,WV,54049,
26524,Fairview,WV,54049,
26692,Falling Spring,WV,54025,
26716,Falling Waters,WV,54003,
26812,Falls View,WV,54019,
26932,Farmington,WV,54049,
27028,Fayetteville,WV,54019,
27196,Fenwick,WV,54067,
27868,Flatwoods,WV,54007,
27940,Flemington,WV,54091,
28204,Follansbee,WV,54009,
28444,Fort Ashby,WV,54057,
28516,Fort Gay,WV,54099,
28948,Frank,WV,54075,
29044,Franklin,WV,54071,
29404,Friendly,WV,54095,
29716,Gallipolis Ferry,WV,54053,
29740,Galloway,WV,54001,
30148,Garten,WV,54019,
30196,Gary,WV,54047,
30220,Gassaway,WV,54007,
30316,Gatewood,WV,54019,
30364,Gauley Bridge,WV,54019,
30724,Ghent,WV,54081,
30772,Gilbert,WV,54059,
30777,Gilbert Creek,WV,54059,
31324,Glasgow,WV,54039,
31492,Glen Dale,WV,54051,
31732,Glen Ferris,WV,54019,
31756,Glen Fork,WV,54109,
31876,Glen Jean,WV,54019,
32044,Glenville,WV,54021,
32068,Glen White,WV,54081,
32716,Grafton,WV,54091,
32884,Grantsville,WV,54013,
32908,Grant Town,WV,54049,
32932,Granville,WV,54061,
33100,Great Cacapon,WV,54065,
33124,Green Bank,WV,54075,
33436,Green Spring,WV,54027,
33580,Greenview,WV,54005,
33604,Greenville,WV,54045,
34180,Gypsy,WV,54033,
34492,Hambleton,WV,54093,
34516,Hamlin,WV,54043,
34756,Handley,WV,54039,
34852,Hansford,WV,54039,
35092,Harman,WV,54083,
35284,Harpers Ferry,WV,54037,
35428,Harrisville,WV,54085,
35500,Hartford City,WV,54053,
35596,Harts,WV,54043,
36220,Hedgesville,WV,54003,
36292,Helen,WV,54081,
36340,Helvetia,WV,54083,
36436,Henderson,WV,54053,
36460,Hendricks,WV,54093,
36484,Henlawson,WV,54045,
36628,Hepzibah,WV,54033,
37036,Hico,WV,54019,
37372,Hillsboro,WV,54075,
37444,Hilltop,WV,54019,
37612,Hinkleville,WV,54097,
37636,Hinton,WV,54089,
37948,Holden,WV,54045,
38092,Hollygrove,WV,54039,
38260,Hometown,WV,54079,
38476,Hooverson Heights,WV,54009,
39340,Hundred,WV,54103,
39412,Huntersville,WV,54075,
39460,Huntington,WV,54011 54099,
39532,Hurricane,WV,54079,
39628,Huttonsville,WV,54083,
39652,Iaeger,WV,54047,
39676,Idamay,WV,54049,
40156,Institute,WV,54039,
40204,Inwood,WV,54003,
40444,Itmann,WV,54109,
40636,Jacksonburg,WV,54103,
40828,Jane Lew,WV,54041,
41010,Jefferson,WV,54039,
42244,Junior,WV,54001,
42292,Justice,WV,54059,
42316,Justice Addition,WV,54045,
42388,Kanawha,WV,54107,
43180,Kenova,WV,54099,
43300,Kermit,WV,54059,
43492,Keyser,WV,54057,
43516,Keystone,WV,54047,
43780,Kimball,WV,54047,
43828,Kimberly,WV,54019,
43852,Kincaid,WV,54019,
44044,Kingwood,WV,54077,
44188,Kistler,WV,54045,
44548,Kopperston,WV,54109,
45292,Lashmeet,WV,54055,
45580,Lavalette,WV,54099,
46300,Leon,WV,54053,
46420,Lesage,WV,54011,
46468,Lester,WV,54081,
46636,Lewisburg,WV,54025,
47788,Littleton,WV,54103,
48148,Logan,WV,54045,
48748,Lost Creek,WV,54033,
49156,Lubeck,WV,54107,
49252,Lumberport,WV,54033,
49492,Mabscott,WV,54081,
49564,MacArthur,WV,54081,
49732,McConnell,WV,54045,
50260,McMechen,WV,54051,
50524,Madison,WV,54005,
50836,Malden,WV,54039,
50860,Mallory,WV,54045,
50932,Man,WV,54045,
51100,Mannington,WV,54049,
51676,Marlinton,WV,54075,
51724,Marmet,WV,54039,
52060,Martinsburg,WV,54003,
52180,Mason,WV,54053,
52228,Masontown,WV,54077,
52324,Matewan,WV,54059,
52372,Matheny,WV,54109,
52420,Matoaka,WV,54055,
52588,Maybeury,WV,54047,
52780,Meadow Bridge,WV,54019,
53572,Middlebourne,WV,54095,
53692,Middleway,WV,54037,
54100,Mill Creek,WV,54083,
54484,Milton,WV,54011,
54580,Mineralwells,WV,54107,
54892,Mitchell Heights,WV,54045,
55132,Monaville,WV,54045,
55276,Monongah,WV,54049,
55372,Montcalm,WV,54055,
55468,Montgomery,WV,54019 54039,
55540,Montrose,WV,54083,
55588,Moorefield,WV,54031,
55756,Morgantown,WV,54061,
56020,Moundsville,WV,54051,
56212,Mount Carbon,WV,54019,
56342,Mount Gay-Shamrock,WV,54045,
56404,Mount Hope,WV,54019,
57148,Mullens,WV,54109,
57916,Neibert,WV,54045,
58180,Nettie,WV,54067,
58252,Newark,WV,54105,
58300,Newburg,WV,54077,
58372,New Cumberland,WV,54029,
58420,Newell,WV,54029,
58564,New Haven,WV,54053,
58684,New Martinsville,WV,54103,
58756,New Richmond,WV,54109,
59068,Nitro,WV,54039 54079,
59428,Northfork,WV,54047,
59458,North Hills,WV,54107,
59668,Norton,WV,54083,
59836,Nutter Fort,WV,54033,
60028,Oak Hill,WV,54019,
60196,Oakvale,WV,54055,
60364,Oceana,WV,54109,
60628,Omar,WV,54045,
61180,Osage,WV,54061,
61636,Paden City,WV,54095 54103,
61660,Page,WV,54019,
61684,Pageton,WV,54047,
62044,Parcoal,WV,54101,
62140,Parkersburg,WV,54107,
62284,Parsons,WV,54093,
62332,Paw Paw,WV,54065,
62356,Pax,WV,54019,
62428,Peach Creek,WV,54045,
62488,Pea Ridge,WV,54011,
62764,Pennsboro,WV,54085,
62788,Pentress,WV,54061,
62956,Petersburg,WV,54023,
63052,Peterstown,WV,54063,
63292,Philippi,WV,54001,
63484,Pickens,WV,54083,
63604,Piedmont,WV,54057,
63772,Pinch,WV,54039,
63892,Pine Grove,WV,54103,
63940,Pineville,WV,54109,
63988,Piney View,WV,54081,
64228,Pleasant Valley,WV,54049,
64516,Poca,WV,54079,
64708,Point Pleasant,WV,54053,
65284,Powellton,WV,54019,
65356,Pratt,WV,54039,
65596,Prichard,WV,54099,
65668,Prince,WV,54019,
65692,Princeton,WV,54055,
65836,Prosperity,WV,54081,
65956,Pullman,WV,54085,
66412,Quinwood,WV,54025,
66460,Rachel,WV,54049,
66484,Racine,WV,54005,
66652,Rainelle,WV,54025,
66748,Raleigh,WV,54081,
66892,Rand,WV,54039,
66988,Ranson,WV,54037,
67108,Ravenswood,WV,54035,
67204,Raymond City,WV,54079,
67228,Raysal,WV,54047,
67252,Reader,WV,54103,
67396,Red Jacket,WV,54059,
67636,Reedsville,WV,54077,
67660,Reedy,WV,54087,
67972,Reynoldsville,WV,54033,
67996,Rhodell,WV,54081,
68116,Richwood,WV,54067,
68260,Ridgeley,WV,54057,
68596,Ripley,WV,54035,
68908,Rivesville,WV,54049,
69100,Robinette,WV,54045,
69244,Rock Cave,WV,54097,
69844,Roderfield,WV,54047,
70084,Romney,WV,54027,
70156,Ronceverte,WV,54025,
70468,Rossmore,WV,54045,
70588,Rowlesburg,WV,54077,
70828,Rupert,WV,54025,
71212,St. Albans,WV,54039,
71284,St. George,WV,54093,
71356,St. Marys,WV,54073,
71380,Salem,WV,54033,
71476,Salt Rock,WV,54011,
71620,Sand Fork,WV,54021,
72004,Sarah Ann,WV,54045,
72292,Scarbro,WV,54019,
73108,Shady Spring,WV,54081,
73252,Shannondale,WV,54037,
73444,Shenandoah Junction,WV,54037,
73468,Shepherdstown,WV,54037,
73636,Shinnston,WV,54033,
73876,Shrewsbury,WV,54039,
74356,Sissonville,WV,54039,
74380,Sistersville,WV,54095,
74740,Smithers,WV,54019 54039,
74788,Smithfield,WV,54103,
75172,Sophia,WV,54081,
75292,South Charleston,WV,54039,
75796,Spelter,WV,54033,
75820,Spencer,WV,54087,
75868,Sprague,WV,54081,
76084,Springfield,WV,54027,
76444,Stanaford,WV,54081,
76516,Star City,WV,54061,
76996,Stollings,WV,54045,
77188,Stonewood,WV,54033,
77980,Summersville,WV,54067,
78580,Sutton,WV,54007,
78796,Switzer,WV,54045,
78964,Sylvester,WV,54005,
79545,Teays Valley,WV,54079,
79708,Terra Alta,WV,54077,
80020,Thomas,WV,54093,
80284,Thurmond,WV,54019,
80476,Tioga,WV,54067,
80764,Tornado,WV,54039,
80932,Triadelphia,WV,54069,
81268,Tunnelton,WV,54077,
81484,Twilight,WV,54005,
81940,Union,WV,54063,
82564,Valley Bend,WV,54083,
82732,Valley Grove,WV,54069,
82756,Valley Head,WV,54083,
82852,Van,WV,54005,
83332,Verdunville,WV,54045,
83500,Vienna,WV,54107,
83764,Vivian,WV,54047,
84172,Wallace,WV,54033,
84484,War,WV,54047,
84580,Wardensville,WV,54031,
84724,Washington,WV,54107,
84916,Waverly,WV,54107,
84940,Wayne,WV,54099,
85156,Weirton,WV,54009 54029,
85228,Welch,WV,54047,
85324,Wellsburg,WV,54009,
85636,West Dunbar,WV,54039,
85804,West Hamlin,WV,54043,
85876,West Liberty,WV,54069,
85900,West Logan,WV,54045,
85924,West Milford,WV,54033,
85972,Weston,WV,54041,
85996,Westover,WV,54061,
86116,West Union,WV,54017,
86452,Wheeling,WV,54051 54069,
86620,White Hall,WV,54049,
86812,White Sulphur Springs,WV,54025,
86836,Whitesville,WV,54005,
86932,Whitmer,WV,54083,
87316,Wiley Ford,WV,54057,
87508,Williamson,WV,54059,
87556,Williamstown,WV,54107,
87892,Windsor Heights,WV,54009,
87988,Winfield,WV,54079,
88276,Wolf Summit,WV,54033,
88324,Womelsdorf (Coalton),WV,54083,
88708,Worthington,WV,54049,
00245,Afton,WY,56023,
00680,Albany,WY,56001,
00825,Albin,WY,56021,
01115,Alcova,WY,56025,
01695,Alpine,WY,56023,
01888,Alpine Northeast,WY,56023,
01936,Alpine Northwest,WY,56023,
01985,Alta,WY,56039,
02877,Antelope Hills,WY,56025,
03000,Arapahoe,WY,56013,
03245,Arlington,WY,56007,
03652,Arrowhead Springs,WY,56037,
03725,Arvada,WY,56033,
04015,Atlantic City,WY,56013,
04160,Auburn,WY,56023,
04740,Baggs,WY,56007,
04885,Bairoil,WY,56037,
05245,Bar Nunn,WY,56025,
05320,Basin,WY,56003,
05625,Bear River,WY,56041,
06045,Bedford,WY,56023,
06407,Bessemer Bend,WY,56025,
06480,Beulah,WY,56011,
06770,Big Horn,WY,56033,
07060,Big Piney,WY,56035,
08365,Bondurant,WY,56035,
09235,Boulder,WY,56035,
09307,Boulder Flats,WY,56013,
10175,Brookhurst,WY,56025,
10685,Buffalo,WY,56019,
11120,Burlington,WY,56003,
11265,Burns,WY,56021,
11700,Byron,WY,56003,
12860,Carpenter,WY,56021,
13005,Carter,WY,56041,
13150,Casper,WY,56025,
13222,Casper Mountain,WY,56025,
13440,Centennial,WY,56001,
13900,Cheyenne,WY,56021,
14097,Chugcreek,WY,56031,
14165,Chugwater,WY,56031,
15325,Clearmont,WY,56033,
15400,Clearview Acres,WY,56037,
15760,Cody,WY,56029,
15905,Cokeville,WY,56023,
17210,Cora,WY,56035,
17645,Cowley,WY,56003,
18225,Crowheart,WY,56013,
18950,Daniel,WY,56035,
19385,Dayton,WY,56033,
19530,Deaver,WY,56003,
20110,Diamondville,WY,56023,
20690,Dixon,WY,56007,
21125,Douglas,WY,56009,
21415,Dubois,WY,56013,
22720,East Thermopolis,WY,56017,
23010,Eden,WY,56037,
23155,Edgerton,WY,56025,
24025,Elk Mountain,WY,56007,
24350,El Rancho,WY,56031,
24750,Encampment,WY,56007,
25185,Esterbrook,WY,56009,
25330,Ethete,WY,56013,
25475,Etna,WY,56023,
25620,Evanston,WY,56041,
25765,Evansville,WY,56025,
25910,Fairview,WY,56023,
26055,Farson,WY,56037,
27650,Fontenelle,WY,56023,
27940,Fort Bridger,WY,56041,
28230,Fort Laramie,WY,56015,
28665,Fort Washakie,WY,56013,
29300,Fox Farm-College,WY,56021,
29400,Fox Park,WY,56001,
29825,Frannie,WY,56003 56029,
30115,Freedom,WY,56023,
30985,Garland,WY,56029,
31855,Gillette,WY,56005,
32290,Glendo,WY,56031,
32435,Glenrock,WY,56009,
32870,Granger,WY,56037,
33740,Green River,WY,56037,
33885,Greybull,WY,56003,
34030,Grover,WY,56023,
34320,Guernsey,WY,56031,
35335,Hanna,WY,56007,
35552,Hartrandt,WY,56025,
35625,Hartville,WY,56031,
36060,Hawk Springs,WY,56015,
37510,Hillsdale,WY,56021,
37727,Hill View Heights,WY,56045,
37945,Hoback,WY,56039,
38307,Homa Hills,WY,56025,
38960,Hudson,WY,56013,
39105,Hulett,WY,56011,
39250,Huntley,WY,56015,
39395,Hyattville,WY,56003,
40120,Jackson,WY,56039,
40265,James Town,WY,56037,
40555,Jeffrey City,WY,56013,
40945,Johnstown,WY,56013,
41353,Kaycee,WY,56019,
41860,Kelly,WY,56039,
42005,Kemmerer,WY,56023,
42730,Kirby,WY,56017,
43455,La Barge,WY,56023,
43745,LaGrange,WY,56015,
44252,Lakeview North,WY,56031,
44615,Lance Creek,WY,56027,
44760,Lander,WY,56013,
45050,Laramie,WY,56001,
46790,Lingle,WY,56015,
46935,Little America,WY,56037,
47370,Lonetree,WY,56041,
47805,Lost Springs,WY,56009,
47950,Lovell,WY,56003,
48240,Lucerne,WY,56017,
48530,Lusk,WY,56027,
48675,Lyman,WY,56041,
49400,McKinnon,WY,56037,
49775,Mammoth,WY,56029,
49980,Manderson,WY,56003,
50270,Manville,WY,56027,
50415,Marbleton,WY,56035,
51285,Meadow Acres,WY,56025,
51575,Medicine Bow,WY,56007,
51720,Meeteetse,WY,56029,
52445,Midwest,WY,56025,
53460,Mills,WY,56025,
54185,Moorcroft,WY,56011,
54402,Moose Wilson Road,WY,56039,
55200,Mountain View,WY,56025,
55345,Mountain View,WY,56041,
56215,Newcastle,WY,56045,
56520,Nordic,WY,56023,
56700,North Rock Springs,WY,56037,
57375,Oakley,WY,56023,
57810,Opal,WY,56023,
58100,Orin,WY,56009,
58680,Osage,WY,56045,
58970,Osmond,WY,56023,
59332,Owl Creek,WY,56017,
59985,Parkman,WY,56033,
60130,Pavillion,WY,56013,
61435,Pine Bluffs,WY,56021,
61580,Pinedale,WY,56035,
61610,Pine Haven,WY,56011,
62160,Point of Rocks,WY,56037,
62269,Powder Horn,WY,56033,
62305,Powder River,WY,56025,
62450,Powell,WY,56029,
62812,Purple Sage,WY,56037,
63100,Rafter J Ranch,WY,56039,
63465,Ralston,WY,56029,
63755,Ranchester,WY,56033,
63800,Ranchettes,WY,56021,
63900,Rawlins,WY,56007,
64400,Red Butte,WY,56025,
65060,Reliance,WY,56037,
66075,Riverside,WY,56007,
66220,Riverton,WY,56013,
66655,Robertson,WY,56041,
67090,Rock River,WY,56001,
67235,Rock Springs,WY,56037,
67440,Rolling Hills,WY,56009,
67670,Ryan Park,WY,56007,
68685,Saratoga,WY,56007,
69700,Shell,WY,56003,
69845,Sheridan,WY,56033,
70570,Shoshoni,WY,56013,
71150,Sinclair,WY,56007,
71295,Slater,WY,56031,
71350,Sleepy Hollow,WY,56005,
71440,Smoot,WY,56023,
71800,South Greeley,WY,56021,
71947,South Park,WY,56039,
73180,Star Valley Ranch,WY,56023,
73615,Story,WY,56033,
74195,Sundance,WY,56011,
74775,Superior,WY,56037,
75355,Table Rock,WY,56037,
75572,Taylor,WY,56023,
75790,Ten Sleep,WY,56043,
75935,Teton Village,WY,56039,
76370,Thayne,WY,56023,
76515,Thermopolis,WY,56017,
77530,Torrington,WY,56015,
78400,Turnerville,WY,56023,
79125,Upton,WY,56045,
79270,Urie,WY,56041,
79705,Van Tassell,WY,56027,
80285,Veteran,WY,56015,
80575,Vista West,WY,56025,
81300,Wamsutter,WY,56037,
81640,Warren AFB,WY,56021,
81703,Washam,WY,56037,
82967,Westview Circle,WY,56031,
83040,Wheatland,WY,56031,
83100,Whiting,WY,56031,
83765,Wilson,WY,56039,
84852,Woods Landing-Jelm,WY,56001,
84925,Worland,WY,56043,
85015,Wright,WY,56005,
86665,Yoder,WY,56015,
86737,Y-O Ranch,WY,56031,
