fips,name,state,google_place_id
01001,Autauga County,AL,ChIJg9z7ewWPjogRA_8QrB0va7o
01003,Baldwin County,AL,ChIJMRERvxBnmogR0K_9O08dxDw
01005,Barbour County,AL,ChIJtUJfgR1tjYgRAjFO7yq2nuI
01007,Bibb County,AL,ChIJEdvIA8szj4gRU_XpIL_1cSw
01009,Blount County,AL,ChIJdcUJhYeXiYgRERpotPlZFfs
01011,Bullock County,AL,ChIJcXKpowinjYgR2bm-CFekO9E
01013,Butler County,AL,ChIJvwuytCw6jogR94Yjx8idafg
01015,Calhoun County,AL,ChIJGyBy4YNNiogRE-jfYYjjehM
01017,Chambers County,AL,ChIJ8wq7d0SgjIgR7dF0tFV4YxI
01019,Cherokee County,AL,ChIJW8evmPRiiogROnAqHB76oCA
01021,Chilton County,AL,ChIJS3kV4bHJjogROXThhEVi6WQ
01023,Choctaw County,AL,ChIJudf5RKvhhIgRL_9Xfo0IOS8
01025,Clarke County,AL,ChIJQZySLbnLmogRyygQkshn9-Q
01027,Clay County,AL,ChIJ7SnMwYOTi4gRQ2Kp7tU2TTU
01029,Cleburne County,AL,ChIJMbmDk2T_iogREnEFcAKu3co
01031,Coffee County,AL,ChIJY8xZwLgTkogRzT0BJZXvy-A
01033,Colbert County,AL,ChIJx9RdR4pDfYgRwXFUhyjJkjI
01035,Conecuh County,AL,ChIJ-cexfRYwkIgRKRXsDVi20AM
01037,Coosa County,AL,ChIJO38NpV-qjogR_DGYR1a7hfg
01039,Covington County,AL,ChIJL6eZvYO9kYgR8JpPeJgyi8I
01041,Crenshaw County,AL,ChIJazOdWMQHjogRss6g43wnKB0
01043,Cullman County,AL,ChIJ80bNgkhOiIgR2OiZAIYFOOI
01045,Dale County,AL,ChIJdZZpSW99kogR5F9J6CBlYd0
01047,Dallas County,AL,ChIJ9xTUS0kIj4gR5H8RrvN7U5A
01049,DeKalb County,AL,ChIJxy4_RT7ZYYgR6zftJTvIIBU
01051,Elmore County,AL,ChIJ6aOPm3OcjogRrQGwkMQLNAA
01053,Escambia County,AL,ChIJzY1jedVekIgRMfynHUnNNPY
01055,Etowah County,AL,ChIJATNm2KgQiogR8kdQnflzDDQ
01057,Fayette County,AL,ChIJrWUdBMbAh4gRpBTF8Lnhl2A
01059,Franklin County,AL,ChIJx1BvLiP7h4gR2XnrF_6toLc
01061,Geneva County,AL,ChIJA1lA4f9CkogRQJ4ZtfB9S7Q
01063,Greene County,AL,ChIJB6-ELJvIhYgR5dROx5dmh3I
01065,Hale County,AL,ChIJSxtmelHzhYgRBcDVwPeW7Y0
01067,Henry County,AL,ChIJAQQDmdWEkogRVy_0qKujBUI
01069,Houston County,AL,ChIJxctXypKIkogR-g9j2PSoOBw
01071,Jackson County,AL,ChIJoVwm-RjqYYgRsdNo4UCkfeI
01073,Jefferson County,AL,ChIJI3NHUAHeiIgRjEYySwpu1Zg
01075,Lamar County,AL,ChIJsW6IsdGsh4gRB47NLHyT1b4
01077,Lauderdale County,AL,ChIJF6ndq7w3fYgR9E3GhltzBZE
01079,Lawrence County,AL,ChIJ5-nPAWihYogRqk5W1HBMkXA
01081,Lee County,AL,ChIJ52OyZFxYjIgRKmFPDzRWuFk
01083,Limestone County,AL,ChIJdaslZmNhYogRJltxufJfYmA
01085,Lowndes County,AL,ChIJbwCwdcxdjogRoLZlaxo7X14
01087,Macon County,AL,ChIJMaX_VbNVjIgRP0NEpma8y8w
01089,Madison County,AL,ChIJD42VzuAUYogRzlLGpknYs44
01091,Marengo County,AL,ChIJS2WYEO11hYgR3lA_VhrYavM
01093,Marion County,AL,ChIJE7W8GHrdh4gRnkiMvyBu85Y
01095,Marshall County,AL,ChIJcxIcvTAAiogRu8l5JunPtSs
01097,Mobile County,AL,ChIJK6FDUmGym4gRO0XgJVIpkUY
01099,Monroe County,AL,ChIJCQvCHRohkIgRs3ZdtiYokfg
01101,Montgomery County,AL,ChIJ-YHUsJSBjogRwWSetWNBBsQ
01103,Morgan County,AL,ChIJSfZjE7ooiIgRfGKcLi3wy24
01105,Perry County,AL,ChIJXwPkJ9Fuj4gRE6mFCNBDUTA
01107,Pickens County,AL,ChIJwfbgMF1lhogRp3yT3z9v17g
01109,Pike County,AL,ChIJo1VtB2aPjYgRJdXJgNo6f0s
01111,Randolph County,AL,ChIJpR9fanFxi4gRXTBYhiqTREM
01113,Russell County,AL,ChIJ87jB5LPfjIgRp8-2hTWWOvI
01115,St. Clair County,AL,ChIJoYfspOpyiYgRp3p1wsSvlSo
01117,Shelby County,AL,ChIJIw3ADV7jiIgRP6sugMWjQVM
01119,Sumter County,AL,ChIJBaj-z6azhYgReMa-IhlPLB4
01121,Talladega County,AL,ChIJcbiXho1EiYgRZvIqb_vG6Wg
01123,Tallapoosa County,AL,ChIJ0cO6TY0SjIgRXJQOsRghdwk
01125,Tuscaloosa County,AL,ChIJjdSpZDmmiIgRDAgZKOVU9-k
01127,Walker County,AL,ChIJRw-ktuNuiIgRQxFsc0hfgNw
01129,Washington County,AL,ChIJv80muBoom4gRBR6CIjX5v_Y
01131,Wilcox County,AL,ChIJcVgSd5e_j4gR_y7gQAPE6Hs
01133,Winston County,AL,ChIJiS7o5xoMiIgR87QJwv9ayJ8
02013,Aleutians East Borough,AK,ChIJ7a-UgVuW_lYRjTetzbIWL48
02016,Aleutians West Census Area,AK,ChIJI9ivbI1Pg1cRg8d4nlGjGVU
02020,Anchorage Municipality,AK,ChIJQT-zBHaRyFYR42iEp1q6fSU
02050,Bethel Census Area,AK,ChIJAzKaLtLCIVcR4HXf_qNNZmk
02060,Bristol Bay Borough,AK,ChIJq3q39fef6FYRobLPUAsGQ0M
02063,Chugach Census Area,AK,ChIJj3x8PXcFt1YRvz112p0TjA8
02066,Copper River Census Area,AK,ChIJNRl_BvShtVYRDC6rbhNVxac
02068,Denali Borough,AK,ChIJOTWQqX-pzVYRqwYRa_-9avw
02070,Dillingham Census Area,AK,ChIJM-YORS8B3lYRZd4u0HiMW1g
02090,Fairbanks North Star Borough,AK,ChIJh1hyQyV_M1ERYrNgULUBLpA
02100,Haines Borough,AK,ChIJp6hr9o3pAVQRR7I8MzKIRgQ
02105,Hoonah-Angoon Census Area,AK,ChIJjY64IlEKAVQR07LV-Nz07zE
02110,Juneau City and Borough,AK,ChIJjzpqb2zeAFQREfNprlryXgY
02122,Kenai Peninsula Borough,AK,ChIJFfW41gNZwVYRamRfTxj0RdY
02130,Ketchikan Gateway Borough,AK,ChIJBc4nwh-fDlQRwEQtwhZU1CI
02150,Kodiak Island Borough,AK,ChIJ84Wen1SV61YR2LqkcZiadvc
02158,Kusilvak Census Area,AK,ChIJW4RSG5ZoJFcR2-oeYuGVuRQ
02164,Lake and Peninsula Borough,AK,ChIJI26TK2JC6FYR2uVT9p4NXxo
02170,Matanuska-Susitna Borough,AK,ChIJxT0fZPkfzFYReC4g704O-_c
02180,Nome Census Area,AK,ChIJ6ftI2sg4MVcRD6MakZY-GXk
02185,North Slope Borough,AK,ChIJB9NjWeWd2VARx-Cy8uG2nZc
02188,Northwest Arctic Borough,AK,ChIJM3vtHzeW01ARVYqgadp2wpI
02195,Petersburg Borough,AK,ChIJgy8SV5WrCFQRvJYQwir9fe4
02198,Prince of Wales-Hyder Census Area,AK,ChIJ4auid4_RDlQR-_YKUHqQ1ow
02220,Sitka City and Borough,AK,ChIJuWN1b4NmBFQRdBzIn0jaQSU
02230,Skagway Municipality,AK,ChIJfW5sY0WsqlYRfXwDxtKQkQs
02240,Southeast Fairbanks Census Area,AK,ChIJc2MxnobtNFERV6pifSHbErk
02275,Wrangell City and Borough,AK,ChIJm8DoiZa4CFQRjDkWmJTwDtU
02282,Yakutat City and Borough,AK,ChIJAz4GIST0qVYRyXlvZrEutfo
02290,Yukon-Koyukuk Census Area,AK,ChIJazQyT-72LFERFWgM8TE0_n8
04001,Apache County,AZ,ChIJ-WDLw6lhJYcRcrSQ4ttk6sE
04003,Cochise County,AZ,ChIJ30PnwuKo14YRUhvNr6Cpals
04005,Coconino County,AZ,ChIJK-gFlwP2MocR8iCzue8_fJs
04007,Gila County,AZ,ChIJC_SEqrZtKYcR4nCmBCLykDk
04009,Graham County,AZ,ChIJgQ7I6CrP14YRk0G0iIo41EE
04011,Greenlee County,AZ,ChIJyZ2fsDqYJ4cRpzR6yoL0rWQ
04012,La Paz County,AZ,ChIJ3f7Q5PTk04ARcPUqZ1wzDcg
04013,Maricopa County,AZ,ChIJ_6JyBQxdK4cRgEgsf9Ec7Eo
04015,Mohave County,AZ,ChIJy3P6phi5zYARF6xUkrx2XF8
04017,Navajo County,AZ,ChIJP_zwFUXbL4cR1fe46GC9yJU
04019,Pima County,AZ,ChIJe8JyMI_h1YYR2CMgyPALEJc
04021,Pinal County,AZ,ChIJ-0CVcqRcKocRs7hv5vsqLVs
04023,Santa Cruz County,AZ,ChIJE5kN7zy91oYRStPdMS-VcFw
04025,Yavapai County,AZ,ChIJ_9Wg9ndHLYcRSpqrnWA24FQ
04027,Yuma County,AZ,ChIJ0RQL4sIy1IARGb_Oo87I-Y4
05001,Arkansas County,AR,ChIJvSk16WO6LIYRMx6AWly-cBo
05003,Ashley County,AR,ChIJuaxeEvTSLYYRJM_hnM1AUwc
05005,Baxter County,AR,ChIJm107bODf0YcRoicDpbkyp-g
05007,Benton County,AR,ChIJxRvBH49xyYcR7YJdSf4HSJM
05009,Boone County,AR,ChIJKzPHROoqzIcRtNDFXNCe1ao
05011,Bradley County,AR,ChIJfw_4ag6VLYYRAKrvQIcfx0g
05013,Calhoun County,AR,ChIJCSGabn15MoYRmpbJh6nvkqM
05015,Carroll County,AR,ChIJl3hv9Ly4zocRU59xTL7PAkU
05017,Chicot County,AR,ChIJnSw6Ldr3K4YRxM36sXi0N3Y
05019,Clark County,AR,ChIJbarlDHIXM4YRJLZot_52KBk
05021,Clay County,AR,ChIJL7rQc0ND1ocRvg6iXyvk2Xo
05023,Cleburne County,AR,ChIJMSY7uRg_0ocR3dN0BPE2WWg
05025,Cleveland County,AR,ChIJ3zPsP8ZzLYYR4wtGlsPB9jk
05027,Columbia County,AR,ChIJ22wGmZPFM4YR79oIEnfcgiw
05029,Conway County,AR,ChIJ7YbQsmCXzYcRJcAPOi3YcFk
05031,Craighead County,AR,ChIJZ2l6Hd0t1IcRxj4A35oPQDM
05033,Crawford County,AR,ChIJOaLq1WPGy4cR4ZXBPXSgN3k
05035,Crittenden County,AR,ChIJnUxd7K4Y1YcRPbFNzRqi6e0
05037,Cross County,AR,ChIJcd2qMSZX1IcRgJMy0O-U4-I
05039,Dallas County,AR,ChIJj3kvgkaQMoYRksgLT0ixHPQ
05041,Desha County,AR,ChIJ03eVbUSHLIYRlaBFg-IdWyg
05043,Drew County,AR,ChIJqTr0OEVaLIYR6Ky8g-J7E5A
05045,Faulkner County,AR,ChIJmSL6xEJizYcR5y8CctThs7s
05047,Franklin County,AR,ChIJ-w-2uMmay4cRypizgqaZKnM
05049,Fulton County,AR,ChIJkY_H_5cJ0YcRKIKXsbCmQOk
05051,Garland County,AR,ChIJgQcUsO7UzIcRbzaTkDVIW8E
05053,Grant County,AR,ChIJr-5xnGuq0ocR_sIJjzw_LRY
05055,Greene County,AR,ChIJJT0qofBk1ocRvXmLqv-Zhzw
05057,Hempstead County,AR,ChIJsRNK65CBM4YRCGzUaS34WMU
05059,Hot Spring County,AR,ChIJW-WD6GDbMoYRabA96YPRPYo
05061,Howard County,AR,ChIJF4Raf6GZNIYRgc8h1BORXFo
05063,Independence County,AR,ChIJw6I2bc_g04cRTttbxCcdd-c
05065,Izard County,AR,ChIJcea82A-Q0YcROtoyGdRfT-Y
05067,Jackson County,AR,ChIJs1-kW4P004cRKYiAbymBn10
05069,Jefferson County,AR,ChIJTylBlRPYLIYRuNproa7ZAW0
05071,Johnson County,AR,ChIJfWYWNGE6zIcRu9FxdYnRlD8
05073,Lafayette County,AR,ChIJ4-QRpy3wM4YRtpbKiijErQE
05075,Lawrence County,AR,ChIJPfbgG8u71ocRQEvPnZLAzG8
05077,Lee County,AR,ChIJrY8RsurE1IcRMpUTUcpaH7A
05079,Lincoln County,AR,ChIJdyBSqwHjLIYR-l46BBdW5lw
05081,Little River County,AR,ChIJnacqgP31NIYRttQe7mpDo7o
05083,Logan County,AR,ChIJ0xQhmdt3zIcRz5ow_Mzo_Ug
05085,Lonoke County,AR,ChIJaxfA5Azn0ocRfjVvSMI2W24
05087,Madison County,AR,ChIJizOPjaIBzIcR_n5YNdqPmQk
05089,Marion County,AR,ChIJ5fy245wUzocRSBWJKCVLOCI
05091,Miller County,AR,ChIJCU2b_0oKNIYRuiDrvCsk5gA
05093,Mississippi County,AR,ChIJ86DhFR1bf4gR8wi7Cg8YkMU
05095,Monroe County,AR,ChIJjUzVDBBY04cR-GOvmQpuO-U
05097,Montgomery County,AR,ChIJX7nWsiuszIcREFgOi8X3U8Y
05099,Nevada County,AR,ChIJ9z85fhGkM4YRJAxzlKP4YCA
05101,Newton County,AR,ChIJA1e4xj4mzIcRsoXt6AzmCK4
05103,Ouachita County,AR,ChIJK2Xfwq9cMoYRyi1XGpZpSa0
05105,Perry County,AR,ChIJE_s4hqptzYcRiq4xxczX1XQ
05107,Phillips County,AR,ChIJQ_LCVfUzK4YRVqPfV_xXXJE
05109,Pike County,AR,ChIJuVM5ck2sNIYRMMMjYhRIPW0
05111,Poinsett County,AR,ChIJCRy4FoBK1IcRzs7w6RoxJ60
05113,Polk County,AR,ChIJFfuHYjQyy4cRGVBZEJjRSy4
05115,Pope County,AR,ChIJXUQWO8a1zYcR451IlhuqMBg
05117,Prairie County,AR,ChIJdyIro0FB04cRbSWGZo5t4Z4
05119,Pulaski County,AR,ChIJs_V_pr-f0ocRWdyUuGRsFpc
05121,Randolph County,AR,ChIJm9cOHlHH1ocR_rvu3h2BPpI
05123,St. Francis County,AR,ChIJY19V7Uz61IcR4wrfWGF7ZxQ
05125,Saline County,AR,ChIJMXj__bZRzYcRCjDnhVtSZxM
05127,Scott County,AR,ChIJr48CbDIVy4cRyVAmZ30PxqE
05129,Searcy County,AR,ChIJT_vmAoXYzYcRXWU5v08DHQw
05131,Sebastian County,AR,ChIJcXv500Wvy4cRJdvvd0hia84
05133,Sevier County,AR,ChIJm91JPQDmNIYR6cj-RaP3KZY
05135,Sharp County,AR,ChIJl3N0MGVB0YcRj9g0zQFDFJQ
05137,Stone County,AR,ChIJkR-FIdwD0ocRqYOTKrNofzk
05139,Union County,AR,ChIJu8Sy4FUBMoYRZvJs1yXueYc
05141,Van Buren County,AR,ChIJ_aH1L4TzzYcR4gkTRJf5cXk
05143,Washington County,AR,ChIJ29VSGF5DyYcR2uRJ0-eIZ8g
05145,White County,AR,ChIJew8toMFU0ocR4Meb0nJoeRc
05147,Woodruff County,AR,ChIJ99In2VN604cR8561DOtbXSA
05149,Yell County,AR,ChIJKWW2vMtHzIcRvqHbsk-N0uo
06001,Alameda County,CA,ChIJWRd5NDfyj4ARc30TGxHHxmg
06003,Alpine County,CA,ChIJm4MK9CjmmYARqb9DZye9mdg
06005,Amador County,CA,ChIJo-0fEllAmoAReviEN7sDX08
06007,Butte County,CA,ChIJqU41XjnMnIARmr_6dQ8De6w
06009,Calaveras County,CA,ChIJgQMawEWokIARUF3VYX30ANw
06011,Colusa County,CA,ChIJRT5Nfet-g4ARNOrX07hzqyk
06013,Contra Costa County,CA,ChIJ3QQ6ifNuhYAR4fM4Ln-yyVk
06015,Del Norte County,CA,ChIJx4WyaQlE0FQR8JxYKlKaNGQ
06017,El Dorado County,CA,ChIJhQd-sopHmoARt9CBUcuaJB4
06019,Fresno County,CA,ChIJb4MUvgDhlIAR17RXLUdHFN0
06021,Glenn County,CA,ChIJjzDEVhZXgoAR7htH6c13W8w
06023,Humboldt County,CA,ChIJsVTwdfTf01QRfyaxfTR5OjQ
06025,Imperial County,CA,ChIJhdiTJCJU14ARgIVgGBtq0Ok
06027,Inyo County,CA,ChIJZ9qUJCZdv4ARXoUOFIxjZpY
06029,Kern County,CA,ChIJay370_YE64AR-iOuuhZv_Hk
06031,Kings County,CA,ChIJN7r1HUGolIAR515hBXl1zFQ
06033,Lake County,CA,ChIJk1dBm5ndg4AR_76GSNuh_ok
06035,Lassen County,CA,ChIJy-T-M8DVzFQRDULlruqWmao
06037,Los Angeles County,CA,ChIJMc1kAdMq3YARKjm9z9YofYM
06039,Madera County,CA,ChIJJ0RmN7I4lIARWvI1ivl5FfA
06041,Marin County,CA,ChIJ82aOMnyhhYARHLRVUdyH0As
06043,Mariposa County,CA,ChIJey7XBpaFloARsZQNIKqDzZo
06045,Mendocino County,CA,ChIJh-hRvjCOgYARFQFu8mmzZyM
06047,Merced County,CA,ChIJV3GZ91BAkYARa-nZLEDidHY
06049,Modoc County,CA,ChIJe1A5AGiLy1QRjshRZUaYFuU
06051,Mono County,CA,ChIJ2ZngE-r2lYARS4EQzITgoYg
06053,Monterey County,CA,ChIJUV7XWK6z7IARFNInOyD3gBc
06055,Napa County,CA,ChIJMU8qI_lPhIARfMUQoxvSFP4
06057,Nevada County,CA,ChIJX_aX8TOFm4ARgtETUAvolo8
06059,Orange County,CA,ChIJz_fVVFyS3IARB9bwj2HDpt4
06061,Placer County,CA,ChIJk-ZOZm4Sm4AR8eQ1nDcJNKA
06063,Plumas County,CA,ChIJF3qkksP-nIARU6eCGxhifsY
06065,Riverside County,CA,ChIJr3EqHoH12oARjSkNIFgUKF8
06067,Sacramento County,CA,ChIJ2YAlNVPHmoARfxR2QbW1CPI
06069,San Benito County,CA,ChIJ_8VcLuc7koARQXmgrXGnQxc
06071,San Bernardino County,CA,ChIJ5Rsx6IoqxYARyu0YyduLQwo
06073,San Diego County,CA,ChIJHWD_IzDr24ARKAeA6yv9DTU
06075,San Francisco County,CA,ChIJIQBpAG2ahYAR_6128GcTUEo
06077,San Joaquin County,CA,ChIJ31ZZ5gY-kIAR0dtYpsEqJEc
06079,San Luis Obispo County,CA,ChIJX3PwOP2E7IAR9ToVLk_oEGY
06081,San Mateo County,CA,ChIJiUYt5gF4j4AR3OQX5ii4s1c
06083,Santa Barbara County,CA,ChIJXxfrQWYM7IAR_9ACRVau1Wo
06085,Santa Clara County,CA,ChIJd_Y0eVIvkIARuQyDN0F1LBA
06087,Santa Cruz County,CA,ChIJfzsx1n8TjoARGbNHDCbAPhU
06089,Shasta County,CA,ChIJuTsbyAyZ0lQRqcLKtOn5yus
06091,Sierra County,CA,ChIJb3lbw8J1nIARlJ3CU84oUBc
06093,Siskiyou County,CA,ChIJ4zDVKb3ZzVQRTEgV1H5pDrI
06095,Solano County,CA,ChIJB_R9n88XhYAR-L8fjKYikj0
06097,Sonoma County,CA,ChIJj7atfV0ihIAR_qYnBSATSUk
06099,Stanislaus County,CA,ChIJfZBHmyBKkIARSB3-AYJIs68
06101,Sutter County,CA,ChIJCRlcH4ezhIARAFpUT3LUXyQ
06103,Tehama County,CA,ChIJ6_8ezximgoARGaPfZ5WDxqo
06105,Trinity County,CA,ChIJtVJxfI4U0lQRpq67G10ZLkk
06107,Tulare County,CA,ChIJ1_-qb3ovlYAR5-g1FwCi4EQ
06109,Tuolumne County,CA,ChIJUXsaVaYxl4ARpyB7IpcuWGU
06111,Ventura County,CA,ChIJqXcAstJi6YARs7DDR_CQld0
06113,Yolo County,CA,ChIJ69wnuncnhYAR4jxmM3iXoXE
06115,Yuba County,CA,ChIJIV5ELCiJnIAR6qkoCKN843U
08001,Adams County,CO,ChIJB6GazydAbIcRWmr4AmHfJ_A
08003,Alamosa County,CO,ChIJpfn5D4DVFYcRS4Lbt0g3BkY
08005,Arapahoe County,CO,ChIJDYo7vUlebIcRfni-5Dcedpo
08007,Archuleta County,CO,ChIJyedJHVoLPocRsr3Gw72FpBk
08009,Baca County,CO,ChIJE4x0XaNFDocR2V3dJYpGjC8
08011,Bent County,CO,ChIJIcJGzccUDocRhlZ_e14CyHg
08013,Boulder County,CO,ChIJxXGuYuzba4cRzUewqXMASX8
08014,Broomfield County,CO,ChIJJflQ5p_1a4cR07Jtsi8Xw1Y
08015,Chaffee County,CO,ChIJNaOtETj-FIcRupOoGYAIuuQ
08017,Cheyenne County,CO,ChIJ06Mi_fHvDIcRDEW5WOdybNY
08019,Clear Creek County,CO,ChIJr3DC7TOla4cRP3Q6xF1Y7wU
08021,Conejos County,CO,ChIJ2cRqZdY_FocRIt5NwatZNf8
08023,Costilla County,CO,ChIJ45p1E6iTFocRS4CszvimoYk
08025,Crowley County,CO,ChIJ7zw7ZFN7EocRWgJXY7X0nr0
08027,Custer County,CO,ChIJy0vZ9FD-FIcR-i-Pyzi3Zmk
08029,Delta County,CO,ChIJ0fgy9kaWQIcR3seegoTZYek
08031,Denver County,CO,ChIJzxcfI6qAa4cR1jaKJ_j0jhE
08033,Dolores County,CO,ChIJHXpQ6fQQOYcRQG-5IL9GTs8
08035,Douglas County,CO,ChIJxyXdfv2-bIcRWOQrqaUIXjI
08037,Eagle County,CO,ChIJVyxbSAS3QYcRWopZf0qZ0ug
08039,Elbert County,CO,ChIJO6_9uyIjbYcRd5v-9MpmWX4
08041,El Paso County,CO,ChIJiSma4fAWE4cRaCZHd0WP_RA
08043,Fremont County,CO,ChIJvTUeCdn-FIcRLcE9pRPo_bI
08045,Garfield County,CO,ChIJzSTYCxNxQYcRk_KseUv7X-0
08047,Gilpin County,CO,ChIJl3J4eE28a4cRJaznG0rc18k
08049,Grand County,CO,ChIJe9U-Gc9qaocRSOj8GQXWLbs
08051,Gunnison County,CO,ChIJobWkQaxrQIcRyBHlBMbqZRM
08053,Hinsdale County,CO,ChIJC3zA69sQP4cRraF-yv12BhY
08055,Huerfano County,CO,ChIJoUCmAChgFIcR22ODFYlGPxc
08057,Jackson County,CO,ChIJh2xmF7BxQocReeP300CiJn4
08059,Jefferson County,CO,ChIJyxAXZg2va4cRgQv02X4ue50
08061,Kiowa County,CO,ChIJLcoE0RBTDIcRezAMPhDRSFg
08063,Kit Carson County,CO,ChIJbRvUnmYtc4cR6vyHhrnsEk8
08065,Lake County,CO,ChIJmal-dhuaaocRMOFAC0S-1CE
08067,La Plata County,CO,ChIJuc5xfeCiPocRfcZyScmGsxs
08069,Larimer County,CO,ChIJ03t0qaJuaYcRZBCHlq3SC70
08071,Las Animas County,CO,ChIJsWC_d9WREYcRRIJH9L7cAkw
08073,Lincoln County,CO,ChIJR2MHDYWrEocR5cwO8AN8tE8
08075,Logan County,CO,ChIJKw6ag78ncocRTKB7AP51HbQ
08077,Mesa County,CO,ChIJv-6LuAEuRocRNF1lhEcz1-0
08079,Mineral County,CO,ChIJhVxHf0FqPocRAxGnEqWHiTM
08081,Moffat County,CO,ChIJ5ZYoAkOhQ4cRIWH9Vr3aV1c
08083,Montezuma County,CO,ChIJ-cZF_Mk9OYcRew3Hwdox50Y
08085,Montrose County,CO,ChIJ1aUiMv9JP4cRPhYDwhgWXO0
08087,Morgan County,CO,ChIJU9EWMs32bYcRNh3Sk8RP7JU
08089,Otero County,CO,ChIJddvwpowZDocRoWa2QdZLKRU
08091,Ouray County,CO,ChIJEStbgeS0OIcRQJgULWW52WQ
08093,Park County,CO,ChIJU5Ko564ha4cRi1ywfW51ffg
08095,Phillips County,CO,ChIJkcgyhgvVc4cR0lHcKWCJ890
08097,Pitkin County,CO,ChIJVyxbSAS3QYcRUtO4yC-Bohw
08099,Prowers County,CO,ChIJMY_io4KfDocR8yD7iWJPkwE
08101,Pueblo County,CO,ChIJbSRz_4WvE4cRLsrDtfjKNkI
08103,Rio Blanco County,CO,ChIJS_ltJV_WQ4cRoQDIpgcxwLg
08105,Rio Grande County,CO,ChIJPS7BiHv2FYcRq_u9j6Kpvpw
08107,Routt County,CO,ChIJ-dGew1EYQocRZA3rearTJXE
08109,Saguache County,CO,ChIJSfDdiHv2FYcRqG_V9wALwHY
08111,San Juan County,CO,ChIJxa591NfcPocRwHcYBsw827U
08113,San Miguel County,CO,ChIJkZS2D5W2OIcRnCDJ-x92fYs
08115,Sedgwick County,CO,ChIJFeBoSR9BcYcRfSiHVxxhHqM
08117,Summit County,CO,ChIJu4HI4ohcaocRaP8eOJik0GI
08119,Teller County,CO,ChIJZfzYnp7KFIcRoA2ASNibwDk
08121,Washington County,CO,ChIJwYuR4ZYUcocRubogihL3NfM
08123,Weld County,CO,ChIJCxObk9oHbIcR-vkuHPq7yHk
08125,Yuma County,CO,ChIJUZ28w7WYc4cRsoMbAMMbpPI
09110,Capitol Planning Region,CT,ChIJl-MOLQBY5okR6480TjQjz4g
09120,Greater Bridgeport Planning Region,CT,ChIJmw39AgAM6IkR6Ht8FMVjupk
09130,Lower Connecticut River Valley Planning Region,CT,ChIJkd9vzko_5okRika6BRb2IdE
09140,Naugatuck Valley Planning Region,CT,ChIJWSHbHnbC54kR2OExZzZYylk
09150,Northeastern Connecticut Planning Region,CT,ChIJ0WI6CgB-5okRiQ0i_jB7hvQ
09160,Northwest Hills Planning Region,CT,ChIJTXQpLgCQ54kRsqipRm3_14Q
09170,South Central Connecticut Planning Region,CT,ChIJo9cWXl_X54kR3Fpv2_9vbKA
09180,Southeastern Connecticut Planning Region,CT,ChIJuUHEXlUN5okRq-4ChOdVbrI
09190,Western Connecticut Planning Region,CT,ChIJCQEpgQAC6IkRXEsiSRn1fXA
10001,Kent County,DE,ChIJ04r5Mk5hx4kRANs7LoMEe3U
10003,New Castle County,DE,ChIJh7_kg3Ybx4kR6L5mDoWESqw
10005,Sussex County,DE,ChIJaWUVnA-PuIkRzxJPFm9RUIg
11001,District of Columbia,DC,ChIJW-T2Wt7Gt4kRKl2I1CJFUsI
12001,Alachua County,FL,ChIJackTQW6i6IgRfhtwPpmP_N4
12003,Baker County,FL,ChIJGd4S2yln74gRkECwSZYvrB8
12005,Bay County,FL,ChIJh98c1IWck4gRDyqJy1D_miU
12007,Bradford County,FL,ChIJTeIXRrz95YgRF704pXGzURE
12009,Brevard County,FL,ChIJbXb9O7z93YgRkWvSibvwmzI
12011,Broward County,FL,ChIJFUaCG35_2YgRFNYLv44fMaA
12013,Calhoun County,FL,ChIJ_5SOctEUk4gRqfDjBFOj_S8
12015,Charlotte County,FL,ChIJ5wqKc4dY24gRmeFqag0029I
12017,Citrus County,FL,ChIJfVwIG9UM6IgRgkKDcCpQRbk
12019,Clay County,FL,ChIJwRfmWjoP5ogRABDrfgS0MSc
12021,Collier County,FL,ChIJobBYdXKs24gRmut-Oyvi-mw
12023,Columbia County,FL,ChIJe5s0tool74gRqIRd0q8jiHU
12027,DeSoto County,FL,ChIJTzXJ8vi93IgRv-olrJIBS5M
12029,Dixie County,FL,ChIJA2zQ9mNB6YgRUpYPBe2GbpI
12031,Duval County,FL,ChIJi2OkTHOZ5YgRAx47esLB8vs
12033,Escambia County,FL,ChIJseTBcm1lkIgRNUELOhQhLts
12035,Flagler County,FL,ChIJ_1RVZTjt5ogRva_K8GwyO2U
12037,Franklin County,FL,ChIJP-lGaEhW64gRPXs_qZELjME
12039,Gadsden County,FL,ChIJ9ZzF0Q7C7IgRpibXdrVNPtM
12041,Gilchrist County,FL,ChIJ72sWtiEg6YgR14_EOL-cwIc
12043,Glades County,FL,ChIJpUP3Sfs93IgRW_uBhDIjAOg
12045,Gulf County,FL,ChIJ45m-JEtgk4gRhYy6hxni0cg
12047,Hamilton County,FL,ChIJi8W08dFE74gRPW2hefO7n7M
12049,Hardee County,FL,ChIJEewZJFLD3IgR7MDdgOV_dsw
12051,Hendry County,FL,ChIJc0HRaC_l24gRPNP7XzXH24A
12053,Hernando County,FL,ChIJYW9IKOH754gR_4iRE0VRW9o
12055,Highlands County,FL,ChIJdQYWJcda3IgRrSEaqxjStTM
12057,Hillsborough County,FL,ChIJlY4KVxI13YgRDPMa3yohOts
12059,Holmes County,FL,ChIJHbV_dTK3k4gR2mrWL_AIRMQ
12061,Indian River County,FL,ChIJkfXeA2dk3ogR5H4ds095lLU
12063,Jackson County,FL,ChIJGWTSWiAak4gRQPoM1WXww-s
12065,Jefferson County,FL,ChIJN09z7uJs7IgRlBPNx4hndVg
12067,Lafayette County,FL,ChIJgcketiYz6YgR5oQe9Dio1l4
12069,Lake County,FL,ChIJA8J8CSaM54gRMs9XFunb7ng
12071,Lee County,FL,ChIJ47t3hVRu24gRQF8fhs0Ftik
12073,Leon County,FL,ChIJU0sSh1GK7IgRd8C1aGi7b8g
12075,Levy County,FL,ChIJ7908BbD26IgRFinrUKJ6BFA
12077,Liberty County,FL,ChIJk8MU9fmu7IgRFbOO4hfqNwQ
12079,Madison County,FL,ChIJXdNH1SMD7IgRpy7AgOTZCGk
12081,Manatee County,FL,ChIJO3wisEEuw4gRJkeIhpCVu-Q
12083,Marion County,FL,ChIJaQaVRVXQ54gRCht5zsSwoNI
12085,Martin County,FL,ChIJ-V-yPH7H3ogRstggZi-Szls
12086,Miami-Dade County,FL,ChIJORjpTQWL2YgRi2OVgXQeaUk
12087,Monroe County,FL,ChIJmxojnNyG2ogRIGAhTf-Tm3I
12089,Nassau County,FL,ChIJqbrwpti85YgRwPnj3RzwMuE
12091,Okaloosa County,FL,ChIJ3dz0mGtskYgRHAGiUBwb5GI
12093,Okeechobee County,FL,ChIJTwto7i8h3IgRwUNzWnROsEU
12095,Orange County,FL,ChIJLUsuoVaY54gRS_Ma3ZvbwUQ
12097,Osceola County,FL,ChIJpdRpwtGX3YgRX3_mBdXs8Y0
12099,Palm Beach County,FL,ChIJ89agzq663ogRA5AghqgXmok
12101,Pasco County,FL,ChIJ39F9Y7uuwogR7V0K7CtewiY
12103,Pinellas County,FL,ChIJmU1R49GXwogREBL8gkBLFZ8
12105,Polk County,FL,ChIJD0-pOcNq3YgRmOvtrrA4vjg
12107,Putnam County,FL,ChIJe5dTbJIS5ogRjoZqmROFwdQ
12109,St. Johns County,FL,ChIJsx8LGrjh5YgRRLOselY_NPE
12111,St. Lucie County,FL,ChIJo4hoBJiT3ogR29cIVGIFp_M
12113,Santa Rosa County,FL,ChIJKZ5dCqXkkIgRnxtBMJwndvA
12115,Sarasota County,FL,ChIJuRKBBt-t3IgRVZgMC9epEtI
12117,Seminole County,FL,ChIJMZgld-Nq54gRAdgUl-UK_d0
12119,Sumter County,FL,ChIJD8Uf1uni54gRjsPSegwTL08
12121,Suwannee County,FL,ChIJz43VOa4q74gRooJQfmjTCl8
12123,Taylor County,FL,ChIJM-1A5pZT6YgRt7pAufOghoM
12125,Union County,FL,ChIJc_JKxwhV74gRI-1kdp7Ewps
12127,Volusia County,FL,ChIJnaCQPsIF54gRfVd-Mdz2z9w
12129,Wakulla County,FL,ChIJpY4MDq2Y7IgR6Hejj0RDNlo
12131,Walton County,FL,ChIJR7MhsZFjkYgRy21szaJzyW0
12133,Washington County,FL,ChIJVcKAT5q8k4gRGjo4syS8Z_M
13001,Appling County,GA,ChIJWd_sKIoL8IgRB1z6BhwL-9w
13003,Atkinson County,GA,ChIJJYXPzC7T74gRLtfYYbXhcmk
13005,Bacon County,GA,ChIJIddJjP4a8IgR9Qa9hkdv_lc
13007,Baker County,GA,ChIJaT24sydu7YgRqoMN3YM9aKY
13009,Baldwin County,GA,ChIJy4bc6AfI9ogRkfdoqTq9cG4
13011,Banks County,GA,ChIJ2QARvNAG9ogR3gwXQOI1lkg
13013,Barrow County,GA,ChIJL5Yi-MNS9IgR5XSs82e5OEg
13015,Bartow County,GA,ChIJVeF10MtP9YgRZzpsh823RrE
13017,Ben Hill County,GA,ChIJAbZPDA7j8YgRFv71ZBzRWdE
13019,Berrien County,GA,ChIJlfABwOwW7ogR9U0JYvFP4wo
13021,Bibb County,GA,ChIJA6qg2xv884gRO0GDLTiICVc
13023,Bleckley County,GA,ChIJKVxd_W9r8YgRxt1vFh91Xow
13025,Brantley County,GA,ChIJz01Jk3Sx-ogRvVeSQD76jIc
13027,Brooks County,GA,ChIJjwS9eW9_7ogRPiYWVjcGobk
13029,Bryan County,GA,ChIJpfrgQQwB-4gRB-0UjvO6CYs
13031,Bulloch County,GA,ChIJBd-WbTbM-4gR5tAduBItg-c
13033,Burke County,GA,ChIJ_QPB62jl-YgRyIDJ3AlDmtI
13035,Butts County,GA,ChIJVyz8gVEU9IgRjDcmwwfSqm4
13037,Calhoun County,GA,ChIJt_ydfchf7YgRJHJ9yU71gdk
13039,Camden County,GA,ChIJl6NPkwkb5YgRwGvHFXP6tYY
13043,Candler County,GA,ChIJv-w-sjRy-ogRx9CtWY9dWN0
13045,Carroll County,GA,ChIJtTUY4anR9IgRMOc0ombPUao
13047,Catoosa County,GA,ChIJv62PgHlCYIgRH8JovNqZEqA
13049,Charlton County,GA,ChIJeULSyliH74gRPj1VuL_qsNI
13051,Chatham County,GA,ChIJ2573Ov8G-4gRx8O0nAEHB7w
13053,Chattahoochee County,GA,ChIJ8YiD4iAv84gRWxk-M6yGMoE
13055,Chattooga County,GA,ChIJ7a3KrTMjYIgR8GMTa9-uDss
13057,Cherokee County,GA,ChIJry_bg_AP9YgRBn2fER26lB4
13059,Clarke County,GA,ChIJpanlw2lz9ogRCsqksj28Gyg
13061,Clay County,GA,ChIJubfXEGRTjYgRfyvrBvPrNxQ
13063,Clayton County,GA,ChIJr0GPU4Lv9IgR6_oFujYLkWQ
13065,Clinch County,GA,ChIJgQU0OeS974gRvxLkH4IK0-E
13067,Cobb County,GA,ChIJJcT9L38a9YgR-t-ZWzIExEg
13069,Coffee County,GA,ChIJadDi3k8u8IgRjLuFYXH82FE
13071,Colquitt County,GA,ChIJmcR5Wg7m7YgRPxieQUHBCjE
13073,Columbia County,GA,ChIJb-tXOcN_94gRErWZzObFSrA
13075,Cook County,GA,ChIJ7ZmmdIQN7ogRQFNXFoVFftg
13077,Coweta County,GA,ChIJgdeQSujG9IgRIMIrH0rYYFA
13079,Crawford County,GA,ChIJQRopeAyS84gR5KN-ZB5mj8o
13081,Crisp County,GA,ChIJSbKoRtQ88ogRCIVGhddLQz0
13083,Dade County,GA,ChIJt_S9dupHYIgREvBPHy0P5kU
13085,Dawson County,GA,ChIJCdyaM46B9YgRRGn6aS0YOzE
13087,Decatur County,GA,ChIJoyop_Roi7YgRvaDqcgRdeBE
13089,DeKalb County,GA,ChIJW8Aub0YI9YgRR06nEDs3MzE
13091,Dodge County,GA,ChIJBewVNS118YgRUeumr9-JYlg
13093,Dooly County,GA,ChIJLXlRZfcy8ogRUYiKEnOhixw
13095,Dougherty County,GA,ChIJUXPGJaJ48ogR3EGn6-3LTPo
13097,Douglas County,GA,ChIJy2LhqZEV9YgRz9Q9-VydU-0
13099,Early County,GA,ChIJXyrot2JO7YgRFFHek6xQRlw
13101,Echols County,GA,ChIJx7qj9Eiq74gRMsiWpjatWqA
13103,Effingham County,GA,ChIJX9hygw-0-4gRm_B--SYhHAc
13105,Elbert County,GA,ChIJrSElh3nS94gRIJ0jxuK08Fs
13107,Emanuel County,GA,ChIJJyyCFHKm8IgRT_8QtN1x4VU
13109,Evans County,GA,ChIJc4pD_Zhg-ogR71XeJQ_0_IQ
13111,Fannin County,GA,ChIJmUkMlOijX4gR7dXnPZaSi_U
13113,Fayette County,GA,ChIJqd4EQV_q9IgRTK9KzAUfj8w
13115,Floyd County,GA,ChIJTYiTwCuiiogRgzQoygq43p0
13117,Forsyth County,GA,ChIJIxgglkKX9YgR10aUyAP4dTM
13119,Franklin County,GA,ChIJaz3Oyh6ZWIgR_AMXOpTFehc
13121,Fulton County,GA,ChIJ0dNnmHCr9YgRE8XXDotB0tc
13123,Gilmer County,GA,ChIJATrjG5m9X4gRijSL3LQvjCM
13125,Glascock County,GA,ChIJszwO8gUU94gRteZvvpGQx_s
13127,Glynn County,GA,ChIJ5-YQylrW5IgRz7CKYMzszNg
13129,Gordon County,GA,ChIJx-LaLmj5X4gRiTd9pvQP-Q4
13131,Grady County,GA,ChIJB_xC95io7YgRBFvsMlKozng
13133,Greene County,GA,ChIJER39S06Q9ogRhKjrgRPFTog
13135,Gwinnett County,GA,ChIJXZiNz0Wd9YgRfV8GDoGIrlo
13137,Habersham County,GA,ChIJxZH_pFFIX4gRVY9HP52Y-2A
13139,Hall County,GA,ChIJSfLT2x1iX4gRnhERRzXOyJM
13141,Hancock County,GA,ChIJTXzAX4Xh9ogRUJdgCc_mHMc
13143,Haralson County,GA,ChIJ311E9LQgi4gRGeVTqmu7vTo
13145,Harris County,GA,ChIJxzfX3sBN84gRJbSa83uVdb4
13147,Hart County,GA,ChIJZfe6VZ2BWIgRncSbJzFzsL4
13149,Heard County,GA,ChIJt6_6EiRGi4gRb2G-84Ga4NM
13151,Henry County,GA,ChIJNypgd2P89IgRCWWgD-u6JrI
13153,Houston County,GA,ChIJD-c8tw_o84gR_Ul0wM8fXfM
13155,Irwin County,GA,ChIJgYhVbvrn8YgR8CztAGEXq_U
13157,Jackson County,GA,ChIJcSKOF1T99YgR-jW5_1TuDHQ
13159,Jasper County,GA,ChIJX-07LF8m9IgRa2zAZTigLoE
13161,Jeff Davis County,GA,ChIJbTPCJIBB8IgR2K5TsAU7Z14
13163,Jefferson County,GA,ChIJacdJe5xF94gRW_BN9lfjo74
13165,Jenkins County,GA,ChIJ_fD0g8sd-ogRAqEtoitt0Zw
13167,Johnson County,GA,ChIJYexk_E_E8IgROfs9j96OPZQ
13169,Jones County,GA,ChIJBxtGfOKY9ogRT8pEzZE5jj4
13171,Lamar County,GA,ChIJX3aTTPZl9IgRxQFUe8DqmWo
13173,Lanier County,GA,ChIJhQGxR2hI7ogR0F_KFWtWqo0
13175,Laurens County,GA,ChIJOW94LB4d8YgRfceUteWCJvQ
13177,Lee County,GA,ChIJf1nu6Vdm8ogRqfMtu6VBxFg
13179,Liberty County,GA,ChIJRdfQ9ECL-ogRRfbU9D-WflI
13181,Lincoln County,GA,ChIJzcyrWXWR94gRPFUdc9QaUjk
13183,Long County,GA,ChIJqzNEOQLp-ogR3rluIr1WxAk
13185,Lowndes County,GA,ChIJh4ZfRQNd7ogRgqv4l0FQxqM
13187,Lumpkin County,GA,ChIJca_aWCtNX4gRw0K-S5eHqdU
13189,McDuffie County,GA,ChIJXzWxFKl294gRvmy_mjAa7cs
13191,McIntosh County,GA,ChIJN7KqIl8u-4gRmjuitsfp_PQ
13193,Macon County,GA,ChIJ_RcPTGK384gRsOgjK7EA4do
13195,Madison County,GA,ChIJO7b1Mso99ogRteZPDbEHQ6w
13197,Marion County,GA,ChIJ5fX047Yb84gRV1pN2rlKkiE
13199,Meriwether County,GA,ChIJ3TwgQCKh9IgRD-fdP3tPpQ8
13201,Miller County,GA,ChIJR-0wj5E47YgREC-JDoAtqsQ
13205,Mitchell County,GA,ChIJ5Xr4gIOe7YgRCCblJNbk_4g
13207,Monroe County,GA,ChIJ8cEB9m8Z9IgRNMAGAoNVKL4
13209,Montgomery County,GA,ChIJdfVL1XaL8IgR1baV8urMmNo
13211,Morgan County,GA,ChIJMfGs2ZZ99ogREnWb97r-BUw
13213,Murray County,GA,ChIJc0shFb7fX4gRe7WArmQeifg
13215,Muscogee County,GA,ChIJ612uy8Mz84gRJVyTU6V41lo
13217,Newton County,GA,ChIJwQaR9LHM9YgRTcrj0h_h-mw
13219,Oconee County,GA,ChIJzbZ4tGhw9ogRP1zd_tJilfs
13221,Oglethorpe County,GA,ChIJDTdhit5A9ogRYohu7ZBWnaE
13223,Paulding County,GA,ChIJwwM4kAEn9YgRBV3j9FtiDwE
13225,Peach County,GA,ChIJd8hP9Sbq84gRmVgRE1FuGd4
13227,Pickens County,GA,ChIJyWrjvzxk9YgRWbe85k9D2Y8
13229,Pierce County,GA,ChIJtYSexMxU5YgR2DifraAc03E
13231,Pike County,GA,ChIJ8x6RORhe9IgRTsaoPio4pEA
13233,Polk County,GA,ChIJDyJBVRO2iogRJeQ8QxtLUMw
13235,Pulaski County,GA,ChIJnwKxxCJ58YgRBUP0LBjzJUk
13237,Putnam County,GA,ChIJSV5U3puW9ogREoRjbSJhMhQ
13239,Quitman County,GA,ChIJpQdQV6VLjYgRufseFWl39dU
13241,Rabun County,GA,ChIJF9se7CnFWIgRxfuq4ctlomk
13243,Randolph County,GA,ChIJ3_o4qkS68ogRX-W1fSrAEzg
13245,Richmond County,GA,ChIJSQgXSnLa-YgRaWbENS7kAnI
13247,Rockdale County,GA,ChIJ03GQ_spV9IgR9GtCdoFEGxE
13249,Schley County,GA,ChIJzXKpmryy84gRdueJavHVBtk
13251,Screven County,GA,ChIJoTJrQ9Im-ogRJya5eE8JHc4
13253,Seminole County,GA,ChIJCXzNqEcs7YgRe1dAQWMJz-c
13255,Spalding County,GA,ChIJIetGkwWN9IgRwEJTaAORaAs
13257,Stephens County,GA,ChIJU_EI3iqqWIgRjIbr0C4z-70
13259,Stewart County,GA,ChIJJes3iDLQ8ogRhenWZaX77wY
13261,Sumter County,GA,ChIJPwlL9uNZ8ogRPkGrfuYIwSo
13263,Talbot County,GA,ChIJszxz-mVp84gR_4SU62XDGGQ
13265,Taliaferro County,GA,ChIJTw78jJMA94gR_cbCiaJ-i6w
13267,Tattnall County,GA,ChIJBZ2zCHWa-ogRQ5HHdyLG6jU
13269,Taylor County,GA,ChIJJ2TUTPcK84gR14ENqlqCqeo
13271,Telfair County,GA,ChIJadrIxD618YgRCCKCdqIpYtk
13273,Terrell County,GA,ChIJWUYTqemR8ogRmSdN7RXXYBY
13275,Thomas County,GA,ChIJNXrclwbI7YgRQlPWwf-cUas
13277,Tift County,GA,ChIJA_4UOS_-8YgR6vaCJJR-SlU
13279,Toombs County,GA,ChIJKRuhUFWG8IgRyzhI7Jlm4l4
13281,Towns County,GA,ChIJiSjmQ60lX4gRR8EPSChF8sQ
13283,Treutlen County,GA,ChIJjbp4Rl6T8IgRPCnc1WZR2OA
13285,Troup County,GA,ChIJJ81M42lUi4gROmCH-QNfAho
13287,Turner County,GA,ChIJuUOFrMwd8ogRqPj63o9aWIs
13289,Twiggs County,GA,ChIJ79sYF4VF8YgRuXs8O6sspT4
13291,Union County,GA,ChIJj-xKCpsWX4gR-fTZW8lU2oY
13293,Upson County,GA,ChIJj0Uxk_1-84gRULKHhYqffxo
13295,Walker County,GA,ChIJ_wvb69ZtYIgRmjjnW7Bu5IA
13297,Walton County,GA,ChIJc7xmjg3J9YgRgR4XSxO_aX4
13299,Ware County,GA,ChIJx_MSxXlU5YgRvu0v2DBH0-E
13301,Warren County,GA,ChIJBQn2r8AN94gR_Uey_Z_OEXQ
13303,Washington County,GA,ChIJLwJtNfYv94gRozqQf0nDF64
13305,Wayne County,GA,ChIJW7AkHTWl-ogRE2a7VLsP4ck
13307,Webster County,GA,ChIJg5XFM1Tv8ogRtz-K8E7dUh8
13309,Wheeler County,GA,ChIJL4OWhVz48IgRNbAnoqMsfKo
13311,White County,GA,ChIJc2y6bU9GX4gR1390JFcqz50
13313,Whitfield County,GA,ChIJ9X63-gxzYIgR5r2bC8Akfo0
13315,Wilcox County,GA,ChIJ8wZIp4eQ8YgRx42ofP8prFw
13317,Wilkes County,GA,ChIJobk1GTqw94gRLd0ximqytys
13319,Wilkinson County,GA,ChIJkZKXfyY38YgRsNAGEXPgShI
13321,Worth County,GA,ChIJx3zQ2XoM8ogRVKVnnEtOAac
15001,Hawaii County,HI,ChIJV6HcMi_CU3kRyTEx69fyK7A
15003,Honolulu County,HI,ChIJbweGsupCe3wRr22F3XdfxHg
15005,Kalawao County,HI,ChIJ-cbdeVXGqn4Rohy0nF5gfuc
15007,Kauai County,HI,ChIJG519pu2wB3wR4biEhFb5pg0
15009,Maui County,HI,ChIJ0Y34pUAqVXkR7ayieeGRlm4
16001,Ada County,ID,ChIJySzGOs_0rlQRA33YPY5VCsM
16003,Adams County,ID,ChIJoZuXMOZZplQRymnLkJc8umI
16005,Bannock County,ID,ChIJD4tHcZw4VVMR_DrBv39dTTQ
16007,Bear Lake County,ID,ChIJi-10UgPGVYcR-WxqTZ5MwBo
16009,Benewah County,ID,ChIJ3_EqrnMYYFMRAQ9aKGcuEAI
16011,Bingham County,ID,ChIJC96h0OOkVVMRw8mHhmNBGno
16013,Blaine County,ID,ChIJuYu0yYhKqlQR-N15TSEoSRU
16015,Boise County,ID,ChIJ74cV_d_OqFQRgW2lWKvYnJI
16017,Bonner County,ID,ChIJ3yj1n4LZY1MR2wl9Ma5gO9I
16019,Bonneville County,ID,ChIJc0MpwbGMVFMR75Pt4oU__cs
16021,Boundary County,ID,ChIJaclTNZeZY1MRKbiwGcr1N4U
16023,Butte County,ID,ChIJaREoIEbiVVMRgtkLuItbc2M
16025,Camas County,ID,ChIJOYAJvNzmq1QRvdGkrGK8hco
16027,Canyon County,ID,ChIJK0VLMORLrlQRpTfpDcwi73c
16029,Caribou County,ID,ChIJeQRypBiiVYcRcolZf4r2W18
16031,Cassia County,ID,ChIJEQ6X5NN7qoARqHTteyqmCZA
16033,Clark County,ID,ChIJhXpyRYu3VlMRX8iA9hM0_L8
16035,Clearwater County,ID,ChIJD1NOG66iX1MRpvg49dnJ3eA
16037,Custer County,ID,ChIJgytRq4YoqFQRcon2Gva6hHI
16039,Elmore County,ID,ChIJTcVb5q0oqVQRKCtHjAZ1RDs
16041,Franklin County,ID,ChIJmarPWsNVVIcR2K9iYzR3OCc
16043,Fremont County,ID,ChIJ5ZIrK4MEVFMRU8iCQsZ3ynE
16045,Gem County,ID,ChIJPVoo3No1r1QRkxZUTOyHF5Q
16047,Gooding County,ID,ChIJZcDS4yR7rFQRmbeCA4RP3_4
16049,Idaho County,ID,ChIJBwIiFFY4p1QRt_jTB6wF4P0
16051,Jefferson County,ID,ChIJXTISHMsZVFMRxLC5as8Z8GE
16053,Jerome County,ID,ChIJe3b7Xlxoq1QRRHZra-CeBqw
16055,Kootenai County,ID,ChIJdZIOfB6eYVMRssfXghVAmPQ
16057,Latah County,ID,ChIJu4UvpPP3n1QRjXaMHIRO7TI
16059,Lemhi County,ID,ChIJ0792dKEnWFMR9q9wjunaUDo
16061,Lewis County,ID,ChIJiT9XhnxgoFQR-kV-qqON3K4
16063,Lincoln County,ID,ChIJnWhIRK-mq1QRYwMkkGZsW70
16065,Madison County,ID,ChIJaV9tfl6LU1MRyXRq8DUdjIM
16067,Minidoka County,ID,ChIJ__pB5p0Hq1QROlHw1eZofA4
16069,Nez Perce County,ID,ChIJoZlDBN9QoFQRaW8YAeS3l3M
16071,Oneida County,ID,ChIJHZEmc7ktVYcRj3AHsUQxCAs
16073,Owyhee County,ID,ChIJ9zBmZ86UrVQRNr9Ti-qUfaw
16075,Payette County,ID,ChIJN9W_maCer1QRw3uxOSeprIw
16077,Power County,ID,ChIJuaYZYTmQqlQRtW9LUqobUSg
16079,Shoshone County,ID,ChIJndluNcH4YFMR028OiSZKQ_0
16081,Teton County,ID,ChIJYQTMBgOiU1MRjYn2mcR_cmM
16083,Twin Falls County,ID,ChIJFYXqZRDDrFQRERxx5AfnZwI
16085,Valley County,ID,ChIJ5396UwTDp1QRzDpfk0uSgfE
16087,Washington County,ID,ChIJYU-5aC_lpVQRwnQMVD_vhkk
17001,Adams County,IL,ChIJsdzXkH-s4IcRBDTdeT-x9v0
17003,Alexander County,IL,ChIJ27fcUdPVeYgRnrqyQ8MosgM
17005,Bond County,IL,ChIJr9mz77HMdYgRxHwVsvb_P-k
17007,Boone County,IL,ChIJPXbhbKNOD4gR53JkWKQVzIc
17009,Brown County,IL,ChIJTUgM-6wq3ocRjXFYFGhBNrA
17011,Bureau County,IL,ChIJsZxijf6DCYgRnUJLc3G2mGU
17013,Calhoun County,IL,ChIJWVpi1r7k3ocRPQIrPxyef0w
17015,Carroll County,IL,ChIJw--WnyUqCIgRFPJRpsqtzuw
17017,Cass County,IL,ChIJk1k9mire34cRmimHJr9to88
17019,Champaign County,IL,ChIJFaw55h3aDIgRG1WtmPFBk6Y
17021,Christian County,IL,ChIJ-f-4NfLodIgRXsUKy9WVeD0
17023,Clark County,IL,ChIJvzdFsV2KcogRX71D0fcd-dI
17025,Clay County,IL,ChIJ0cfX2nrec4gRb61075cZ1ww
17027,Clinton County,IL,ChIJT1oudq93dogRCuZmt4SST9Y
17029,Coles County,IL,ChIJZaKnLzkDc4gRlUI9Q1egHVE
17031,Cook County,IL,ChIJdRNDZqqxD4gRPOAOIwnX2Yo
17033,Crawford County,IL,ChIJo7lPTEdscogR1Q_ajxZz-5k
17035,Cumberland County,IL,ChIJ92XKZR-pc4gRTWw39fe_uYg
17037,DeKalb County,IL,ChIJu2p0rxfXDogRwoAC0THMpTc
17039,De Witt County,IL,ChIJ6Uy9e0lnC4gRJ2c0tld1iAs
17041,Douglas County,IL,ChIJeeRUXSQpc4gREZQiMnWfEn8
17043,DuPage County,IL,ChIJa_8YHt6oD4gRaux4XvaID0k
17045,Edgar County,IL,ChIJkST6Ms69cogRCAPGWoBqOUQ
17047,Edwards County,IL,ChIJpz62yymacYgR8Di1PFaS7w8
17049,Effingham County,IL,ChIJycd85FWQc4gR67B8YoIrrs8
17051,Fayette County,IL,ChIJG231YyZtdIgRdAw-JR72GCE
17053,Ford County,IL,ChIJxROAa08CDYgRaejlJlqk4vs
17055,Franklin County,IL,ChIJVepyV9rQdogRg0PlzAok3RI
17057,Fulton County,IL,ChIJU2k49As64IcRYTBtqtBmlAM
17059,Gallatin County,IL,ChIJmTv36S33cIgRDxlRqb5qbS4
17061,Greene County,IL,ChIJ1UPh71yg34cRh_oq4Z7u6u0
17063,Grundy County,IL,ChIJ9xEZKr6VDogRoNizCFgmcOE
17065,Hamilton County,IL,ChIJxTTYW50jcYgRkTdceUpDl3w
17067,Hancock County,IL,ChIJCbK0hcjO4IcRVn_sFsIjLRQ
17069,Hardin County,IL,ChIJS9QFK0-JcIgRh-8tAJIgK7I
17071,Henderson County,IL,ChIJgb4Ct-Uk4YcRYFKldeJPY2U
17073,Henry County,IL,ChIJPbDq2L0c4ocRx2uaeoXVEAw
17075,Iroquois County,IL,ChIJQd5V1dmiDYgRgNXq21Ht1TY
17077,Jackson County,IL,ChIJ1WJkfj4Jd4gR9R3Up6pTtrc
17079,Jasper County,IL,ChIJ8aZnuWdJcogRB8Kc1N5aE80
17081,Jefferson County,IL,ChIJA0a7WCDIdogRXdhR-h_oaK0
17083,Jersey County,IL,ChIJqWBzwAkT34cRExV0iD6-xDY
17085,Jo Daviess County,IL,ChIJ30pmCv284ocRnkh4NymGGZg
17087,Johnson County,IL,ChIJcxvGEXFOd4gRniVweG8q3Kc
17089,Kane County,IL,ChIJnfjNX8UcD4gR2rRf04RfHSw
17091,Kankakee County,IL,ChIJrQhp-IfEDYgRiAaxfXA-a6w
17093,Kendall County,IL,ChIJw2tLtG3nDogRuLL5GTTuXmo
17095,Knox County,IL,ChIJ5YJ-ge_B4YcRxmumfFzTKXo
17097,Lake County,IL,ChIJKdUvmscAD4gRZsVGNFFqkhs
17099,LaSalle County,IL,ChIJbROyPvVWCYgR59pvQDH4k5w
17101,Lawrence County,IL,ChIJVwzfpXYZcogRVvBLXITyJRQ
17103,Lee County,IL,ChIJI9KqpU2oCYgRuLFiqhq7Qg4
17105,Livingston County,IL,ChIJt6x97f5kDIgRZM1i1O0I3YQ
17107,Logan County,IL,ChIJrfmrABDXCogRZF_dn6jVX6k
17109,McDonough County,IL,ChIJfajiWFDw4IcReV5_fBLgkbA
17111,McHenry County,IL,ChIJx34ElHw-D4gRBCCaMuI0H2o
17113,McLean County,IL,ChIJE-_tJB9AC4gR9RpRq3ADUkM
17115,Macon County,IL,ChIJDbBjlSC5dIgRFBUBHiuLODk
17117,Macoupin County,IL,ChIJL1_AUVCDdYgRcdRWuts_TzI
17119,Madison County,IL,ChIJCbty6Ib3dYgR05bPn6vNj2M
17121,Marion County,IL,ChIJc2hkB46kdogR_DH0u_ru0vw
17123,Marshall County,IL,ChIJ7dl5HdDOC4gRE26pzxQfeug
17125,Mason County,IL,ChIJq33dQ-ueCogRFBi3TjKh7cc
17127,Massac County,IL,ChIJFRKYg8oGeogR-UPFFW-sguM
17129,Menard County,IL,ChIJyUtWhQS3CogR-U6F5ycwpb0
17131,Mercer County,IL,ChIJlY8fULRk4YcRxl-0DK-LD0M
17133,Monroe County,IL,ChIJv0u1_T-m2IcR9-UTgfKc6Rs
17135,Montgomery County,IL,ChIJMacrbdGrdYgRJ1ia7Mbu1iY
17137,Morgan County,IL,ChIJl00IDEjp34cRMgb8L5m42Ok
17139,Moultrie County,IL,ChIJedLzUXF5c4gRVfTsaQeroVM
17141,Ogle County,IL,ChIJT5AG73H7CIgRnYGHvXyzq18
17143,Peoria County,IL,ChIJPb2t9l1nCogR0U7BdDBgWgQ
17145,Perry County,IL,ChIJOzyYV4j4dogROqJd9oluTWo
17147,Piatt County,IL,ChIJ_Y8rRkOyDIgRyJEhal22DNI
17149,Pike County,IL,ChIJVSNvkkYS3ocRLB1MrUshm2Y
17151,Pope County,IL,ChIJn11KorymcIgRa28Ji8pd5eg
17153,Pulaski County,IL,ChIJRQFKIvXdeYgRAJLx_P0z_wk
17155,Putnam County,IL,ChIJG9cxK6TWC4gR8j5YJ22SRm0
17157,Randolph County,IL,ChIJexX88wnTd4gRWFfIUTRlLsA
17159,Richland County,IL,ChIJgah15sErcogRzucAy5jFA8k
17161,Rock Island County,IL,ChIJT0_DY9P04YcR8iWu9ev5Ero
17163,St. Clair County,IL,ChIJeRbja679dYgR3ASXSadGyno
17165,Saline County,IL,ChIJL0_yRhrEcIgRRtIhzkZKa8s
17167,Sangamon County,IL,ChIJjQBm7XBqdYgRe4_c2pUEMSQ
17169,Schuyler County,IL,ChIJIa8K1lZ84IcRGpu5Pt5GNDI
17171,Scott County,IL,ChIJiXWYiqnJ34cRKr9oz5ge5Rw
17173,Shelby County,IL,ChIJp5sPPtt9c4gRVvA_ht2b_rY
17175,Stark County,IL,ChIJNXWbCLsQCogRRM_KkznC5e8
17177,Stephenson County,IL,ChIJEYki0GFsCIgRnNBz7U6hd_4
17179,Tazewell County,IL,ChIJGc6_KBVWCogRL7UsjS2LAYA
17181,Union County,IL,ChIJm2QNRoZ6d4gRteAbpK0yHSI
17183,Vermilion County,IL,ChIJUweC53REDYgRGbrgYhqtJQs
17185,Wabash County,IL,ChIJeS0hIFWScYgRCHIrugAzRaw
17187,Warren County,IL,ChIJ8zdPVUah4YcRzFGPigaK-nc
17189,Washington County,IL,ChIJswCZaI2KdogRG1k5MlLMm7Q
17191,Wayne County,IL,ChIJ-Yc-aj1pcYgRh9aQHOU5fQU
17193,White County,IL,ChIJIyo5lH0HcYgRFQT90_dHTEA
17195,Whiteside County,IL,ChIJ00XrpMTbCYgR4cwLAD2byNs
17197,Will County,IL,ChIJuwvCvgOLDogRSNhOfXa7wKA
17199,Williamson County,IL,ChIJpdle5XhJd4gRB2Y2AzHpNAo
17201,Winnebago County,IL,ChIJxYXYGxWUCIgROTb8F7OTk3Q
17203,Woodford County,IL,ChIJ2bWJo5dUCogR4hKI2Rdp5sU
18001,Adams County,IN,ChIJMxfyXJSJFYgR_Os-rIRVt-U
18003,Allen County,IN,ChIJMat8EGz7FYgRxC2O0LCaDJk
18005,Bartholomew County,IN,ChIJi3hKRYmBbIgRjFdTSWzskJY
18007,Benton County,IN,ChIJEZ8gJLiLEogRd_m-6mk6zkQ
18009,Blackford County,IN,ChIJ95RQtSMLFYgRnPXwoVvKkW4
18011,Boone County,IN,ChIJ34nMCXFhE4gRTuCSB6YlDJw
18013,Brown County,IN,ChIJfTLsqCeHa4gRlIYscYvH96w
18015,Carroll County,IN,ChIJoRLOfH12E4gRvKfOBFOxEnc
18017,Cass County,IN,ChIJlRJKfvuHE4gRyFRCLkaZmh0
18019,Clark County,IN,ChIJdUX_FN97aYgRBpoPyt4tU0Y
18021,Clay County,IN,ChIJn7wj81AFbYgR6HOU7dWZYuo
18023,Clinton County,IN,ChIJD6U9Qu-fE4gRa8_d75DFrZg
18025,Crawford County,IN,ChIJh_w17U6kbogR0pBg52WYo4o
18027,Daviess County,IN,ChIJE_9QATrabYgRL8NN1vVVlj8
18029,Dearborn County,IN,ChIJV-WR6EXVQYgRYeP4QzGM3AY
18031,Decatur County,IN,ChIJK1w7VRD5aogRxSWQ7CO4WBk
18033,DeKalb County,IN,ChIJM30iaRz2PYgRYSKhYsP5Sy4
18035,Delaware County,IN,ChIJ6xQPZS0WFYgRbDEilmvtxbc
18037,Dubois County,IN,ChIJT7CtB4RdbogRRpkPKhdVUjs
18039,Elkhart County,IN,ChIJHWkKPnXrFogR3u0vklO67mc
18041,Fayette County,IN,ChIJz5yzipy7aogRcAGQXTlPjnk
18043,Floyd County,IN,ChIJ95L83iRqaYgRssa1Bo-NY1Y
18045,Fountain County,IN,ChIJ_8SGuFG4EogRRN2QX-rMy3I
18047,Franklin County,IN,ChIJA72-c9WaaogRK0d79gpNEVw
18049,Fulton County,IN,ChIJkSNYshn4E4gR7U05dSk3Bbs
18051,Gibson County,IN,ChIJfwz5VGHecYgR30TbEUcrKlM
18053,Grant County,IN,ChIJxZVZICz_FIgR0_8n-ftQTi0
18055,Greene County,IN,ChIJreJqfgHKbYgRkz4jTH8WdY0
18057,Hamilton County,IN,ChIJ8ylPYRTAFIgRel9tI4yNmro
18059,Hancock County,IN,ChIJRZsSY-0ta4gRktnyomOxr4U
18061,Harrison County,IN,ChIJDW4aUPQ2aYgRyzNmCgKSIVQ
18063,Hendricks County,IN,ChIJI6pWc2u7bIgRS1mX03_Jx20
18065,Henry County,IN,ChIJ9_8CahwzFYgRGUcQiqEWRpc
18067,Howard County,IN,ChIJ-b_12smFFIgRlfaHKZShgxk
18069,Huntington County,IN,ChIJfQ0XNGu3FYgREKxUE3oTYfU
18071,Jackson County,IN,ChIJxdAoVZasbogRQ-Ffxk0sZvU
18073,Jasper County,IN,ChIJBaILgf82EogRd3MlR4FWrvg
18075,Jay County,IN,ChIJdzpaqd97FYgRRLJMlLup3q4
18077,Jefferson County,IN,ChIJBbYDREQ6aogRHM1QHC44fkI
18079,Jennings County,IN,ChIJJ2pBeIKza4gRD4IHXifSCKE
18081,Johnson County,IN,ChIJfZXKGBs9a4gRJh2KojuVgLQ
18083,Knox County,IN,ChIJ7ZEoduz8bYgRyoJOMfVLHr8
18085,Kosciusko County,IN,ChIJ86HCfzUnFIgRxu_HvFterL8
18087,LaGrange County,IN,ChIJVVqCpClFFogRGss69-idxro
18089,Lake County,IN,ChIJKTKCiIXlEYgRjHbHHioYjbU
18091,LaPorte County,IN,ChIJB2TwW1CfEYgRGzuBfi3N99I
18093,Lawrence County,IN,ChIJt_0uoAUWbIgRcfpwkrNuS7k
18095,Madison County,IN,ChIJr9pl7cLeFIgRxPrDI46GklE
18097,Marion County,IN,ChIJsUwSvKZVa4gR8O_1nsKeIbc
18099,Marshall County,IN,ChIJz9VYt9ZSEYgR3DXWZMAeD_s
18101,Martin County,IN,ChIJlVf6RNItbIgRoA6nE7btVxI
18103,Miami County,IN,ChIJ_YQ75pJwFIgRZaRGnODdLY8
18105,Monroe County,IN,ChIJw2ImVN1jbIgRbDFcaTDhamU
18107,Montgomery County,IN,ChIJoejihATWEogRfT4mHCJVNt0
18109,Morgan County,IN,ChIJI_JuDtObbIgRFB8B1JTcnuw
18111,Newton County,IN,ChIJLxzD5hMNEogRzCKmh1WJt-Y
18113,Noble County,IN,ChIJ2T0o4K5oFogR7ts1Zlp2DVM
18115,Ohio County,IN,ChIJCy51dyx0aogRQlMv7Oh7CVI
18117,Orange County,IN,ChIJ3cfwHtyEbogRmniKNbbQOsw
18119,Owen County,IN,ChIJRdtiIyf5bIgRcgv23oex6Dw
18121,Parke County,IN,ChIJoz_poCFIbYgRoXBL_yN113A
18123,Perry County,IN,ChIJYdeDGInmbogRkaFLkOB8xxw
18125,Pike County,IN,ChIJQ5onYJ1obogRTxRCwFwP_20
18127,Porter County,IN,ChIJM28S1P6TEYgRAeaaObSLSbc
18129,Posey County,IN,ChIJybTWkt6zcYgRHjMrgEFGF4Y
18131,Pulaski County,IN,ChIJWx1otEbDE4gRX7URurWdKE4
18133,Putnam County,IN,ChIJ05EYYTLnbIgRBdFbAFyOkUQ
18135,Randolph County,IN,ChIJiSME_cldFYgR2wqc2zacceU
18137,Ripley County,IN,ChIJucoWu6JeaogRZhKgwiyGrjw
18139,Rush County,IN,ChIJo7BN4nHmaogRw_Id9Q4lI_8
18141,St. Joseph County,IN,ChIJ8YY3te1LEYgRvxj0oskckKU
18143,Scott County,IN,ChIJaYr6Es7ba4gRc2kFHKBDPKQ
18145,Shelby County,IN,ChIJdz_jeSYXa4gRtbwM2WdW4dk
18147,Spencer County,IN,ChIJrbDOAF5QbogR5M7syHO4xEM
18149,Starke County,IN,ChIJIzIMH4FkEYgRiowucG2VEmk
18151,Steuben County,IN,ChIJxSp9DtklFogRmp4VfPrSZi0
18153,Sullivan County,IN,ChIJv7Iy-AKPbYgR73hk9ONsvUg
18155,Switzerland County,IN,ChIJIQwQJo0LaogR9qLaVhVAGNw
18157,Tippecanoe County,IN,ChIJ67vJPNT_EogRxiZSAMRus8A
18159,Tipton County,IN,ChIJ285swNaQFIgRU6b_Qak-1d0
18161,Union County,IN,ChIJMRSO-qygaogRXej1fi24ZXA
18163,Vanderburgh County,IN,ChIJVZnHOE_UcYgRPAFx3I2TglY
18165,Vermillion County,IN,ChIJf7cNitdTbYgRhOluUCvxi5k
18167,Vigo County,IN,ChIJveL7SYV6bYgRR1s_-JcPP3U
18169,Wabash County,IN,ChIJxYJ9jJZHFIgR6ivzrISyl94
18171,Warren County,IN,ChIJAY2Pv_uTEogR1kw7WDLcH_c
18173,Warrick County,IN,ChIJpaqNNQdJbogRs_rV4JB22tE
18175,Washington County,IN,ChIJnUuy0EKsbogRuunlsWnk5nk
18177,Wayne County,IN,ChIJszPNqZ3_P4gR67MemRKO-3o
18179,Wells County,IN,ChIJATsP3Y2WFYgRStcVcN_E-o0
18181,White County,IN,ChIJsx7GWv62E4gRyLNz3qxa5rE
18183,Whitley County,IN,ChIJC87Qi7LXFYgRsK0cVrcvO6o
19001,Adair County,IA,ChIJX4bpCNeO7IcRXFCYJ7iDBvA
19003,Adams County,IA,ChIJN64l1uFo64cRlGP1Jks4IVs
19005,Allamakee County,IA,ChIJycp_Gs-c-4cRqD2pL6cny6U
19007,Appanoose County,IA,ChIJ9ZAEVojt6IcRJhtVX_kf5zM
19009,Audubon County,IA,ChIJB0MvRkDQ7IcRWWlid0ewL8w
19011,Benton County,IA,ChIJOxhi6vwN5YcRwsXex8AcLrI
19013,Black Hawk County,IA,ChIJWWMk_e5R5YcRD53J42_-5as
19015,Boone County,IA,ChIJ66-6GOfT7YcRjVoobpqLYmk
19017,Bremer County,IA,ChIJZ5Twy1a8-ocRCakNfEHRgP0
19019,Buchanan County,IA,ChIJi32SaLAr5YcRjrw65i91jvU
19021,Buena Vista County,IA,ChIJVT2g8-s1jYcRMrOHMiDnUjg
19023,Butler County,IA,ChIJmV1SI7M98IcRXaTuP-6ppqM
19025,Calhoun County,IA,ChIJhXXRwRJh7YcRhyF6RyCCUw0
19027,Carroll County,IA,ChIJgZD7VMA67YcRBzTfhD6_a84
19029,Cass County,IA,ChIJQYEbtwSy7IcR-QlIaLAIkc0
19031,Cedar County,IA,ChIJx08AQYeF44cRhM19SDyDzGE
19033,Cerro Gordo County,IA,ChIJB_n8tL6o8YcR-4A5erP8nug
19035,Cherokee County,IA,ChIJKcOQzKd0jYcRI5fYgtBn2bA
19037,Chickasaw County,IA,ChIJfcq2K1uP-ocRahsTCacO4cU
19039,Clarke County,IA,ChIJW1ZqSlXi64cRg54QiSHqaaI
19041,Clay County,IA,ChIJxcCRxRjWjIcRcI1Uhwf9gVo
19043,Clayton County,IA,ChIJ8xTV--Jg-4cRSVijZ_jE7ds
19045,Clinton County,IA,ChIJg2VzNU7_4ocRdiPRoeNbfrM
19047,Crawford County,IA,ChIJDR4x_YXBkocR2MlPycpHmqE
19049,Dallas County,IA,ChIJ8TDSFcMk7IcRi_YdYSi3G6I
19051,Davis County,IA,ChIJX0nk1mkv5ocRGKEThr3h4I4
19053,Decatur County,IA,ChIJR20MHHjc64cRiuED8TPC-Pk
19055,Delaware County,IA,ChIJ87l-hoqt5IcRXt9Vj-kU5lw
19057,Des Moines County,IA,ChIJyQ2JTNrK5ocRklbH4o2UalY
19059,Dickinson County,IA,ChIJwycC_vrfjIcRlFNLTTU8aXM
19061,Dubuque County,IA,ChIJbSlBIvc244cRtQKi9je3zRM
19063,Emmet County,IA,ChIJET1RsPMU84cRog1_0v9rzQU
19065,Fayette County,IA,ChIJ0SmASiUe-4cRiQUC4eijodw
19067,Floyd County,IA,ChIJnXjQIJFe8IcR5EUr6Rvo5ME
19069,Franklin County,IA,ChIJnTCcNNnP8YcRFoyu_vAfbgg
19071,Fremont County,IA,ChIJkZsfxBLulIcRX5dJpCSZgHI
19073,Greene County,IA,ChIJwzKuwlem7YcR38FSW6B42Pk
19075,Grundy County,IA,ChIJTb5ieLPg74cRik5P0c48zSM
19077,Guthrie County,IA,ChIJP6el1IdX7IcRwB7-WW2YpMM
19079,Hamilton County,IA,ChIJ3TawlgHl7YcRYJEWXxZ_fsc
19081,Hancock County,IA,ChIJG2_jHXAq8ocRwOvTPsPGyC8
19083,Hardin County,IA,ChIJ37Utn9Mu7ocRaVM9AM-Fp2c
19085,Harrison County,IA,ChIJ48XNeJWrk4cR3UCYP8M4DSk
19087,Henry County,IA,ChIJJ3UvvXGV5ocRaCg1fNfgLLA
19089,Howard County,IA,ChIJOQTk9at6-ocRnxVDCLfUJq4
19091,Humboldt County,IA,ChIJmRmDgXFC8ocR7s9H6B42GwM
19093,Ida County,IA,ChIJrYO3mZ-dkocRBqiyD_OKuTI
19095,Iowa County,IA,ChIJiUrN7ZG75YcR5nJcopyn1Pc
19097,Jackson County,IA,ChIJf-N-0wPh4ocRDTv9OnbjDsA
19099,Jasper County,IA,ChIJ825dY9Ub74cR_i8wSsfwx94
19101,Jefferson County,IA,ChIJq-a0k-Bl5ocRYjgQyXBEarY
19103,Johnson County,IA,ChIJdUQ6gWEV5IcRvrK3vFPhxt4
19105,Jones County,IA,ChIJ0-2-vAFk44cRmcIvClQ-_PM
19107,Keokuk County,IA,ChIJ16S4dUre5YcR1BM5XQnIY74
19109,Kossuth County,IA,ChIJyTmjgQ6y84cRBf6iCvbyP6w
19111,Lee County,IA,ChIJW3_CKy4m54cRRU0CpIhrPO8
19113,Linn County,IA,ChIJUUIvoHpf5IcRWB5OHYxMshw
19115,Louisa County,IA,ChIJQQc9KiYA5IcRL28oIb9RmFM
19117,Lucas County,IA,ChIJJa909VQ76YcRPkx2AkmTI8k
19119,Lyon County,IA,ChIJaZvZGzQXjIcRhIHeIaAk99c
19121,Madison County,IA,ChIJOaNSfTAO7IcRRy8qy5nOtfU
19123,Mahaska County,IA,ChIJScYuIh1O74cRP2QPSKgx6VQ
19125,Marion County,IA,ChIJMRefcPMo74cRfqaOplxKBmA
19127,Marshall County,IA,ChIJ4RJx0oav74cRdSAKDXlUaJI
19129,Mills County,IA,ChIJRdjYbKSElIcR4eLo7sLpMd8
19131,Mitchell County,IA,ChIJvX-m7lfs8IcRp_geBCs5Nxg
19133,Monona County,IA,ChIJCYNCLKFGkocRd6BoGHM97uQ
19135,Monroe County,IA,ChIJi_cM9v7G6IcRimopwNchJEc
19137,Montgomery County,IA,ChIJx6QQvHaulIcR2pyfasz7Brg
19139,Muscatine County,IA,ChIJu9rUGNDw44cRGzo8MSTSxpE
19141,O'Brien County,IA,ChIJLfRyOTP5jIcRcLofWsETcJc
19143,Osceola County,IA,ChIJczuf_KT0jIcRYT_q5BO97Ao
19145,Page County,IA,ChIJv1wSAwrGlIcRNg0AQeSAVnM
19147,Palo Alto County,IA,ChIJ7X2ERPsd84cR-d30OYl5Jm8
19149,Plymouth County,IA,ChIJPdAlqOvdjYcRonLUvepA1NQ
19151,Pocahontas County,IA,ChIJkceSd5OT8ocRVWzfpxjFsLk
19153,Polk County,IA,ChIJu8uF2zgl7IcR6oIsamzvHr4
19155,Pottawattamie County,IA,ChIJK7wDzyNwk4cR4Lgo_Lx6zNc
19157,Poweshiek County,IA,ChIJ2Rtb-YRj74cRoDQaj8Jlfnw
19159,Ringgold County,IA,ChIJ8wmskdOl64cRG2bop6LdYW8
19161,Sac County,IA,ChIJWegCdoaykocRy8DraJmJVo4
19163,Scott County,IA,ChIJX6krtf004ocRs8GD4WR_Ux8
19165,Shelby County,IA,ChIJs0NGmIMkk4cRF-97Mev-3x4
19167,Sioux County,IA,ChIJYcZMbELMjYcRU7HTo5t5PwY
19169,Story County,IA,ChIJ0e1zPZt97ocR4gqhaE8Gmbk
19171,Tama County,IA,ChIJj5E7uoiI74cR9OF7yAHYeds
19173,Taylor County,IA,ChIJy4wJ4wYU64cRzrgcu6Q-N_0
19175,Union County,IA,ChIJjc5_RuWc64cR9Sf1LN1mMus
19177,Van Buren County,IA,ChIJB7QFZMms54cROrzWByuMxWM
19179,Wapello County,IA,ChIJQ1Vf0min6IcRcaEcFmdTbg4
19181,Warren County,IA,ChIJeSYuu7Kv7ocRv6438SF7Ah8
19183,Washington County,IA,ChIJ6SaAK18p5IcRZh166ahKPWY
19185,Wayne County,IA,ChIJ1-fIlAES6YcRUcuR1Y_M2oU
19187,Webster County,IA,ChIJ3cj6yqx38ocRdajiBfxR1AM
19189,Winnebago County,IA,ChIJd2avnSxi8YcR2J8u3sJOKoU
19191,Winneshiek County,IA,ChIJRxD1G55U-ocRj906wI6aURU
19193,Woodbury County,IA,ChIJcdV7yguXjYcRWFSAXf3Zdw8
19195,Worth County,IA,ChIJ8-OmtFoX8YcR6tsoWKY4ioo
19197,Wright County,IA,ChIJ95fFAIf28YcRvG1t1o4rEy8
20001,Allen County,KS,ChIJdZyMHQ1huIcRPHKRSqcUfBk
20003,Anderson County,KS,ChIJRbLp0HSWuIcRpQMArBN-MVA
20005,Atchison County,KS,ChIJXY83dd_sv4cR6dSLveLTH30
20007,Barber County,KS,ChIJ0XpfTbiXpYcRdd5zjGd-EKM
20009,Barton County,KS,ChIJN6Yc7e6Oo4cRPxdI4V1TMU8
20011,Bourbon County,KS,ChIJFT-_oQudx4cRXJBSjKL3wmI
20013,Brown County,KS,ChIJj3wwfubWv4cRih-P5f11hlM
20015,Butler County,KS,ChIJG-mbtg5RuocR6he4ZC926EM
20017,Chase County,KS,ChIJEfy6SCf4u4cR8ZrV4-vLE18
20019,Chautauqua County,KS,ChIJFwLMgjf9uYcRy9TvmQTn8YI
20021,Cherokee County,KS,ChIJyfFSm3jhx4cR1_UTDVv6alk
20023,Cheyenne County,KS,ChIJV1wTUZiUdIcR9rDy2x6bRfA
20025,Clark County,KS,ChIJ48FEG-hLpocRQya7x2BzSrY
20027,Clay County,KS,ChIJ5cdMUzGgvYcR2YVcteMWoSU
20029,Cloud County,KS,ChIJkZPtt_NFvYcR6CCNXkovR4w
20031,Coffey County,KS,ChIJvWrBkjEnuYcRLpVsKGCxdMo
20033,Comanche County,KS,ChIJ1zfFa3ULpocRB6f8c7J7tz8
20035,Cowley County,KS,ChIJv4MUH3RuuocRTjFJjIY2hIk
20037,Crawford County,KS,ChIJbyEYrrntx4cR4rzUsxSSlxI
20039,Decatur County,KS,ChIJDa3fE1fvn4cR9QeHA0q-QkU
20041,Dickinson County,KS,ChIJwR4xSrH1vIcRr7rcudH0yRg
20043,Doniphan County,KS,ChIJOduz0ET8v4cRnpWFQznHNiM
20045,Douglas County,KS,ChIJ_ZHW2GlJv4cRZxh5fFv330E
20047,Edwards County,KS,ChIJUTLDRUyYpocRbsTiV9ei6Po
20049,Elk County,KS,ChIJ1WOWeFXvuYcRYZ0QDIZO-j4
20051,Ellis County,KS,ChIJYTmDRo93oYcRaZDwE6gUNwY
20053,Ellsworth County,KS,ChIJx0tjp8Zso4cRevNzYe3w0fM
20055,Finney County,KS,ChIJ3UYTJUoACocRgCeCdmb2p5w
20057,Ford County,KS,ChIJURBxJT7-pocRgrMz2DjZ7EE
20059,Franklin County,KS,ChIJq2K_WtPOuIcRT5XqhcGD1_g
20061,Geary County,KS,ChIJL6uclBxMvIcR9z0xoumfuKI
20063,Gove County,KS,ChIJndZqS4F6oIcRVsQrRrb67g0
20065,Graham County,KS,ChIJXe1gATzMoYcRbQ2EseUk_5s
20067,Grant County,KS,ChIJjedl8kumCYcRjZR3Hl6IO0s
20069,Gray County,KS,ChIJO0D7GONnp4cRQO3QF5s52nc
20071,Greeley County,KS,ChIJhXvK3U6RC4cR8WGKFnIU_To
20073,Greenwood County,KS,ChIJYVmpJARjuYcRk8aNE18Bko4
20075,Hamilton County,KS,ChIJdbEyVuddCYcRg80zS_R_ETY
20077,Harper County,KS,ChIJgc_lK11DpYcRX05dKGAv9XY
20079,Harvey County,KS,ChIJt9hj__OnvIcR26kVqlNeOUE
20081,Haskell County,KS,ChIJSyrhShnNCYcRP1FoabGuyf4
20083,Hodgeman County,KS,ChIJDxlAzYrepocRjPrUIcxDeH0
20085,Jackson County,KS,ChIJeTHpM6xLvocRmqBddgOMnj8
20087,Jefferson County,KS,ChIJuYEqX3Smv4cRguJuNVVa2Vg
20089,Jewell County,KS,ChIJlaPQQe9zmIcReixXcueS9Wg
20091,Johnson County,KS,ChIJn-fdmaS9wIcR2dm40uN4ICo
20093,Kearny County,KS,ChIJg4HTLG6ECYcR5IBH4y92U9M
20095,Kingman County,KS,ChIJMfg1XGTYpIcRz6CvNnsizgc
20097,Kiowa County,KS,ChIJuWgT6xDVpYcRI5HUNQmc5Qk
20099,Labette County,KS,ChIJk_vMVcEBuIcRQGcwwqMjHlw
20101,Lane County,KS,ChIJ326bxqKYoIcR59c_Fk2xLiw
20103,Leavenworth County,KS,ChIJzbPTZL6GwIcRqQ9Bc0zzo7A
20105,Lincoln County,KS,ChIJj1WUsrPjoocRgwIQU_EOxHM
20107,Linn County,KS,ChIJWQjcAYpCx4cRMC_YjR7wNPI
20109,Logan County,KS,ChIJb1wTJR3uCocRqXgJCHEIafM
20111,Lyon County,KS,ChIJ5QbNJb5OuYcREig5oay-M9Y
20113,McPherson County,KS,ChIJPZ_gGp2pvIcRqdVQm1HfaQk
20115,Marion County,KS,ChIJJydLycicu4cRsnnnW9bM19Y
20117,Marshall County,KS,ChIJ4-8pfVsClocRyAjDeLDW3s4
20119,Meade County,KS,ChIJo8qijJGRp4cR92RpaI8AgJU
20121,Miami County,KS,ChIJ3dA2yXCxwIcRuNQA9ORSJfU
20123,Mitchell County,KS,ChIJo24A43-VoocRko_kFDhkhNA
20125,Montgomery County,KS,ChIJdRuxnD7WuYcRj4OeRtXCC1Q
20127,Morris County,KS,ChIJrZn8jx0UvIcRW6rVcPE36sM
20129,Morton County,KS,ChIJn-G_xbTDCIcRvYSEFzRKYVs
20131,Nemaha County,KS,ChIJ962nfCghvocRfPOBasIXwco
20133,Neosho County,KS,ChIJ3_pSLR9puIcRsSIoOPnjDJ0
20135,Ness County,KS,ChIJT1jAxjreoIcRtIGDPtF_yys
20137,Norton County,KS,ChIJn6bI2GZln4cRjNWMyD2X9gA
20139,Osage County,KS,ChIJQUpt9pQov4cRl88FO90N4Gs
20141,Osborne County,KS,ChIJo67LW_RqoocR8UBO9nwdwfg
20143,Ottawa County,KS,ChIJkejyjCYovYcRQgXIJmGKMEQ
20145,Pawnee County,KS,ChIJGYYAuLeupocRRvPEoiB5R4k
20147,Phillips County,KS,ChIJT1tPRrdan4cRtXWHN4sKe_M
20149,Pottawatomie County,KS,ChIJ-_SW8iOKvocRF3WKMmlOBkM
20151,Pratt County,KS,ChIJY_D6OuOypYcRwDBBVN9Lnqo
20153,Rawlins County,KS,ChIJZyC8fAYWdYcR-iZUIVPTmvg
20155,Reno County,KS,ChIJ8Z28CKeXpIcR7D3waqYIh-0
20157,Republic County,KS,ChIJC4_50fr7l4cRvzxyrcDjQFs
20159,Rice County,KS,ChIJZVCMa_Nho4cRlOnTzGhrxXI
20161,Riley County,KS,ChIJLWPDRO-3vYcR2I0x8SjEITk
20163,Rooks County,KS,ChIJWaCsXouZoYcRqnPZfqiwp3k
20165,Rush County,KS,ChIJL3o8F6FboYcRAFUQY6b7-Ns
20167,Russell County,KS,ChIJy-U6m2qzo4cRux1S6uff0VA
20169,Saline County,KS,ChIJT1BSz2DAvIcRVmQB_0faOrY
20171,Scott County,KS,ChIJXb_OmDZACocRzsQZCjItS0M
20173,Sedgwick County,KS,ChIJYdTfu-7fuocR5CnuybPf61c
20175,Seward County,KS,ChIJ31NZhiY8CIcRB7Ur_WiaEHM
20177,Shawnee County,KS,ChIJlwNz_ZwCv4cRwvBvqnt9K48
20179,Sheridan County,KS,ChIJ21aLmlUDoIcREV6GT6ixZG0
20181,Sherman County,KS,ChIJM1saDlK1dIcRU0ppstwQb7A
20183,Smith County,KS,ChIJ81cInriYmIcR2-RTem8drV0
20185,Stafford County,KS,ChIJ06C-ZL4WpIcRgpfwEtYT8O4
20187,Stanton County,KS,ChIJaf8-qwcjCYcRsA8tp9_9Bc0
20189,Stevens County,KS,ChIJ2Vup2-lYCIcRbpbGaQKg6uM
20191,Sumner County,KS,ChIJb2Nlw8q_uocRpAMP89jrDH8
20193,Thomas County,KS,ChIJ3TbfSsDGCocRASarpIKdVq8
20195,Trego County,KS,ChIJPerenrwGoYcRPe9IsIzl2Qs
20197,Wabaunsee County,KS,ChIJQ66yOAuQvocRhvbTFPIKGyw
20199,Wallace County,KS,ChIJn65TRJISC4cRhw-e-gU3PFQ
20201,Washington County,KS,ChIJRz6OWwiAvYcRkpxGOzSWGZ8
20203,Wichita County,KS,ChIJ5QyfSp9LCocRyMjSKm28unI
20205,Wilson County,KS,ChIJdRawkLK1uYcRNAMLRHzivY8
20207,Woodson County,KS,ChIJPW4aCygBuYcR_7ALhEWT9iw
20209,Wyandotte County,KS,ChIJtWTKqTSMwIcRfuGD2LoDgYk
21001,Adair County,KY,ChIJ40RQVA7eZ4gRrIHgjYfUvBM
21003,Allen County,KY,ChIJ_Wta7ch2ZogRK4KVcqKL1KE
21005,Anderson County,KY,ChIJXS9xuwnXaYgRQobZeo6-E30
21007,Ballard County,KY,ChIJWwTUbYvueYgR4DNlYWX35I8
21009,Barren County,KY,ChIJ8TEh6LkTZogRp8-NzH9crRk
21011,Bath County,KY,ChIJ__XykjDyQ4gRyancf3uGWSU
21013,Bell County,KY,ChIJka5I0dGiXIgRrT8ryCgcKC0
21015,Boone County,KY,ChIJNXQjdMHDQYgR6Hx1OhDzSdw
21017,Bourbon County,KY,ChIJWQvDhMfLQ4gRzxDgt2OFS08
21019,Boyd County,KY,ChIJJ_bRrvTZRYgRIoNAxQHOlEU
21021,Boyle County,KY,ChIJw9R675meQogR0Zldm-7Q4QA
21023,Bracken County,KY,ChIJtXMbB_FvQYgRDo2i66v4rGc
21025,Breathitt County,KY,ChIJTTVIL_-WRIgR5b0D021Z9-M
21027,Breckinridge County,KY,ChIJMcKh8L4tb4gRSxxC4xrs_XE
21029,Bullitt County,KY,ChIJn5PBuWIBaYgR9eeWaXNLr7o
21031,Butler County,KY,ChIJpxfhUXCFZYgRzbT79rPV3HQ
21033,Caldwell County,KY,ChIJR4Hv-v2YeogRaQa8SO0sa84
21035,Calloway County,KY,ChIJeXqfsKVTeogR0qm5IytcdvI
21037,Campbell County,KY,ChIJvTJkb5WkQYgR2Z8MxRfWzgU
21039,Carlisle County,KY,ChIJNSfEqgCReYgRgrDx9sUvF1E
21041,Carroll County,KY,ChIJ2X4E8o4baogRUtURhyymduE
21043,Carter County,KY,ChIJQyHopBQvRIgRgSInOmz7s9Y
21045,Casey County,KY,ChIJzZ293EWoQogRljli2Ne2shc
21047,Christian County,KY,ChIJ7ardAP00ZYgRJW3uFxm2tVc
21049,Clark County,KY,ChIJxQpvZFmuQ4gRPxWpU3kHqUo
21051,Clay County,KY,ChIJ9aW_dbxUQ4gRRWkknENPIVI
21053,Clinton County,KY,ChIJxevdjgm-Z4gRaJXTaAaXPbY
21055,Crittenden County,KY,ChIJre-NOCZ5cIgRz6Yy6IfdWNs
21057,Cumberland County,KY,ChIJkQyCmtW7Z4gRcIxSUYNo8PY
21059,Daviess County,KY,ChIJQ7r8y-O6b4gRGEJQSzgRL-A
21061,Edmonson County,KY,ChIJR47b7QX-ZYgRuJ_q4ma7Jh0
21063,Elliott County,KY,ChIJ940vhu8xRIgRi212Huki7_I
21065,Estill County,KY,ChIJHfynVNZyQ4gRf0d4V7Jg8Ys
21067,Fayette County,KY,ChIJJeuczClEQogRk9RIRApp7DA
21069,Fleming County,KY,ChIJsWKaGFj6Q4gR3oZdRXPh3Mk
21071,Floyd County,KY,ChIJg3oQoV0CRYgRT5pvfMJQ12E
21073,Franklin County,KY,ChIJF8RiuL8KQogRfc6uNXIKFZc
21075,Fulton County,KY,ChIJ3XuFydoKeYgRJff5johqTpE
21077,Gallatin County,KY,ChIJO_d69STjQYgRvdu2vO34G5Q
21079,Garrard County,KY,ChIJ1Y9kq6jtQogR0LSUAKu564Y
21081,Grant County,KY,ChIJAYhk1kDzQYgR7fwcFpjuJ5s
21083,Graves County,KY,ChIJDadAMAcveogRQzt0RPaNTQQ
21085,Grayson County,KY,ChIJ75QJSFNJb4gR4mL0fmE6des
21087,Green County,KY,ChIJs16ijB18aIgRnHzyI_B8IrU
21089,Greenup County,KY,ChIJJ6ZOdJ17RogRmx0XqqbNfs4
21091,Hancock County,KY,ChIJO-GtCDcEb4gR0HefHcZOAP8
21093,Hardin County,KY,ChIJI7l0GFqVaIgRhTGT6aEbAew
21095,Harlan County,KY,ChIJv-fwAcc4W4gRX2GkZvQ9C5U
21097,Harrison County,KY,ChIJNTLneYwrQogR_fzaGZdxUSA
21099,Hart County,KY,ChIJc8qEiCafaIgRVZKfb4kIrz0
21101,Henderson County,KY,ChIJ3SBkzwkhcIgRwigEybGQbwc
21103,Henry County,KY,ChIJLTMdeE_5aYgRjlPATv_GIcs
21105,Hickman County,KY,ChIJGaQr8zGceYgRzbqrtGWW6RI
21107,Hopkins County,KY,ChIJ2ePWuDcbcIgRS8RptoFLjGQ
21109,Jackson County,KY,ChIJJax439kXQ4gRPnhcU1_toMM
21111,Jefferson County,KY,ChIJCROGK48KaYgR_WSJcx2vTro
21113,Jessamine County,KY,ChIJP9R04DjtQogRpGDdYBasj2U
21115,Johnson County,KY,ChIJe5nBerauRYgR6O4RESZR49Y
21117,Kenton County,KY,ChIJ2Q9miBf0QYgRdF2IF6v8Nkc
21119,Knott County,KY,ChIJ3Y2b9WvfRIgRNNRsK3Hk_aA
21121,Knox County,KY,ChIJaQH6wdq-XIgRThiJqa3DL-w
21123,Larue County,KY,ChIJl1Fss4aLaIgRcd0TjbE6Zp0
21125,Laurel County,KY,ChIJJax439kXQ4gR-YTZwzx3EQk
21127,Lawrence County,KY,ChIJj8c4sum3RYgRmpoRHYFUZgo
21129,Lee County,KY,ChIJgT7XG5d8Q4gRGx3Kbcg9pu4
21131,Leslie County,KY,ChIJr8ymUutMW4gRMRzGcTGuSIM
21133,Letcher County,KY,ChIJq8H_S4zgRIgR8rxI29aM6Qc
21135,Lewis County,KY,ChIJYyxwvEkZRIgRi48x-3KpYvE
21137,Lincoln County,KY,ChIJgUp3ILK-QogRonx_i6KBMLw
21139,Livingston County,KY,ChIJTYORbtJ2eogR03PdXP374wM
21141,Logan County,KY,ChIJm2hM5SugZYgR_YYYAenSRbY
21143,Lyon County,KY,ChIJjaIu4zv0eogRFcwLVwV1voU
21145,McCracken County,KY,ChIJ8cQHg6YdeogRGhZ_qBG_GMI
21147,McCreary County,KY,ChIJv22878QjXYgRBQAPh_0qhWc
21149,McLean County,KY,ChIJQ1aTHoTsb4gRRQEQm8qYpV0
21151,Madison County,KY,ChIJodMOu4_hQogRKRR7Xp5Vt9Y
21153,Magoffin County,KY,ChIJn8D4MtDsRIgRLTbBS4DVl9I
21155,Marion County,KY,ChIJc8py72EUaIgRw2zatNaL61g
21157,Marshall County,KY,ChIJvUzZFNxceogRmHIiCvsnHCI
21159,Martin County,KY,ChIJH9WUqLaeRYgR69tv2MERFuI
21161,Mason County,KY,ChIJ56HEJr5QQYgRigJFzC4V0Xc
21163,Meade County,KY,ChIJA69NksUraYgRnbtFb_RLcdw
21165,Menifee County,KY,ChIJqzIwuihzRIgR2oO8-Qdp6pQ
21167,Mercer County,KY,ChIJ2wb4LuOAQogRqCPRVURMS2Q
21169,Metcalfe County,KY,ChIJEWdgZ9EtZogR_v2CkgwzTZU
21171,Monroe County,KY,ChIJmfTnLpRHZogRaFdDB9vdBzs
21173,Montgomery County,KY,ChIJC9sP8oa9Q4gR6ODSQcU6sbg
21175,Morgan County,KY,ChIJwSuPznVdRIgRO2YPP85hQho
21177,Muhlenberg County,KY,ChIJPxsqYO-Jb4gRF92hz3PXTI4
21179,Nelson County,KY,ChIJgXKDlhBSaIgRKGQi7rgCRTU
21181,Nicholas County,KY,ChIJa1W8T0zDQ4gRhrLnbwLaRdc
21183,Ohio County,KY,ChIJyWzigbttb4gR9DPu4249zwE
21185,Oldham County,KY,ChIJ2xlgmB6QaYgRgqdC2XbWvVw
21187,Owen County,KY,ChIJmQaUWx4AQogRB94BCweCXTk
21189,Owsley County,KY,ChIJM8Bs66NeQ4gRF0DhMNboxZY
21191,Pendleton County,KY,ChIJQ29dwFybQYgRW_WcpPES_SI
21193,Perry County,KY,ChIJzU3-Mcm3RIgRC-22fsYPANw
21195,Pike County,KY,ChIJZVoNvLVlRYgRw62onBS_BEA
21197,Powell County,KY,ChIJj5r6-PSdQ4gRxCTGax_h5gE
21199,Pulaski County,KY,ChIJq-RDKfrIQogRSTapYRjXqOQ
21201,Robertson County,KY,ChIJpzSd92JiQYgRV63m0vIp2hM
21203,Rockcastle County,KY,ChIJpZomznDYQogRdXEb65zGXFM
21205,Rowan County,KY,ChIJf-AwcY0RRIgRuGVEwC3w6-4
21207,Russell County,KY,ChIJ-eSwTJv3Z4gRmFaK3lw9ir8
21209,Scott County,KY,ChIJOZ9N364jQogRaGUAZ0l4wgw
21211,Shelby County,KY,ChIJRwBxtkG4aYgRWdd_OLZhWTQ
21213,Simpson County,KY,ChIJRcnrypXHZYgR1H7UKYbtZr4
21215,Spencer County,KY,ChIJWZ6CDq25aYgR6tDZr5xaQyA
21217,Taylor County,KY,ChIJXbQYYcxxaIgRPPL6QC6DQfY
21219,Todd County,KY,ChIJJVPnSsoVZYgRRKBzBUd4CM0
21221,Trigg County,KY,ChIJQeArZgDBeogRd77dUle_87U
21223,Trimble County,KY,ChIJXaaRCVYgaogRQoYK_aMORkk
21225,Union County,KY,ChIJsVKpfs9DcIgRTntt5YkHqpY
21227,Warren County,KY,ChIJg_FXx4jwZYgRUqp56onlUME
21229,Washington County,KY,ChIJV-hX_Nc2aIgRwnEUsFcAkq8
21231,Wayne County,KY,ChIJ0xWBzJZGXYgR6UYaVKSMr_8
21233,Webster County,KY,ChIJjUuS5QUbcIgRgrjNM1tTbM8
21235,Whitley County,KY,ChIJLzIZHtgXQ4gRTmQxq3iGf08
21237,Wolfe County,KY,ChIJN1VioviGRIgRA3FNRiR5szo
21239,Woodford County,KY,ChIJL1gwbhlkQogRtZRRasTodbY
22001,Acadia Parish,LA,ChIJHWEAP1GtJIYRPs6kwwTWnMI
22003,Allen Parish,LA,ChIJcdHRXy8YO4YRbTnVO_bQD-o
22005,Ascension Parish,LA,ChIJJUDYe_nKJoYREKejGuImN-w
22007,Assumption Parish,LA,ChIJ_fJws4pcIYYRIVAZSmIjJQs
22009,Avoyelles Parish,LA,ChIJeT6oK9saJYYRPXAfqgTnDAo
22011,Beauregard Parish,LA,ChIJne2kz1OmO4YRY3CVcmli9gU
22013,Bienville Parish,LA,ChIJCZQLRBQDMYYRJktcr4tSsrQ
22015,Bossier Parish,LA,ChIJe11Rm_gfMYYRwyhdY2YgxX8
22017,Caddo Parish,LA,ChIJnWXrR_IqMYYRgjlaPQWLnNg
22019,Calcasieu Parish,LA,ChIJH4HcM4SFO4YRdGgQO4Kq6Xs
22021,Caldwell Parish,LA,ChIJtycEqK2-L4YRld5MXzSv0KA
22023,Cameron Parish,LA,ChIJ0ZPy0P9lPIYRNZDd6P_rRpM
22025,Catahoula Parish,LA,ChIJA7IO35KBL4YRZjgWO4ApQQo
22027,Claiborne Parish,LA,ChIJR9sV6eFdMIYRjHCj1utvijk
22029,Concordia Parish,LA,ChIJ8dNEo7iaJYYRfMYC0PCpbok
22031,De Soto Parish,LA,ChIJw431P4fNMIYRNcjETSDWsuQ
22033,East Baton Rouge Parish,LA,ChIJy3RfMmc4JIYRUlLwR_RnY9k
22035,East Carroll Parish,LA,ChIJyfZVfMG0LoYRzdsT22Hw1dw
22037,East Feliciana Parish,LA,ChIJmb5OKaiLJoYRtKQGWSuxxa0
22039,Evangeline Parish,LA,ChIJr11F2q3TJIYRMBq6nv5znhs
22041,Franklin Parish,LA,ChIJB0JWhi4OL4YRhiOyM7JGFwE
22043,Grant Parish,LA,ChIJRbLMIJEHMIYRMmbDHHRCbR4
22045,Iberia Parish,LA,ChIJr1oum0Z-I4YR2AA4qhY6eSE
22047,Iberville Parish,LA,ChIJvYPZxEGrJoYRMZh8THViNiw
22049,Jackson Parish,LA,ChIJd0bIqf3SMYYRm4-LVlN2t8U
22051,Jefferson Parish,LA,ChIJM9Ld2kBeIYYRgG51YN66XG8
22053,Jefferson Davis Parish,LA,ChIJRy2Kd71mO4YRqJpMHyeEDgw
22055,Lafayette Parish,LA,ChIJ5cBAxmqDJIYRbDKIJckJam8
22057,Lafourche Parish,LA,ChIJJ_RjnRn5IIYRLGHAQ3juGOc
22059,LaSalle Parish,LA,ChIJLa86eQv0L4YRzfNX82AZWsY
22061,Lincoln Parish,LA,ChIJzUs1fb_EMYYRCYKLnWkcJ6A
22063,Livingston Parish,LA,ChIJi8YzDO_XJoYR9jhF2ILMmrk
22065,Madison Parish,LA,ChIJ_T3UH4TVLoYRvz2gUQac35w
22067,Morehouse Parish,LA,ChIJs9jVYHeLLoYRejQE3GrczJU
22069,Natchitoches Parish,LA,ChIJyTwkpQVqMIYRGWf1oZyDK4Q
22071,Orleans Parish,LA,ChIJZYIRslSkIIYRtNMiXuhbBts
22073,Ouachita Parish,LA,ChIJL1hax53ML4YROqGTQpbqTEI
22075,Plaquemines Parish,LA,ChIJ6ZWKBiRNnogRjKC5_s4Anjw
22077,Pointe Coupee Parish,LA,ChIJVfUKc4dIJIYRZkOhDo-IvY0
22079,Rapides Parish,LA,ChIJE8mlPf60OoYReAljMHTucxc
22081,Red River Parish,LA,ChIJld0CuVzpMIYRb8xsGAB2J4A
22083,Richland Parish,LA,ChIJNW1aqAqrL4YRy2dlp3XJsZc
22085,Sabine Parish,LA,ChIJ7WCOFmP7OYYR6K17_rjZwBQ
22087,St. Bernard Parish,LA,ChIJFVClfPJ7nogR0GC53lquJAU
22089,St. Charles Parish,LA,ChIJOScLyCS7IIYREuYXuQK4tH0
22091,St. Helena Parish,LA,ChIJWb_9yowdJ4YRUUM4qf6rpgw
22093,St. James Parish,LA,ChIJQ7x_dic7IYYR-1OMwiyz0uI
22095,St. John the Baptist Parish,LA,ChIJwRWewMUsJ4YRUzcXlluoYiE
22097,St. Landry Parish,LA,ChIJ-zZ9XenrJIYRTeDsJEbxzAY
22099,St. Martin Parish,LA,ChIJp_PFGWjzI4YRfmXetcGzu-Y
22101,St. Mary Parish,LA,ChIJu52ZXSjGI4YRx02Ec_tMop8
22103,St. Tammany Parish,LA,ChIJnUNaEnjxnYgR32xPGdaY5Hk
22105,Tangipahoa Parish,LA,ChIJEe3OrWQZJ4YRTnaD6-VVUiQ
22107,Tensas Parish,LA,ChIJ0aOFxYY4L4YRoDSNiRhdSJk
22109,Terrebonne Parish,LA,ChIJs9U9QuigIYYRUA4WGWGx6-M
22111,Union Parish,LA,ChIJ1xERBF0XLoYRSiIMR9PKcC4
22113,Vermilion Parish,LA,ChIJ6T11TFlFI4YRMErZY0uw4FE
22115,Vernon Parish,LA,ChIJe0qnCsBZOoYR38PTR_GBlgo
22117,Washington Parish,LA,ChIJvynQi31-J4YRFHDyyOlY2Xg
22119,Webster Parish,LA,ChIJAc7D1CZrMYYRQpZUsW8B7Dg
22121,West Baton Rouge Parish,LA,ChIJG0fF5OMYJIYRIutaruui2-A
22123,West Carroll Parish,LA,ChIJI-3fDdm4LoYRD63NOgoCrhQ
22125,West Feliciana Parish,LA,ChIJL3Hb9ow0JIYR7GaPYIobsF8
22127,Winn Parish,LA,ChIJF0ItuZdqMIYRhFqK5nWg4qE
23001,Androscoggin County,ME,ChIJB7YSINI_skwR_IwloFODoQ8
23003,Aroostook County,ME,ChIJR0o-4wB0u0wR-XN_UxJDe7A
23005,Cumberland County,ME,ChIJGfsVYqflrUwR7Wk7LavnyfY
23007,Franklin County,ME,ChIJpUQ9qcIesUwRu-Iv7iDRimg
23009,Hancock County,ME,ChIJgfo2CbH7rkwRFLK0XPWyeS0
23011,Kennebec County,ME,ChIJia7iVdb-sUwRniJilSIaVKc
23013,Knox County,ME,ChIJgdVgSIclrEwRJeaGbsZcqpw
23015,Lincoln County,ME,ChIJSUvWWNeUrUwR422SzQQcQdw
23017,Oxford County,ME,ChIJlbVzcXnXs0wRDP5oun1qgUE
23019,Penobscot County,ME,ChIJh1l1O2RRpUwRnj2tZ3JEDnA
23021,Piscataquis County,ME,ChIJQU6bPbXlukwRu-ZqHqKIWkM
23023,Sagadahoc County,ME,ChIJh5f7eTOErUwR8k1T3G6nY3Y
23025,Somerset County,ME,ChIJt6TWqE-DsEwRgFfqclJtrPw
23027,Waldo County,ME,ChIJcxZYhrBsrkwRLdf2fJzpyOk
23029,Washington County,ME,ChIJCwHHaXFQr0wR-mbm1kv_hVY
23031,York County,ME,ChIJiT2Nwn2yskwRaplto06yC0U
24001,Allegany County,MD,ChIJdYfnJvmHyokRUTa6xzpLLdM
24003,Anne Arundel County,MD,ChIJe-j7owgdyIkR8YrzzqpahWQ
24005,Baltimore County,MD,ChIJt4P01q4DyIkRGShgcajgdCc
24009,Calvert County,MD,ChIJN1hNwZZ-t4kRofeKG08N4zc
24011,Caroline County,MD,ChIJITWtO65luIkR9XoMjpi3O5U
24013,Carroll County,MD,ChIJg_-_ysIeyIkRUCeawzpwNrA
24015,Cecil County,MD,ChIJTWb7GUy8x4kR_Qiq2RVzjtE
24017,Charles County,MD,ChIJH-7gtegPt4kRSuCHc6gCWbE
24019,Dorchester County,MD,ChIJTwXEtTKsuYkRIgIIAR-QVa4
24021,Frederick County,MD,ChIJswGodJnVyokRGeb1hydgsnc
24023,Garrett County,MD,ChIJn4u1fhBYtYkR-DfT3USMc8s
24025,Harford County,MD,ChIJ-TfZvkTnx4kRgIG5NP-f8_4
24027,Howard County,MD,ChIJH5jhq5AmyIkRktjkA__Uilo
24029,Kent County,MD,ChIJ44K7zlphx4kRXcFy39IYyik
24031,Montgomery County,MD,ChIJh6O4gzUytokRc2ipdwYZC3g
24033,Prince George's County,MD,ChIJp_ap_s1LtokR_Lf7mF9L8mg
24035,Queen Anne's County,MD,ChIJcbT0bPluuIkRvtIM2ISQ4_Q
24037,St. Mary's County,MD,ChIJUaVdaxnguYkR_TfeqzVXOzg
24039,Somerset County,MD,ChIJ1W4mdJmpuYkR--Qa1QZzp3M
24041,Talbot County,MD,ChIJUc5BDB08uIkRxmR5E2xFSus
24043,Washington County,MD,ChIJ5W-Kkev3yYkRRi6fquUOrYE
24045,Wicomico County,MD,ChIJcZZnckmquYkRruOgnCAfhaE
24047,Worcester County,MD,ChIJX2ImBGsEuYkR32-GGFykvqo
24510,Baltimore city,MD,ChIJt4P01q4DyIkRWOcjQqiWSAQ
25001,Barnstable County,MA,ChIJNznEmus2-4kR1XIbb_9HhCY
25003,Berkshire County,MA,ChIJrwJQrTUP5IkRCymWEwxQmxY
25005,Bristol County,MA,ChIJhYThEwkS5IkRYeaL-tf7h5M
25007,Dukes County,MA,ChIJ5XjbKEAl5YkR3LgllJt1C08
25009,Essex County,MA,ChIJtTxVCm8B5IkRdQoXNfYjl6Q
25011,Franklin County,MA,ChIJaVmtyhXU5okR-8mXYJbqHGQ
25013,Hampden County,MA,ChIJmQwtQe4L5IkRQwTgvlGywCY
25015,Hampshire County,MA,ChIJbe_a8p3W5okR7DabUz5DByk
25017,Middlesex County,MA,ChIJmQwtQe4L5IkRCLDyk1MVcOI
25019,Nantucket County,MA,ChIJa2reu3vc-okRTcifBPmRozM
25021,Norfolk County,MA,ChIJmQwtQe4L5IkR_XElq-CRdoo
25023,Plymouth County,MA,ChIJgZI3cb8O5IkRWOr57wXcX00
25025,Suffolk County,MA,ChIJ6TarW9Sc44kR4nUWuotzEyI
25027,Worcester County,MA,ChIJvzRXoh0M5IkRfk1iMRL05dk
26001,Alcona County,MI,ChIJKzxm1NmnNE0RFTwG-1Vky98
26003,Alger County,MI,ChIJIxabVRvaTk0R2REJ6yBBg0U
26005,Allegan County,MI,ChIJVRRGdfv2GYgRCvLi-oUFp_8
26007,Alpena County,MI,ChIJReRUyw1kM00RtWcMCVRcZ4A
26009,Antrim County,MI,ChIJE0nogdy5Sk0RYk2OtEXN7lI
26011,Arenac County,MI,ChIJD1NxC7ENIYgRE4J6rKLo1ZA
26013,Baraga County,MI,ChIJxU35nhcsUU0RnxY3XRaEYTk
26015,Barry County,MI,ChIJER5N0rMkGIgRx1xTF7tq8vc
26017,Bay County,MI,ChIJffdp7u5mIYgRg_dwzQ3UV8k
26019,Benzie County,MI,ChIJqxY7o4c7HogR6x-lbU8aVTw
26021,Berrien County,MI,ChIJ6XkNtPXFEIgRqbxusYn2818
26023,Branch County,MI,ChIJ6Ur1H8SLF4gR6CMqQVKXNPg
26025,Calhoun County,MI,ChIJqek9tX30F4gRvbOSImk7Dao
26027,Cass County,MI,ChIJ0bDlcNojF4gRwH0Sv2LlMn0
26029,Charlevoix County,MI,ChIJJwwY0vbsSk0RmZ1u0oqQ0lU
26031,Cheboygan County,MI,ChIJBSNW_8ENNU0Rx7XmT6kLfP4
26033,Chippewa County,MI,ChIJO7EXaomeSU0Rfy5ZyVZdjxw
26035,Clare County,MI,ChIJKaTYZthbH4gRGi_zhNuGnxM
26037,Clinton County,MI,ChIJmRdjtXz0IogRf2GUtAcUgQU
26039,Crawford County,MI,ChIJ2y6esGoSIIgR2WYIVmBm4c4
26041,Delta County,MI,ChIJrVBE2G4lTE0RX6cEO1nDg4w
26043,Dickinson County,MI,ChIJQ7puWS47Uk0RnXgZt7IlBn8
26045,Eaton County,MI,ChIJRaIBqYWlIogRL45m2Moubu0
26047,Emmet County,MI,ChIJr4sBRWSDSk0R23iTvfSNjzo
26049,Genesee County,MI,ChIJZxlEtTp5I4gRjxdqahrBdfU
26051,Gladwin County,MI,ChIJ7yWStnWhIYgRKsP6ZTFfl38
26053,Gogebic County,MI,ChIJ1ZQarcSSVk0RB8yPXgUTEeM
26055,Grand Traverse County,MI,ChIJLRa531OwH4gR9Fe-8QP9uQ8
26057,Gratiot County,MI,ChIJsWXjEqBsIogRD2RLRLFiGgg
26059,Hillsdale County,MI,ChIJzxlwWNAMPYgRZTr7fneoup0
26061,Houghton County,MI,ChIJTfO5_mQ7UU0RWG667XtdKyc
26063,Huron County,MI,ChIJF3UQ3Br7JogRYRLmLfk3pfI
26065,Ingham County,MI,ChIJD9W2LEnaIogRAyhZlrTppyY
26067,Ionia County,MI,ChIJtTiltsyfIogRlfEtt9j4TTQ
26069,Iosco County,MI,ChIJIUGqBt0rIYgRfh9yYWU4aCE
26071,Iron County,MI,ChIJs8m_RuziU00RSryFleVOUYo
26073,Isabella County,MI,ChIJiVwjNcwDIogR16fnxhyjLyo
26075,Jackson County,MI,ChIJQc6iKWHfPIgRUve3SJMFTvk
26077,Kalamazoo County,MI,ChIJuf0n9q6eF4gR_Y1LA3Eg7go
26079,Kalkaska County,MI,ChIJz7sWS7vvH4gRzdzJ4ayV2Po
26081,Kent County,MI,ChIJueNwOGzfGIgR5Y5vLirvnxQ
26083,Keweenaw County,MI,ChIJoVn-QHyhUE0Rt8yuwlpH3xY
26085,Lake County,MI,ChIJSdga63bZHogRM0DIxowXvms
26087,Lapeer County,MI,ChIJzaGfYluMJIgRvCzzEmsbmbQ
26089,Leelanau County,MI,ChIJwQVFc8IyS00R-SPbq47jjxY
26091,Lenawee County,MI,ChIJpVJfhPb5PIgRqPN19hz2xN8
26093,Livingston County,MI,ChIJYW9RfTBHI4gRHXrtLIsR864
26095,Luce County,MI,ChIJt7sYO8r9SE0R7e5VZGnvdoA
26097,Mackinac County,MI,ChIJ1xM7aBxPSk0RATSzCI_u15U
26099,Macomb County,MI,ChIJI5_BOQ_OJIgRZ1Bcmc7XXIs
26101,Manistee County,MI,ChIJRWp_YrpCHogRPxUSaocrMSM
26103,Marquette County,MI,ChIJk7EPuTXEUU0R54RXYiR8OBE
26105,Mason County,MI,ChIJYxH9iSMUHIgRFW2Lv6ozBaA
26107,Mecosta County,MI,ChIJGQJQyqrGGIgRNx1OO8SdkS8
26109,Menominee County,MI,ChIJA1DaGn-AUk0RrExH-oHLJ3o
26111,Midland County,MI,ChIJ_1_Cz1k6IogRq9uhRYxRo7I
26113,Missaukee County,MI,ChIJXyvW_UQMH4gRO9Pk2fo-wvI
26115,Monroe County,MI,ChIJ0yMoNdhmO4gR5ZubrvcyyZM
26117,Montcalm County,MI,ChIJ3wtUfRbzGIgRFa43Qh1oe_4
26119,Montmorency County,MI,ChIJkR7VZiHbNE0Rin4livsRy1Y
26121,Muskegon County,MI,ChIJG_DdiT_cG4gRf6y3qKVa8fw
26123,Newaygo County,MI,ChIJC6ndsmEZGYgR-4VzGiNqDhU
26125,Oakland County,MI,ChIJ2S-UKKSNJIgRO9LSPL-n88Y
26127,Oceana County,MI,ChIJIUZfB8fzG4gRHSqMbCV0uXg
26129,Ogemaw County,MI,ChIJe2TeI8TtIIgR_27gean5m7Q
26131,Ontonagon County,MI,ChIJU9jqgLYhV00R3S5CiZBfda0
26133,Osceola County,MI,ChIJK2uE5T0_H4gRf2eQgmhgCf4
26135,Oscoda County,MI,ChIJ80YfTdnPNE0RPSljqUtR_uA
26137,Otsego County,MI,ChIJub9HR30WNU0RRSY1VwqC-qg
26139,Ottawa County,MI,ChIJ7X2iC_iIGYgRBPwpw5yTx1c
26141,Presque Isle County,MI,ChIJpexosVX6NE0R2sru8qUpY_Y
26143,Roscommon County,MI,ChIJA9jWuxg2IIgR_dNWieMs1Ms
26145,Saginaw County,MI,ChIJzakSEePAI4gRERAGr9F7HeA
26147,St. Clair County,MI,ChIJ2ztKkloEJYgRAUoOzUD3jF0
26149,St. Joseph County,MI,ChIJB_ywuOirF4gRKE3yRl5EVQQ
26151,Sanilac County,MI,ChIJ0_YoibvcJYgRyx7sDtOEhZU
26153,Schoolcraft County,MI,ChIJFxqbOZEBTE0RFkj7ESy5Mlo
26155,Shiawassee County,MI,ChIJLbZUtkJrI4gRGiUiYETeFIw
26157,Tuscola County,MI,ChIJ7691BuQPJIgRlXq82U-4uK8
26159,Van Buren County,MI,ChIJa5TvHySxEIgRp6j3qZmVF6M
26161,Washtenaw County,MI,ChIJMx9D1A2wPIgRuLFVuZmuyW4
26163,Wayne County,MI,ChIJDZ6VuYPKJIgR15xhPzwyGyw
26165,Wexford County,MI,ChIJA5ySNHAhH4gRfpB2RxGRCSQ
27001,Aitkin County,MN,ChIJJ4hmahgGsVIR9EY9qBOgIZg
27003,Anoka County,MN,ChIJv_1lwIhEs1IRs0feqjA_JsI
27005,Becker County,MN,ChIJnSU43utpyFIR5ikVbAFI5sM
27007,Beltrami County,MN,ChIJX93tDeEFuVIRo7ysnozzgoU
27009,Benton County,MN,ChIJceDzrNhrtFIRNqYktw82iwY
27011,Big Stone County,MN,ChIJRWF4dn-By1IREvCWf_S99GM
27013,Blue Earth County,MN,ChIJZ0INuV4V9IcRqEVB10xeEqw
27015,Brown County,MN,ChIJ5b9XZBw-9YcRL5bVrsrmvmQ
27017,Carlton County,MN,ChIJRz-jXIwrrlIRROgu_mXNK40
27019,Carver County,MN,ChIJZYcz1Xv99YcRuaaY0AH_6HQ
27021,Cass County,MN,ChIJ7SSeiyM-t1IRjkugTsuxmZ0
27023,Chippewa County,MN,ChIJ8WOMnxnRylIR4I9IKO4RWwU
27025,Chisago County,MN,ChIJ29yPf38MrVIRO4Jz9jgnyj8
27027,Clay County,MN,ChIJ5RcS3T6FyFIR9zcWg_OsdIc
27029,Clearwater County,MN,ChIJNUfWr70EuFIRgoKBwhM9OG0
27031,Cook County,MN,ChIJaavuQD7rp1IRM6QLOyW9oQE
27033,Cottonwood County,MN,ChIJcwGPD2NHi4cRQ3fLel6FBT0
27035,Crow Wing County,MN,ChIJEdk9mzjktlIRH0n3ps6xBY8
27037,Dakota County,MN,ChIJySsC0AvL94cRdzZ2o7jAuWE
27039,Dodge County,MN,ChIJL95tYbM994cRUxGpyeyKixM
27041,Douglas County,MN,ChIJTfsW-FEaylIRLahc9CV-u-Q
27043,Faribault County,MN,ChIJyRfkC9kI9IcRx9r4iRqX61o
27045,Fillmore County,MN,ChIJ3-PZozEn-ocROeCKpjUWyDc
27047,Freeborn County,MN,ChIJJauksfcz8YcRuQQWHlxvv1Q
27049,Goodhue County,MN,ChIJuYG8uD9294cRygH6R6i3lWE
27051,Grant County,MN,ChIJhc-LlpbRy1IRGMqOc9lZh3s
27053,Hennepin County,MN,ChIJpe7ZFZId9ocRnkR32F9xAcw
27055,Houston County,MN,ChIJb5Hi5drg-4cReyUQpO3sXVM
27057,Hubbard County,MN,ChIJ-feQRteQt1IR8E2DpaYsjwU
27059,Isanti County,MN,ChIJ9cUkAS6hs1IRjO0HIWFGQvA
27061,Itasca County,MN,ChIJfQYRjml4ulIRU-9TvbZsloU
27063,Jackson County,MN,ChIJrTmVKENRi4cRYehVnj6_L3E
27065,Kanabec County,MN,ChIJ49NupfjNs1IRoCUPt-jr0hA
27067,Kandiyohi County,MN,ChIJB8oY1opltVIRY69fDPMUwB8
27069,Kittson County,MN,ChIJsVp-AFo6wVIRm-EAiHlPGak
27071,Koochiching County,MN,ChIJgcEIzLDepFIRNxd0zNJFQSs
27073,Lac qui Parle County,MN,ChIJ07J6k146y1IRAd3pBUTzzMU
27075,Lake County,MN,ChIJTbAJ23weplIRYb6p4g2HdNU
27077,Lake of the Woods County,MN,ChIJKSs5hDQtuVIRUj7ANrRy0u8
27079,Le Sueur County,MN,ChIJpSIy1CyH9ocRckAuQtqlMGk
27081,Lincoln County,MN,ChIJQ8t63nkyiocRCCav9rgKgHY
27083,Lyon County,MN,ChIJ0avT1ddFiocRCV6NOZyt20M
27085,McLeod County,MN,ChIJN6yZKFCC9YcRsBdH8ZHGEBs
27087,Mahnomen County,MN,ChIJV1XZze4IyFIRikzVSebddyc
27089,Marshall County,MN,ChIJ3-5Gpg1Ox1IRnYJ30B-kxpI
27091,Martin County,MN,ChIJfz9h57GC9IcRY7LE9UuwIUw
27093,Meeker County,MN,ChIJ-bB0vdQgtVIRp6JMMx-9ka4
27095,Mille Lacs County,MN,ChIJ6aDbQdnBs1IRPTeOuyWKiIg
27097,Morrison County,MN,ChIJSySYQ0eftlIRwC6i6qFRT8A
27099,Mower County,MN,ChIJe8xmnMK38IcR7_ESo0awubU
27101,Murray County,MN,ChIJ6bNltJMKi4cRHE1f6SUwJM4
27103,Nicollet County,MN,ChIJH7Caf-NT9IcRPniHkZM03VM
27105,Nobles County,MN,ChIJUb66LEV_i4cRJFURhz6nzwo
27107,Norman County,MN,ChIJ0-5JvcUnxlIRB2p_CtETZnk
27109,Olmsted County,MN,ChIJp2BpCw7k-YcR57Y_V8-Or0Q
27111,Otter Tail County,MN,ChIJFTrS1rmjyVIR4o6I4LmeIsc
27113,Pennington County,MN,ChIJcRe64uhzx1IRy8OCM-JaVlk
27115,Pine County,MN,ChIJFfuO40saslIRhYx-cZ6u1RE
27117,Pipestone County,MN,ChIJN3TySqPEi4cRcQ4XLlOEqUg
27119,Polk County,MN,ChIJFTdx5tq1x1IR28y7zOVUfjU
27121,Pope County,MN,ChIJSXpEj1ZvylIRcIrBOZXlNqA
27123,Ramsey County,MN,ChIJfyBkuQrV94cRJQ5Uv1531bM
27125,Red Lake County,MN,ChIJ65ZsuTWnx1IRB2gXap2uh4E
27127,Redwood County,MN,ChIJl3SlWffQiocR0IOPNQz78Qc
27129,Renville County,MN,ChIJXek99vJL9YcRp_q_zlLCgF4
27131,Rice County,MN,ChIJL9Fi4rFZ9ocRLszCJpE1754
27133,Rock County,MN,ChIJDx4MTFH3i4cRFxtQqT6sBnU
27135,Roseau County,MN,ChIJJ4KgrC9Lv1IRfnlm6Vq7siE
27137,St. Louis County,MN,ChIJvyoH84qNpVIRt3pjGNnS1VQ
27139,Scott County,MN,ChIJLym6qK0b9ocROVQtWfTPN7A
27141,Sherburne County,MN,ChIJI5Bu5mp9s1IR7Wk4zB8jpD0
27143,Sibley County,MN,ChIJ5ygCaLm89YcRAXiG_kWmPkI
27145,Stearns County,MN,ChIJ6VQcyH5BtFIRnleWaEY1Fcg
27147,Steele County,MN,ChIJB4miB5ne9ocRWxu7JDGhUtI
27149,Stevens County,MN,ChIJP0_C35Kty1IRXlH9FaeUBgk
27151,Swift County,MN,ChIJnde5PWzvylIRQSP2L7H3ziQ
27153,Todd County,MN,ChIJI3MsnNkMtlIRvVKoyb0GAoM
27155,Traverse County,MN,ChIJq1Oddi30y1IRhZ8hbkDAq6E
27157,Wabasha County,MN,ChIJYw0rLim8-YcRonswvqM9rp8
27159,Wadena County,MN,ChIJXztPezM4tlIRAhxdJUzrMAs
27161,Waseca County,MN,ChIJmzdsy_yi9ocRkG1GfEdBpjo
27163,Washington County,MN,ChIJ_UOxZ3vCslIR_TDTigqnRuU
27165,Watonwan County,MN,ChIJoUYUGQWT9IcRO7ZGX1plFtc
27167,Wilkin County,MN,ChIJtV1HZytByVIRIKJ8P5KFqnY
27169,Winona County,MN,ChIJjbtn1ea9-YcR6tX3keOHDC0
27171,Wright County,MN,ChIJP5pjKIyetFIRf-rFeby3CCY
27173,Yellow Medicine County,MN,ChIJd6pTMY1viocRXvuoid_oaLw
28001,Adams County,MS,ChIJRRKSipXwJYYRwUMfKKrt37w
28003,Alcorn County,MS,ChIJc6pJGwzefYgRBRjzzlx6CuE
28005,Amite County,MS,ChIJyw2QjH1IJoYR7NQfQZPDcpI
28007,Attala County,MS,ChIJgeJmEAIegYgRsbgFIXG9Ono
28009,Benton County,MS,ChIJuVOuzmd-gIgRbN5TVuKBZng
28011,Bolivar County,MS,ChIJzQl8yH2fK4YRB5Uc0kHdiyQ
28013,Calhoun County,MS,ChIJufoFQIzlgIgREjDagcaUs4U
28015,Carroll County,MS,ChIJLXGSJG7egYgRL9_FPAaFJZE
28017,Chickasaw County,MS,ChIJZ3C69n8vgYgRP1W_VSLiTpo
28019,Choctaw County,MS,ChIJU1-9HDdxgYgR1A332chtEiY
28021,Claiborne County,MS,ChIJS_5IT0SLKIYRknQ1hakNKis
28023,Clarke County,MS,ChIJVSQPihOfhIgR8JqCpMq9FdY
28025,Clay County,MS,ChIJqcOHvg7ThogR6l3BKmaOt6I
28027,Coahoma County,MS,ChIJE4EonbUmK4YRfLwysXC4gsA
28029,Copiah County,MS,ChIJ48uaw29nKIYRPyvCb5XqzUo
28031,Covington County,MS,ChIJh4EtP4jLgogRz9fqXYUqO7M
28033,DeSoto County,MS,ChIJ2QPCM3dR1YcRVGbyYq2XnvY
28035,Forrest County,MS,ChIJf8mEfdLonIgRkCk6zB-jx08
28037,Franklin County,MS,ChIJYzXqnd8bJoYR_f0WZsYlMbg
28039,George County,MS,ChIJB2Znc_V5m4gRggzEJQT9wGs
28041,Greene County,MS,ChIJl4lkYKVnm4gRI2YxYbG2aCo
28043,Grenada County,MS,ChIJTdSd54TLgYgR1rfb0JksgqQ
28045,Hancock County,MS,ChIJoR-iou7OnYgR2pR23Kyt8Mk
28047,Harrison County,MS,ChIJv5Sk26ZYnIgRQgAVlhf_dP8
28049,Hinds County,MS,ChIJI2rqGA5OKIYRvsgsniCjZ1o
28051,Holmes County,MS,ChIJgeJmEAIegYgRFqKxlo2VoIs
28053,Humphreys County,MS,ChIJAXVu1FopKoYRk1adlnn5ZAc
28055,Issaquena County,MS,ChIJ7UyMuaw4KYYRd7NjpupOW8o
28057,Itawamba County,MS,ChIJmZEjB25lh4gRuPuzOmATQQM
28059,Jackson County,MS,ChIJj6rgU4BYmogRWO1Lr8TYCLM
28061,Jasper County,MS,ChIJC7wY7fw_g4gRzIThGPu62KE
28063,Jefferson County,MS,ChIJRxWT-B2wKIYR2It5NonIDJY
28065,Jefferson Davis County,MS,ChIJ3VJifiGugogRkW4Q-utVK1A
28067,Jones County,MS,ChIJCbL-F9k9g4gRFOTAzCzaZdc
28069,Kemper County,MS,ChIJHX_XtF0MhIgRswOEUl7n0k8
28071,Lafayette County,MS,ChIJY14XtI2PgIgR7G2ym-a21dc
28073,Lamar County,MS,ChIJa1B7ygEcnYgRd_YPM1ZL4Ck
28075,Lauderdale County,MS,ChIJCUyvgXd8hIgRUcxs7EZcH9c
28077,Lawrence County,MS,ChIJ721kY_37J4YRPvix7N1Qzns
28079,Leake County,MS,ChIJb2QfwzNbgogR6jecr4dhV3Y
28081,Lee County,MS,ChIJy877p8JPh4gRjcM_c4XLE9I
28083,Leflore County,MS,ChIJV6E1LjVhKoYRcLQDlfgJk0o
28085,Lincoln County,MS,ChIJe2etGRvaJ4YRp-gUhVO6R7o
28087,Lowndes County,MS,ChIJwct3cYnEhogRc4P7VVHq6ok
28089,Madison County,MS,ChIJQ7Wxx-zZKYYRD4HtUfpaT8k
28091,Marion County,MS,ChIJr3-VHNtnnYgRLsmH69uLW_Q
28093,Marshall County,MS,ChIJv0AWRgXPf4gRDB-aesyDY8g
28095,Monroe County,MS,ChIJQWLAsl4zh4gRE_8RP_akfvE
28097,Montgomery County,MS,ChIJhXaLcoi-gYgRb3pPTk_rfZw
28099,Neshoba County,MS,ChIJ6f1CjwbAg4gREviDjnnG1es
28101,Newton County,MS,ChIJeZNTE_ahg4gRUxIK9i5J7CU
28103,Noxubee County,MS,ChIJ61vgkxunhogRCchve2QrJ5A
28105,Oktibbeha County,MS,ChIJPbrN9dwvgYgRG1ZglcuDFmU
28107,Panola County,MS,ChIJNSJSZuIEgIgR3xHhJLfk-R4
28109,Pearl River County,MS,ChIJ78v8mVEKnYgRxBGpx55j-SU
28111,Perry County,MS,ChIJbZInDAuOnIgRMsUJPIm_yas
28113,Pike County,MS,ChIJ_YgGUcK2J4YRA6Y2yX0iXUY
28115,Pontotoc County,MS,ChIJSaA0XN7BgIgRswdAYXbBHYA
28117,Prentiss County,MS,ChIJEdIYay2LfYgR7gYekyUbrRo
28119,Quitman County,MS,ChIJAfvF2Z7cKoYRZnyqXrpVa0s
28121,Rankin County,MS,ChIJBdaWCaRHKIYR7zdhhtyReXc
28123,Scott County,MS,ChIJvVc5iHlYgogRouKtH0Lb21Q
28125,Sharkey County,MS,ChIJhYrqqtlpKYYRgyPs0BKvsuM
28127,Simpson County,MS,ChIJ67iWQimZgogRW0fTUN5CiZE
28129,Smith County,MS,ChIJF3Moi4vlgogRh8tqN9jPUTY
28131,Stone County,MS,ChIJRUJvZXONnIgRGpKJDAWp8Tk
28133,Sunflower County,MS,ChIJbUwE4oeqK4YR_SKzrKplNsY
28135,Tallahatchie County,MS,ChIJL6fDplSMKoYRbIvoB0SKF1o
28137,Tate County,MS,ChIJ4yp8l7f5f4gRB9Qv_1eLAKM
28139,Tippah County,MS,ChIJ89ZSBf0NfogRRHveFVj-MIA
28141,Tishomingo County,MS,ChIJJyd9LpmEfYgR_BNY8IWNDG4
28143,Tunica County,MS,ChIJ8W80tQ8x1YcRNCEeMc1xf7s
28145,Union County,MS,ChIJc2eCIjYcfogR9mM-APEHROk
28147,Walthall County,MS,ChIJ_Ws3ryGKJ4YRwSFYC4EWOAU
28149,Warren County,MS,ChIJo_cXjCseKYYRgJt8XmVVyZk
28151,Washington County,MS,ChIJo_jQcb-9K4YRiLgoHJtcQ7w
28153,Wayne County,MS,ChIJeduQ4weYnIgR9ztNZM26NnY
28155,Webster County,MS,ChIJdRFh_EsPgYgRCN8nXIhRSMs
28157,Wilkinson County,MS,ChIJNSThkiwJJoYRHQxayjEqEq4
28159,Winston County,MS,ChIJFXziuRhygYgRSLmqJAQ8Vf8
28161,Yalobusha County,MS,ChIJ_0G2MVB6gIgRXQc0scLiLGc
28163,Yazoo County,MS,ChIJnZhQNx2XKYYRVHyE9R1ebTE
29001,Adair County,MO,ChIJx4XcWkQM6IcRTMBpXv55KZ0
29003,Andrew County,MO,ChIJw1rTzxMswocRpopTQLAYLZY
29005,Atchison County,MO,ChIJCW4RiVcZlYcRMhN0zW7z7Es
29007,Audrain County,MO,ChIJzcntDTb_3IcRF8jo6NwtoFE
29009,Barry County,MO,ChIJt5rxOQTMyIcRKgwSQ5c_2jA
29011,Barton County,MO,ChIJ_67osuUzxocRKwHSpzytWgQ
29013,Bates County,MO,ChIJVVb3YvOXxocRkOy6bDTgyoc
29015,Benton County,MO,ChIJd2Lsl1YVxIcR9Pg72SDNyFs
29017,Bollinger County,MO,ChIJCx-SlaIC2IcRdzI9q4zgY-A
29019,Boone County,MO,ChIJJYH0pyWf3IcRR7g9tbBfVNs
29021,Buchanan County,MO,ChIJB-1FnA4UwIcRcPCfoLnRjZY
29023,Butler County,MO,ChIJ4XD797nJ14cR_BBKTxFdXI0
29025,Caldwell County,MO,ChIJT9WP9qXtwYcRa2HsedTczcA
29027,Callaway County,MO,ChIJwW7F7wSxw4cR3_IDVcX9V0U
29029,Camden County,MO,ChIJbyufMCvexIcRHxvKR4nJ2bE
29031,Cape Girardeau County,MO,ChIJ7Q-pZvyOd4gRAb-nUYfMqhM
29033,Carroll County,MO,ChIJucowtQAxwocRHg7aV9Ql6zI
29035,Carter County,MO,ChIJtXKvxXBO14cRHdffLime0ds
29037,Cass County,MO,ChIJ60VnSicnwYcRCxOFL2boo3I
29039,Cedar County,MO,ChIJcU34DF9lxocRRXURsQNMVsE
29041,Chariton County,MO,ChIJ6RgyfO31wocR_6ky0I8zswc
29043,Christian County,MO,ChIJk9Zo3vRtz4cRyn6489lNhGs
29045,Clark County,MO,ChIJGyhNN6IN54cR8vAHwwvEvJs
29047,Clay County,MO,ChIJdVxCUHpLwIcRSNjdePaajZg
29049,Clinton County,MO,ChIJi7df4Y80wIcRUmERgsBHSxs
29051,Cole County,MO,ChIJOdEOjp7Iw4cRKs70YYIi9Ko
29053,Cooper County,MO,ChIJxTAIXxVCw4cR3yKzWFOSSOM
29055,Crawford County,MO,ChIJw1roeLsm2ocRiJ5DM7XurYA
29057,Dade County,MO,ChIJf4HdznAIxocRh97hJP-fG8M
29059,Dallas County,MO,ChIJnwMsTfMLxYcR5drL3Ztt7qA
29061,Daviess County,MO,ChIJo8ac7sQL6ocREpg6rENAqgQ
29063,DeKalb County,MO,ChIJh5bQHB2A6ocRBsx4C3jgIBQ
29065,Dent County,MO,ChIJ-_MFO4IV2ocR3o7GXRZcsLQ
29067,Douglas County,MO,ChIJG4D2UIroz4cRQhL3hdwyKqI
29069,Dunklin County,MO,ChIJPYAw5iUk1ocR3rwrJ4xNBrE
29071,Franklin County,MO,ChIJlZYgiy4R2YcRdXW341H_0jY
29073,Gasconade County,MO,ChIJxZflweyS24cRXcGWmGURgtk
29075,Gentry County,MO,ChIJtQ9WoDhg6ocRH11tJfQ2lnY
29077,Greene County,MO,ChIJJRE2VCSKxYcRtd6Sq3JiUdg
29079,Grundy County,MO,ChIJic9kuL_w6YcRXtl2KPAhfNE
29081,Harrison County,MO,ChIJjaKvEVU56ocRwTjGuuaWWf0
29083,Henry County,MO,ChIJQ5R_EUUexIcRA-u2J7mJYF0
29085,Hickory County,MO,ChIJGQVhCyc1xIcRGLmTbKZGAME
29087,Holt County,MO,ChIJ5Wu5rVNElYcRxlBxIV644TY
29089,Howard County,MO,ChIJYbLlFB49w4cR8sQ9Mk73eOI
29091,Howell County,MO,ChIJaUil5gST0IcR0hRzyye0F7M
29093,Iron County,MO,ChIJ1ZIvCdjR2YcR__2qeQ2tOh0
29095,Jackson County,MO,ChIJ1ROsTw1swYcRCr5MOFp61_0
29097,Jasper County,MO,ChIJQbU6TfIoxocRTrzoDWs-CLc
29099,Jefferson County,MO,ChIJYdYCyp_c2IcRh4w_joxIqR0
29101,Johnson County,MO,ChIJ2Y_NTLD8w4cRA14JzmUgtbM
29103,Knox County,MO,ChIJQ0xegZKM54cRNY258ko0ZOc
29105,Laclede County,MO,ChIJpegg-Ck4xYcRpNyOXIcoGgw
29107,Lafayette County,MO,ChIJS91ARFN8wYcR0iyqHbG5ufg
29109,Lawrence County,MO,ChIJH4NjDC2yyIcRg5jJ8-ekhwg
29111,Lewis County,MO,ChIJofT_Vypy54cRe6QXbBzELd4
29113,Lincoln County,MO,ChIJ0zFN5hjA3ocRICgMLP-f8dI
29115,Linn County,MO,ChIJSU1dyuaGwocRaGVyPputtJc
29117,Livingston County,MO,ChIJ-1Dee5N1wocRQMVqIjG9rY0
29119,McDonald County,MO,ChIJzVtC6zX5yIcRbelvUkuWoSQ
29121,Macon County,MO,ChIJY6fORrauwocRU9_cud9EHWc
29123,Madison County,MO,ChIJfXLr3uAX2IcRGHR16qogDsY
29125,Maries County,MO,ChIJn3VcgJMF24cRGxPnXvu4Ono
29127,Marion County,MO,ChIJsbQIHYiR3YcRT2lONmxYNIM
29129,Mercer County,MO,ChIJd9Torqea6YcRZ3XdbV821_0
29131,Miller County,MO,ChIJJYzgFA7LxIcR02lKNSg_eFc
29133,Mississippi County,MO,ChIJA8yVBmmweYgRUuJG5q-bCZg
29135,Moniteau County,MO,ChIJ69j_dzNaw4cRr7lTuMHWdko
29137,Monroe County,MO,ChIJOV2qxv0M3YcRAKucv30D33c
29139,Montgomery County,MO,ChIJTRZaG4EN3IcR8WeRgBVDefo
29141,Morgan County,MO,ChIJhaNIffSXxIcR6vlPGkDRS18
29143,New Madrid County,MO,ChIJU873ak_0eIgRXZB5koCqJXw
29145,Newton County,MO,ChIJJ7md1O6MyIcRLT7Ck4pJhW8
29147,Nodaway County,MO,ChIJJTflPxzF6ocR8bF2TAPBcWU
29149,Oregon County,MO,ChIJbf3opBnc0IcRnBEzu6lkwIQ
29151,Osage County,MO,ChIJp00BNk5324cRuYK3cLVgA-Q
29153,Ozark County,MO,ChIJVaEHqb5K24cRvfQQjdPhsgo
29155,Pemiscot County,MO,ChIJsTiJHm2VeIgRvL22cyrUaBw
29157,Perry County,MO,ChIJN5vYwLzpd4gRIhTgU4nRkGo
29159,Pettis County,MO,ChIJeQHJrlyBw4cRiVX7xOeheeE
29161,Phelps County,MO,ChIJe1LS3UXl2ocRVz2BiXKqQgU
29163,Pike County,MO,ChIJ--AcKoV93ocRvdNVa_DBzBs
29165,Platte County,MO,ChIJ6W6-vQpmwIcRBSNNlMCLTTU
29167,Polk County,MO,ChIJYz4T6_y_xYcRl7j_-EnOR7Y
29169,Pulaski County,MO,ChIJ0Wcyog_u2ocRjKHdnE2Z6jo
29171,Putnam County,MO,ChIJm6OVf4JS6IcREFo3x786H_k
29173,Ralls County,MO,ChIJ6-bdpTfH3YcRfPErVUPQVEs
29175,Randolph County,MO,ChIJdwGDsdXRwocRxuvjxPLj22c
29177,Ray County,MO,ChIJcc0uoI2ewYcRdrnCp_gKrdU
29179,Reynolds County,MO,ChIJPeqE2pj82YcRRPWbuq78XkE
29181,Ripley County,MO,ChIJBQBN33Ef14cRiE64PRj4PXo
29183,St. Charles County,MO,ChIJ8_ejCwAp34cR6jFA8VaN-pA
29185,St. Clair County,MO,ChIJwUvDUv6CxocR0e9MR3fAhRQ
29186,Ste. Genevieve County,MO,ChIJy-NIAHBj2IcR4zzrOO9UU4w
29187,St. Francois County,MO,ChIJnzj9Zdvw2IcRH1imZdP37PE
29189,St. Louis County,MO,ChIJBe3muPnK2IcRO8QfrOB9Xn0
29195,Saline County,MO,ChIJV16SvL6vw4cRPtjDn9sOByU
29197,Schuyler County,MO,ChIJM3DreG936IcRJsountzPer8
29199,Scotland County,MO,ChIJP-flNmC454cRUgSmET7CK5M
29201,Scott County,MO,ChIJz0KWAH45eIgRh4StwsS0ARo
29203,Shannon County,MO,ChIJHdGK0oul0IcREsDLLAAGJQY
29205,Shelby County,MO,ChIJBYmfPiNv3YcR1tWLLHt7ljQ
29207,Stoddard County,MO,ChIJkwsEpPdzeIgRwPs8LT1k6wA
29209,Stone County,MO,ChIJAQbAA-ARz4cRJDUB1ZHj-a8
29211,Sullivan County,MO,ChIJ5QnqTczK6YcRLAFVxvERhHg
29213,Taney County,MO,ChIJDzzoO7erz4cRlTYzs1cakPc
29215,Texas County,MO,ChIJ63Wwi4N_2ocRwP0YRdnmVfc
29217,Vernon County,MO,ChIJcbCR4N73xocRgxIZU5gt0I8
29219,Warren County,MO,ChIJn724bO2r3ocRQJ8l38mlPY0
29221,Washington County,MO,ChIJxzTasOWC2YcR5M2ywIWRMgA
29223,Wayne County,MO,ChIJmUJ-IZ2c14cRMrLHmUh6VoA
29225,Webster County,MO,ChIJj_YYXDBixYcRcGR0cjKs_mE
29227,Worth County,MO,ChIJBbk7Fub76ocRHQFgZHzun5A
29229,Wright County,MO,ChIJZXWHQasB0IcRpyWDpj1cPUM
29510,St. Louis city,MO,ChIJ-Y7t-qm02IcRW-C7IsrqOb4
30001,Beaverhead County,MT,ChIJPTr8oob2WVMRrzHpYhZMzHY
30003,Big Horn County,MT,ChIJOSWX9i8qNlMR1Vjkl7FBJY0
30005,Blaine County,MT,ChIJi-sY6wPcP1MRrSxpGm5awEI
30007,Broadwater County,MT,ChIJ6VVvlBSsRFMR9L7JdoXwUk4
30009,Carbon County,MT,ChIJ4wRsUFFrT1MRzmINzr5CkhI
30011,Carter County,MT,ChIJj6AzEy7qMVMRHDjB-uCFzGQ
30013,Cascade County,MT,ChIJPX17Vw22Q1MRvsl6Vj9wDAc
30015,Chouteau County,MT,ChIJPTRGCeToQVMRqTjfSmLdjkY
30017,Custer County,MT,ChIJebZ-WNYOOlMRQyj-3vPg45U
30019,Daniels County,MT,ChIJURckC-a8IlMRFiB_FjFm9Lc
30021,Dawson County,MT,ChIJdzy-br7DJFMRn2c8WbK0Hm4
30023,Deer Lodge County,MT,ChIJOUX-xVyYW1MR3zmtHvimLPc
30025,Fallon County,MT,ChIJYY-HMwLkL1MRSUS2rXezQ-0
30027,Fergus County,MT,ChIJ1_baK6LOQFMRDstEwodq6w4
30029,Flathead County,MT,ChIJacBRae9qZ1MRlYomqUEYN78
30031,Gallatin County,MT,ChIJsW6fDclmRVMRzNAJoKrV4A8
30033,Garfield County,MT,ChIJf4sZqQhVOVMRr5xLtzbrQ9U
30035,Glacier County,MT,ChIJ60NJMDDvaFMRO-9JWoK2DMo
30037,Golden Valley County,MT,ChIJMfpIA75WRlMRUofco5sdCA8
30039,Granite County,MT,ChIJQ_gwkMQwXFMRaxZsb5fkPmk
30041,Hill County,MT,ChIJCYP8DL4cQFMR60Ud8oIGlrs
30043,Jefferson County,MT,ChIJDYfeDEpnW1MRTDga0sMOTBY
30045,Judith Basin County,MT,ChIJ3zcsUHxoQVMR5cA64IloEB8
30047,Lake County,MT,ChIJrxyj8lCkZ1MRep1pUUfm-BU
30049,Lewis and Clark County,MT,ChIJnX_g1e1aQ1MRarxsCdNgsv4
30051,Liberty County,MT,ChIJvaUneV4ualMRVtcqeEU5e8I
30053,Lincoln County,MT,ChIJ-f_hJNj7ZlMRl1iM080-20A
30055,McCone County,MT,ChIJh1D5LvhlO1MR3b6UEIxuMnc
30057,Madison County,MT,ChIJ8yGmxGaHWlMRK_HUH7YfMjI
30059,Meagher County,MT,ChIJsxBoxpR6RFMRZu3UkW-988E
30061,Mineral County,MT,ChIJj5mttNDuXVMRzkUOTkpg98U
30063,Missoula County,MT,ChIJe50wzPyAXlMRvfF17xgQ5B8
30065,Musselshell County,MT,ChIJhTl2KgOFR1MRjJazALH0KsE
30067,Park County,MT,ChIJR06D-Ym8T1MRglk57taSa4M
30069,Petroleum County,MT,ChIJ9XTQKS-0OFMRLE26ypD0vjE
30071,Phillips County,MT,ChIJNVh0FPxAPlMRFJSLadhyEmc
30073,Pondera County,MT,ChIJZ_VQHqu3aVMRPs0rENYQ8Mg
30075,Powder River County,MT,ChIJaRwcG7lLMVMR5N7tF1vCsdo
30077,Powell County,MT,ChIJMR6EsyRRXFMRkLiqMzTAid0
30079,Prairie County,MT,ChIJqeKRfNjZOlMRs4vjaBnv1C8
30081,Ravalli County,MT,ChIJLw8VWU_IXlMR5J-NyoMhKGA
30083,Richland County,MT,ChIJY9kyZqScJFMR4OxmijVAvRM
30085,Roosevelt County,MT,ChIJp0zOMvYjI1MRpu5R3uhO77w
30087,Rosebud County,MT,ChIJt2ttd_JqN1MR8sV-rp2EWvo
30089,Sanders County,MT,ChIJGRAiC9HNYFMRTLFtoWEz4CQ
30091,Sheridan County,MT,ChIJyXw_8NtGIlMR2bLbAfRZ5UM
30093,Silver Bow County,MT,ChIJ0Tzv0DY_WlMRfmeoeTh7GeQ
30095,Stillwater County,MT,ChIJndWCP42vSFMRzaNpgVO3dS0
30097,Sweet Grass County,MT,ChIJKx3QG-n1RVMRPr9f7P7VsxI
30099,Teton County,MT,ChIJ-4-XBCi-QlMRmU5m5y4kYvg
30101,Toole County,MT,ChIJPwSOuaqwaVMRsy3e0bjSay0
30103,Treasure County,MT,ChIJA2i1s4mIN1MRy1tlb22NyCg
30105,Valley County,MT,ChIJkx1f0yQfPVMRdybaMv6V4CQ
30107,Wheatland County,MT,ChIJOYL-XVabRlMR8w87M8OW278
30109,Wibaux County,MT,ChIJ4Y9WgcYRJVMRHL2qRfkET38
30111,Yellowstone County,MT,ChIJQ73Ga4J0SFMRBPZ-37yjMww
31001,Adams County,NE,ChIJaQ9vMlmfmYcRYVYSmz7A-RU
31003,Antelope County,NE,ChIJ_2yQeY2zmocRFHQKP0W835k
31005,Arthur County,NE,ChIJkTTTYBwYd4cRUDUIOeWPxx8
31007,Banner County,NE,ChIJAe5e0BTlb4cRRl6RbfDlVOI
31009,Blaine County,NE,ChIJ5cJKJd08nYcRZ3djDWMawDM
31011,Boone County,NE,ChIJdbMcUSuKmocRzrusCa99tWA
31013,Box Butte County,NE,ChIJQcGEZXbreocRF4F7blRr2U8
31015,Boyd County,NE,ChIJrxLzCpD1hIcRVHxTCvHl4rM
31017,Brown County,NE,ChIJ03AjOE_ggocRoAEvFAMKsYg
31019,Buffalo County,NE,ChIJ1bCXp8BWmYcR2rlMZogkiJw
31021,Burt County,NE,ChIJ2ymZu9wokocRU9GHk6SoDjs
31023,Butler County,NE,ChIJId_NSz_YkIcR9jOVcMh-L1A
31025,Cass County,NE,ChIJQUxLZEAOlIcRfHBCP2mWL-w
31027,Cedar County,NE,ChIJg_Xwv42Nj4cRpY9SIHA7FMo
31029,Chase County,NE,ChIJ_Q5ownc8dIcR0By4_jZM084
31031,Cherry County,NE,ChIJ-6ryQSy3eYcRmlMy7yYHnzg
31033,Cheyenne County,NE,ChIJxfkXJuZNcIcRAoTZFg4IOmY
31035,Clay County,NE,ChIJDdEOjBm2mYcRb3uv56SjLQM
31037,Colfax County,NE,ChIJt3O5GjH8kIcRzHjDMGOwDFw
31039,Cuming County,NE,ChIJZcmBCVOikYcRmaPj1kfe4rw
31041,Custer County,NE,ChIJUScL51pWnIcRGjIAoP831vs
31043,Dakota County,NE,ChIJUThsZqjikYcR-AqcIXaUh24
31045,Dawes County,NE,ChIJI42WwpmEeYcRmD_Sfc11ECg
31047,Dawson County,NE,ChIJZ1vQ_t4snIcRpC5QUxCOeeg
31049,Deuel County,NE,ChIJQ86jOYElcYcRiU2nPU7430c
31051,Dixon County,NE,ChIJnz8ESrySj4cRCt1fhuEBcRw
31053,Dodge County,NE,ChIJlak9O6dNkYcROmoDBYjQsHE
31055,Douglas County,NE,ChIJC0RFNDPik4cR6q2GEvMovcw
31057,Dundy County,NE,ChIJQXgoUk9ddIcR2jbu_XOqWpI
31059,Fillmore County,NE,ChIJacLw4QNwl4cRwYLn-3qRxqg
31061,Franklin County,NE,ChIJyZ5Y7U_ZmIcRb8CJhoxjAJ0
31063,Frontier County,NE,ChIJXbc2sP4VnocRttgWUyA8d-4
31065,Furnas County,NE,ChIJTc441d1VnocR3ARX2LKCW4o
31067,Gage County,NE,ChIJTY5Y3B1klocRN8Vm--9EoCg
31069,Garden County,NE,ChIJTSkxgya7cIcRUuIuxd-FQlc
31071,Garfield County,NE,ChIJVQLBG3tem4cR2A7g7XQxwhI
31073,Gosper County,NE,ChIJDYAqtMSKnocRF7qPOVao5po
31075,Grant County,NE,ChIJaRumo9vgeYcRHu0qS3-nsXY
31077,Greeley County,NE,ChIJjQlzKKSqm4cROuUatolFSvY
31079,Hall County,NE,ChIJAX4VDgGdmYcRcRhlFDWxgtQ
31081,Hamilton County,NE,ChIJ-wPnslbxmYcRKLe7d8qwKfo
31083,Harlan County,NE,ChIJOWDwomfZnocRKcCGec6fG5w
31085,Hayes County,NE,ChIJR4ltlNjAdYcRMWc8ITtoHuI
31087,Hitchcock County,NE,ChIJZzTAraSjdYcR_sbQpevodZU
31089,Holt County,NE,ChIJ5Qu6nrrchIcRYyg2ULnwVqE
31091,Hooker County,NE,ChIJjfwckZwleIcRfcwCQEOhRyg
31093,Howard County,NE,ChIJSW0rvNM0mocRBadObG27AyE
31095,Jefferson County,NE,ChIJox2JQMawl4cRS4OVQvTm3SY
31097,Johnson County,NE,ChIJvVNx4nrSlYcRpdN8VX3_xzk
31099,Kearney County,NE,ChIJFSGfBgUlmYcRut-n11T8C-g
31101,Keith County,NE,ChIJ57Xss9_jdocR8RKCPEFwPzM
31103,Keya Paha County,NE,ChIJwwDYk8isg4cRKxM2enshv6Q
31105,Kimball County,NE,ChIJqTDTu7fab4cRY5ciwYn34x0
31107,Knox County,NE,ChIJ9UBwFSWOj4cRfT2nzB1V8WQ
31109,Lancaster County,NE,ChIJBdssjYmUlocR1ZV20RKqO90
31111,Lincoln County,NE,ChIJw4zfwTwWdocRJDfy6guOB28
31113,Logan County,NE,ChIJ4-QiuFx5nYcRxF73urhDC3U
31115,Loup County,NE,ChIJH_njez28nIcRC4H41hLyns0
31117,McPherson County,NE,ChIJkXXDelq5d4cRpBKZQyKmeD8
31119,Madison County,NE,ChIJj1SKBcFtkIcRx9yzHisigIA
31121,Merrick County,NE,ChIJM1oz-fIEmocRb0zPHxZJN4c
31123,Morrill County,NE,ChIJqaIV1Vh6cIcR0C-_lRfKAtA
31125,Nance County,NE,ChIJ9duHx6JxmocRauSWHLgIVao
31127,Nemaha County,NE,ChIJvdOoCoeplYcR5tyDIn_UYzc
31129,Nuckolls County,NE,ChIJLbg3fYs2mIcR88k6VqecA2w
31131,Otoe County,NE,ChIJschIq1cwlIcRuFRrQDvYaz4
31133,Pawnee County,NE,ChIJz9hlRHvClYcRI28ZW_RuQ4A
31135,Perkins County,NE,ChIJt_RAHZyWdocR21SQAsm4p5k
31137,Phelps County,NE,ChIJTRldU5vDnocRAHJzDF5TG8k
31139,Pierce County,NE,ChIJ85UtqxAQkIcRS2PPXlUn8j0
31141,Platte County,NE,ChIJdfcCSL7ZkIcRr_fKU3bOcvc
31143,Polk County,NE,ChIJNxzIv5mwkIcRVsd2x7BDFUk
31145,Red Willow County,NE,ChIJz4I9sO4unocRAyPKuLP5_IY
31147,Richardson County,NE,ChIJY2Wvd-J0lYcRXPNvT5J5D14
31149,Rock County,NE,ChIJQyYn7fprg4cRgAGrblAVNXs
31151,Saline County,NE,ChIJDyajSd9Al4cRuZwFj8Hu3jU
31153,Sarpy County,NE,ChIJF8HFSLsFlIcR59Ty8ZW9Cd4
31155,Saunders County,NE,ChIJOyWwKDqylocRuXNg68HxtJo
31157,Scotts Bluff County,NE,ChIJlZzhmsUwZYcRw2_TnqzH5zo
31159,Seward County,NE,ChIJ7TK8k5Mnl4cR9df9IR0bDkQ
31161,Sheridan County,NE,ChIJhdGJOzYkeocRPyzL7-pDNiU
31163,Sherman County,NE,ChIJ9_-Ik2Ttm4cRgGactzIaAXY
31165,Sioux County,NE,ChIJCT6gmEoveocR4HvWLfUYVDA
31167,Stanton County,NE,ChIJjRbLQK9OkIcRbSO9BCcZo-A
31169,Thayer County,NE,ChIJ4fj9KyqOl4cR6yGqpUuZoVw
31171,Thomas County,NE,ChIJRxVsuAuNeYcRaYByof_RGCA
31173,Thurston County,NE,ChIJrShy0M76kYcRsKz9rfF7bUo
31175,Valley County,NE,ChIJ68B7HY2Cm4cRbgjxKBUB8Q0
31177,Washington County,NE,ChIJbQYEfuHEk4cR5Ic2VlDx24E
31179,Wayne County,NE,ChIJGXpgL9EskIcRkoP2g2pgMOw
31181,Webster County,NE,ChIJQwxMo91WmIcRU6V8rvEifd0
31183,Wheeler County,NE,ChIJU9iIhKcYm4cRUgK-Cx0nmgM
31185,York County,NE,ChIJLcNMqXhFl4cRl_HkEUbkSb0
32001,Churchill County,NV,ChIJ12R2YqF9ooARvSfwK1_31Ek
32003,Clark County,NV,ChIJHao3aEnWuIAR-DZSqgPUFzM
32005,Douglas County,NV,ChIJl7GtMaPMmYARnw1czsRFRFo
32007,Elko County,NV,ChIJs_aoUQijqIARzzYB-p7ydrY
32009,Esmeralda County,NV,ChIJHbm8ZlGEvoARWBWtzSMz794
32011,Eureka County,NV,ChIJV4y9-w8IpYARXJrxKjRhln4
32013,Humboldt County,NV,ChIJC-bDQcdxoIAR6IYD0nhO0Cs
32015,Lander County,NV,ChIJ7S6Vr9CJo4ARRUTXK4cIvV0
32017,Lincoln County,NV,ChIJMTVl_rKtt4ARpJ3rrrQUCgM
32019,Lyon County,NV,ChIJWRrlR5SSmIARghY0ZET3wl8
32021,Mineral County,NV,ChIJp6leETNpvYARV-sPeNL2COs
32023,Nye County,NV,ChIJJcLL_DeWvoARQyqHFcY2se4
32027,Pershing County,NV,ChIJDYH5waDqoYARpuD7AQL94ug
32029,Storey County,NV,ChIJhaeiwvQbmYAR6_pmeV-ns7c
32031,Washoe County,NV,ChIJ4fdsvIAuo4ARgBhifeuEby4
32033,White Pine County,NV,ChIJT0dsM3dlpYARsqdrf0iJCRQ
32510,Carson City,NV,ChIJcbTe-KEKmYARKDjivYJsnPc
33001,Belknap County,NH,ChIJf2WyB4ozs0wRNRVemyAOedA
33003,Carroll County,NH,ChIJL4j8uf0Ss0wR-WWdErh_dF8
33005,Cheshire County,NH,ChIJ4xjGzvh14YkRtwt0ynXMmnI
33007,Coos County,NH,ChIJIxSuu1kGtEwR3bLpp08_hp4
33009,Grafton County,NH,ChIJzThguhF_s0wRPG8XeyZNifk
33011,Hillsborough County,NH,ChIJFyK5pH0z4okRLFpNBZm3El8
33013,Merrimack County,NH,ChIJr5Mqu9kT4okRpTU0iWQBYWE
33015,Rockingham County,NH,ChIJfbhY9-fx4okRG0Ob6F11-Qw
33017,Strafford County,NH,ChIJ6VJRvkKC4okRDLUGGUHWCNE
33019,Sullivan County,NH,ChIJwVdrFo3y4YkRKsoVaUOl5ag
34001,Atlantic County,NJ,ChIJ1QoSk33fwIkRe269C6wfLcA
34003,Bergen County,NJ,ChIJi82Epg0Aw4kRBYbf88CH42w
34005,Burlington County,NJ,ChIJe3N0AJddwYkRACBgX3eEhqw
34007,Camden County,NJ,ChIJ7VrEU68wwYkRrv6SNMgvyrk
34009,Cape May County,NJ,ChIJh1y-gZKxwIkRn21Sr3qExCU
34011,Cumberland County,NJ,ChIJ1dp_HiUxx4kR9LbwHVK8Vl4
34013,Essex County,NJ,ChIJbeL7NKG8w4kRrh3vCNK0Vck
34015,Gloucester County,NJ,ChIJVVAjAg_XwIkRmC0fZge5sfE
34017,Hudson County,NJ,ChIJ0UrHnkGrw4kRhaap0swA39s
34019,Hunterdon County,NJ,ChIJJ5ltyj6Tw4kRUrGazR0XLgo
34021,Mercer County,NJ,ChIJDX6oD-ZgwYkR7p55mCOiTMo
34023,Middlesex County,NJ,ChIJ4blltancw4kR0ZwQkSoA__s
34025,Monmouth County,NJ,ChIJs-wyjgfPw4kRpyM0wCxA5CQ
34027,Morris County,NJ,ChIJye24g0OWw4kRa6osNwPLVyM
34029,Ocean County,NJ,ChIJh7ZJcChswYkRWgFmCdLUJYw
34031,Passaic County,NJ,ChIJaRba7DIQw4kR1PxZFBmoKZE
34033,Salem County,NJ,ChIJCf2wV9kjx4kR1h2X5UgqTco
34035,Somerset County,NJ,ChIJSU4MpbK_w4kRscwSKQMFq7o
34037,Sussex County,NJ,ChIJw9ucntdww4kRYBHfSAlyyNY
34039,Union County,NJ,ChIJE1ZD4HK6w4kRXelsizO4rG4
34041,Warren County,NJ,ChIJBT-KStmCw4kRT-qWiF6ja1Q
35001,Bernalillo County,NM,ChIJUX79BuYMIocR61XjFX3dWVg
35003,Catron County,NM,ChIJ13tYH0E_J4cRHeWze2DCUFg
35005,Chaves County,NM,ChIJsYIv2gJq4oYRusXulHhzwn8
35006,Cibola County,NM,ChIJu55NKDiGI4cRygyykelguDc
35007,Colfax County,NM,ChIJ9VbYdKe9EIcRu081sf_5jeM
35009,Curry County,NM,ChIJH895Wq8zA4cRmggYePcWJkw
35011,De Baca County,NM,ChIJKX7u2epUHIcRTpi9wgCk9Jk
35013,Doña Ana County,NM,ChIJT2CwBJ493oYRilykcpQvyJA
35015,Eddy County,NM,ChIJi3hqPPmW44YRPVEJo1r5eZw
35017,Grant County,NM,ChIJ678Pt4a72IYR5q6ufQjAkf0
35019,Guadalupe County,NM,ChIJKXn4_EgSHIcRw0MFvRBayDE
35021,Harding County,NM,ChIJOyxQ2mTPGocRG8bb17FphAM
35023,Hidalgo County,NM,ChIJxcpqqxUN2YYRCZLV8w7cpRA
35025,Lea County,NM,ChIJ1VQcCIjN_IYRJ3n8dy7Foig
35027,Lincoln County,NM,ChIJvawgY4TD4YYRAG9ckXRT-Co
35028,Los Alamos County,NM,ChIJF8D-ZnagIocRjlWg9BxeH6k
35029,Luna County,NM,ChIJafRyfC7H3oYRu1PfUUHDyXo
35031,McKinley County,NM,ChIJ9eMG_q01IocRK1VfU_s3GvY
35033,Mora County,NM,ChIJjzJLod0fGocRVVyojk9M3-A
35035,Otero County,NM,ChIJpes6ZYqm4YYR9_BF1GXkUs0
35037,Quay County,NM,ChIJXasEsYJIG4cR_7u9CRsLBrc
35039,Rio Arriba County,NM,ChIJiY5DiCerIocRRwqPk9axzOg
35041,Roosevelt County,NM,ChIJRY-GcTUuHYcRVWuUkJBo3Ok
35043,Sandoval County,NM,ChIJFwSJJh6HIocRhinJKrcOGD8
35045,San Juan County,NM,ChIJD7sZvTIjPYcRJ_GnKTTsve8
35047,San Miguel County,NM,ChIJ68ddJD5sGYcRGc35tQB6jQM
35049,Santa Fe County,NM,ChIJLxb9lBZDGIcR1ads3XuFnHU
35051,Sierra County,NM,ChIJw099PNub34YR_Ex9nElzy3o
35053,Socorro County,NM,ChIJYx6G8IiaIYcRWNkV_xalA-4
35055,Taos County,NM,ChIJTyS6WOXqF4cR_ryb_5qizsU
35057,Torrance County,NM,ChIJX72gHXsmH4cRYu-2mv8-WGc
35059,Union County,NM,ChIJcYOmzHW3GocRzWirj3ySkEA
35061,Valencia County,NM,ChIJ5Q-zIccNIocRBgKeUkqw_Ys
36001,Albany County,NY,ChIJKXDqHfHY3YkR58pus3faMs8
36003,Allegany County,NY,ChIJl33sKYFl14kRyn7CFjkTVKY
36005,Bronx County,NY,ChIJsXxpOlWLwokRd1zxj6dDblU
36007,Broome County,NY,ChIJYY7ptUqE2okRMrKzIsAel3M
36009,Cattaraugus County,NY,ChIJO6mJu_oZ14kRCF72TKld9KM
36011,Cayuga County,NY,ChIJa528W6Mt14kRJO2ESNdcPdM
36013,Chautauqua County,NY,ChIJR4rNe8e10okRD5lYqn0jEmY
36015,Chemung County,NY,ChIJN_Suxcxr0IkR15KGed9wnWM
36017,Chenango County,NY,ChIJcasfkqPc24kRPDrHtwAguxc
36019,Clinton County,NY,ChIJ2-xEH7FLykwRVbXj-KXCvoo
36021,Columbia County,NY,ChIJl0woY2iN3YkRyw5zf5ClcbE
36023,Cortland County,NY,ChIJnbctU8s92okRtpzbyEQ88Mg
36025,Delaware County,NY,ChIJHaU_v-eR0IkRJC99UidDyjQ
36027,Dutchess County,NY,ChIJgXGMHTpq3YkRLcG0JidTOfc
36029,Erie County,NY,ChIJRRlv_BcQ04kRP2qzyO_pHxA
36031,Essex County,NY,ChIJPdIpUsMby0wRAbligGJCi8E
36033,Franklin County,NY,ChIJ3VoMWMufy0wR3CWvgyqxnQ4
36035,Fulton County,NY,ChIJc_gmLYlX3okRE6uNbAYsVtw
36037,Genesee County,NY,ChIJ3cqHwAXx04kRu0vT3slvuDs
36039,Greene County,NY,ChIJ48zRePCr3YkRM5U9kPJWVjs
36041,Hamilton County,NY,ChIJqw6XassX34kRL8fH3AVnIy0
36043,Herkimer County,NY,ChIJyeOziPvA3okRBqScD7E9IDY
36045,Jefferson County,NY,ChIJ6drLKQJz2IkRaphq7_3_fTY
36047,Kings County,NY,ChIJCSF8lBZEwokRhngABHRcdoI
36049,Lewis County,NY,ChIJT1NBzFOW2IkRUnqQPJ55QZc
36051,Livingston County,NY,ChIJ6yynZsJk0YkR63qYbR_jxtU
36053,Madison County,NY,ChIJpYx_UTz82IkRrJ2tqWgCM0w
36055,Monroe County,NY,ChIJXXYP0I-w1okRe6s6YQ1JZnw
36057,Montgomery County,NY,ChIJf3xQTc_03okRRV3UyjW0K5U
36059,Nassau County,NY,ChIJoQxey52xwokRap4G05mKJBs
36061,New York County,NY,ChIJYeZuBI9YwokRjMDs_IEyCwo
36063,Niagara County,NY,ChIJqZePrpqE1IkRdVv2SU7kou0
36065,Oneida County,NY,ChIJJWR0Ie4T2YkRdzyeZzkM84g
36067,Onondaga County,NY,ChIJNf-jRf702YkRWbJ48qyiSrI
36069,Ontario County,NY,ChIJtdPEZaQh0YkREpqKZm_DRpA
36071,Orange County,NY,ChIJC1B7Fc3S3IkRu6ik0rYBvT4
36073,Orleans County,NY,ChIJI8v1oAUR1IkRegR423LqT8E
36075,Oswego County,NY,ChIJORAViijJ2YkRH4R5J2dm7Y0
36077,Otsego County,NY,ChIJdQeeEjnb24kR2aQrdJ3IEGo
36079,Putnam County,NY,ChIJgyl7a4q5wokRpasvaS5bGeo
36081,Queens County,NY,ChIJK1kKR2lDwokRBXtcbIvRCUE
36083,Rensselaer County,NY,ChIJp31xcQUa3okRXeon5LH7SRg
36085,Richmond County,NY,ChIJ59T0ee9FwokReLy6NIUfJ1A
36087,Rockland County,NY,ChIJJ3Ea8crJwokRTmgPSjoWmB8
36089,St. Lawrence County,NY,ChIJV4LyZYEs2okRKcnXBU-m01I
36091,Saratoga County,NY,ChIJ_wmheghF3okRp4CsEEsdMi8
36093,Schenectady County,NY,ChIJl0U8cZtv3okRn7RP-8dPzb8
36095,Schoharie County,NY,ChIJ_RKPRqol3IkRq7xhO-i-9e4
36097,Schuyler County,NY,ChIJPd2Bror00IkRGpapgtRpWnI
36099,Seneca County,NY,ChIJb3YJ9Mu_0IkRI_EdkL1zPc0
36101,Steuben County,NY,ChIJAS8L6mha0IkR5lxwoqXwEXo
36103,Suffolk County,NY,ChIJ1_mbyICu4IkRU18dDUkMxJU
36105,Sullivan County,NY,ChIJa5agu5qk3IkRjM2al0Spf0E
36107,Tioga County,NY,ChIJBzj53KOE2okRjzPEnB155Zc
36109,Tompkins County,NY,ChIJPdZvpB-C0IkRoFN9R7uJuuw
36111,Ulster County,NY,ChIJcYmy32Tn3IkRE4hwyqUfabM
36113,Warren County,NY,ChIJSf07oB--34kREYjvs9siXTw
36115,Washington County,NY,ChIJy-SjZazX34kRx5OKTJZUWJE
36117,Wayne County,NY,ChIJo32hGvsi14kR5YEQkt8dvoA
36119,Westchester County,NY,ChIJr1lrnWrJwokRidu9ImLYDjc
36121,Wyoming County,NY,ChIJkU0Hbc7I04kRc04rCVaSG14
36123,Yates County,NY,ChIJdyUXzDDj0IkRbdlhXnMURkU
37001,Alamance County,NC,ChIJEejT22XdrIkRXe3VUtBoP10
37003,Alexander County,NC,ChIJ7_7QSVVBUYgRvE6z3GwpOeE
37005,Alleghany County,NC,ChIJZZ_SrZmXUYgRsOiX_FP7ifw
37007,Anson County,NC,ChIJPztYy0_wVIgRBsxmm62g0Oo
37009,Ashe County,NC,ChIJn-fwseqsUYgR8RvxLwZRnXU
37011,Avery County,NC,ChIJTWqx_niVUIgRrnE9UvO7JRk
37013,Beaufort County,NC,ChIJc_BuSVlAr4kRWS2OOG_AXOo
37015,Bertie County,NC,ChIJsyygJ8qjr4kRSatld_5G404
37017,Bladen County,NC,ChIJccIvb2BRqokRal4yllnTwCw
37019,Brunswick County,NC,ChIJRUm_0MMMqokRu3oyLeCsVh8
37021,Buncombe County,NC,ChIJ-9Gb3wOJWYgRsNOCvn3hsr0
37023,Burke County,NC,ChIJ47_acZnDUIgR24_bcRbJKZM
37025,Cabarrus County,NC,ChIJQS52QSYOVIgRyU0xSp_Nh24
37027,Caldwell County,NC,ChIJKwl9EFonUYgRuWIhbSPs9FY
37029,Camden County,NC,ChIJiY6fDIZFpYkR3JrR9bikERQ
37031,Carteret County,NC,ChIJQfziqja-qIkRbIxzH9dMsN8
37033,Caswell County,NC,ChIJW_yDQenSUogRjr6L9hHvUds
37035,Catawba County,NC,ChIJ7ZZRkNIpUYgRWMnVq0Wtzus
37037,Chatham County,NC,ChIJeRTEk5O8rIkRZO00mKV_Wdo
37039,Cherokee County,NC,ChIJF8z3vHjZXogRLtyqyJxkhm8
37041,Chowan County,NC,ChIJX6FnPJKMr4kR47lpld3BpxA
37043,Clay County,NC,ChIJrTGG8JbXXogRJ-R2LjJthrA
37045,Cleveland County,NC,ChIJYawGWr8mV4gRpBOKsll_ceA
37047,Columbus County,NC,ChIJOUdLzJv2qokRX8cO2vRXnjA
37049,Craven County,NC,ChIJ8QZsVLgrr4kR6KmhmYdr2TQ
37051,Cumberland County,NC,ChIJS4DZt8Ntq4kR8sv8yWDT8WE
37053,Currituck County,NC,ChIJB-K9Y-Y5pYkRnZUbQ8s_96M
37055,Dare County,NC,ChIJqQa5TrCspYkR5_khkV-5RxY
37057,Davidson County,NC,ChIJxxSc3jDzU4gR49fVAHxpVB4
37059,Davie County,NC,ChIJ2-wh1PDBU4gRSVTP6bC08M8
37061,Duplin County,NC,ChIJL5_vH-3Iq4kRG-c74VBIUfM
37063,Durham County,NC,ChIJLdauxjzprIkRVFeQLhVUJCQ
37065,Edgecombe County,NC,ChIJZXlTeN-ProkR1DhPvi-OrWo
37067,Forsyth County,NC,ChIJOTtetxYIU4gRWkOAllmvnQ8
37069,Franklin County,NC,ChIJHZ3-hJhPrIkRUF44OlrfI3E
37071,Gaston County,NC,ChIJyf9pG3e8VogRlFrxMCkszws
37073,Gates County,NC,ChIJn5ysdU3kr4kRVTj-B4B9V_c
37075,Graham County,NC,ChIJ5wsnkznGXogRXo0Ioaz398M
37077,Granville County,NC,ChIJT_JmVOpLrIkRAz7s02oIzVQ
37079,Greene County,NC,ChIJacvcwG6YrokR2N-xwU_S9Gc
37081,Guilford County,NC,ChIJV_0RAexPU4gR2YH2a6BLjqs
37083,Halifax County,NC,ChIJ78ZlU81urokRxogteWGBj0w
37085,Harnett County,NC,ChIJq5-Sn4CBrIkRgDUvuTGXkmo
37087,Haywood County,NC,ChIJuTvXtFIcWogRJ7zhLH0PH6c
37089,Henderson County,NC,ChIJc3H1qgvqWYgR7t-DAmPVmso
37091,Hertford County,NC,ChIJj-r2sp3Gr4kRSprhtgUOJ74
37093,Hoke County,NC,ChIJq7r1ClpHq4kRqg049_92-S4
37095,Hyde County,NC,ChIJZTZPcVOVpYkRDSpIXg36E04
37097,Iredell County,NC,ChIJmTL1AFJaUYgR4NctXawg6_Q
37099,Jackson County,NC,ChIJazDi-KxsWYgRZSSv-OemMXc
37101,Johnston County,NC,ChIJ-eQJ7XVdrIkR9B3mYwaGaI0
37103,Jones County,NC,ChIJhQiqWiw7qYkRLWMT4kdLpJg
37105,Lee County,NC,ChIJyRxaboyjrIkRBnwNudcpgLA
37107,Lenoir County,NC,ChIJg7rwdzGyrokRZsrPfU_lp9A
37109,Lincoln County,NC,ChIJc5wUNEbJVogRKSpHhqX_RkU
37111,McDowell County,NC,ChIJVZhJBk60UIgRd7v1AlX2MWQ
37113,Macon County,NC,ChIJ1cHGn5syWYgRldAXNNUcdeo
37115,Madison County,NC,ChIJ8ZKyirMkWogR57dr2MbZpPA
37117,Martin County,NC,ChIJs4bgnBYEr4kRmra_at6dGNc
37119,Mecklenburg County,NC,ChIJ5eGZZcmrVogR7cvbvC3B9hk
37121,Mitchell County,NC,ChIJf6yPbRSgUIgRsumprfmSG14
37123,Montgomery County,NC,ChIJeYwxCxK9VIgR_9Xr2vNpcFQ
37125,Moore County,NC,ChIJ3fPMy3dXq4kRYA4A-w9aZZs
37127,Nash County,NC,ChIJ91Cs3qYorIkR8QKN8BT273U
37129,New Hanover County,NC,ChIJD37Q1drtqYkRG8-l0WfWNk8
37131,Northampton County,NC,ChIJiWfXfZU-rokRNKf-MNO76so
37133,Onslow County,NC,ChIJLWtLVQkIqYkRX3OJ2tLpSP4
37135,Orange County,NC,ChIJEejT22XdrIkRPupCdcVJt0k
37137,Pamlico County,NC,ChIJDdz8HHvIqIkR9pMGf5U5rqU
37139,Pasquotank County,NC,ChIJe1M3wSdFpYkR5S0DSitancE
37141,Pender County,NC,ChIJeYHpTuZiqYkR9N2LDwDefB0
37143,Perquimans County,NC,ChIJK_saim5epYkRPEsNtJtBh0I
37145,Person County,NC,ChIJxfp9uW4erYkRn1riVNq3YQQ
37147,Pitt County,NC,ChIJwZ5gU7TBrokRHpsht2IPQP0
37149,Polk County,NC,ChIJhY2KLODfWYgRctyyjgQU9go
37151,Randolph County,NC,ChIJUyobBt9aU4gRRiqcIVee7-E
37153,Richmond County,NC,ChIJFZpwnTTBVIgRYFCxoAaD2VU
37155,Robeson County,NC,ChIJOQR5PdUjq4kROPs4q3gZuFA
37157,Rockingham County,NC,ChIJ2TLLOhLmUogR_sA4vubZLOo
37159,Rowan County,NC,ChIJvytYVVnwU4gRTzQhW7B9FaU
37161,Rutherford County,NC,ChIJJ0LUrq9GV4gR7NjZ74zDNs4
37163,Sampson County,NC,ChIJg4tmT32Yq4kRrtcADOXGc90
37165,Scotland County,NC,ChIJB68Q7zEsq4kR3UDlzkLzD7Y
37167,Stanly County,NC,ChIJbbjihzN5VIgRdk5tT2ljmGI
37169,Stokes County,NC,ChIJ2YKiJ4JWUogRs5iaqQMK-BY
37171,Surry County,NC,ChIJVefPohouUogRS1pjT4xPYyQ
37173,Swain County,NC,ChIJ_YFf71FKWYgRzQgofFiCIL8
37175,Transylvania County,NC,ChIJ34NHIWgdWogR-neWC62htac
37177,Tyrrell County,NC,ChIJCyP_YH52pYkRZDwYp81Y8Ys
37179,Union County,NC,ChIJI1-vQ03NVYgRBcE79fNUpps
37181,Vance County,NC,ChIJKyB7xRu4rYkRqq7koxKW5f0
37183,Wake County,NC,ChIJkz27-syIrIkRLMc1xrVAGqQ
37185,Warren County,NC,ChIJQzOnupjbrYkRwO3NmkFG9vs
37187,Washington County,NC,ChIJCdp6PqN4r4kRQT_FQpzm15U
37189,Watauga County,NC,ChIJh1uS6dfQUIgRNqTWkioG_DI
37191,Wayne County,NC,ChIJq5P4nEIPrIkRvCld_nbaa04
37193,Wilkes County,NC,ChIJJSbZxhULUYgRrDyDy-aeZlk
37195,Wilson County,NC,ChIJyUgyXzcjrIkRV8bXxfbSwFg
37197,Yadkin County,NC,ChIJsRZYfzzZU4gR1l8PxB4UT0k
37199,Yancey County,NC,ChIJs-olvq4DWogRiTpnZW69zN4
38001,Adams County,ND,ChIJPRyG2s8kKVMRZxxUURRfGC8
38003,Barnes County,ND,ChIJaUh8L43rz1IRpPThKkl-2UY
38005,Benson County,ND,ChIJl43ofXhp21IRtU9FKLJvjoQ
38007,Billings County,ND,ChIJbaBVpRHWJVMR-8CoJAEro54
38009,Bottineau County,ND,ChIJe9HAxjyF3lIRUw_nN7Puf-w
38011,Bowman County,ND,ChIJuyHMQdERL1MR3F20cYBtOY0
38013,Burke County,ND,ChIJMw1Ve319IFMRq-C0xwdVVHE
38015,Burleigh County,ND,ChIJv-ar9_x-11IRFz-8B55o-i8
38017,Cass County,ND,ChIJiRfpqd84z1IR5yOk8RV5cvE
38019,Cavalier County,ND,ChIJQ3bIWnoTw1IR6O0fq5G20Rw
38021,Dickey County,ND,ChIJG7oNocDr0VIRqN3g1ii4or4
38023,Divide County,ND,ChIJiRl_Lu-kIVMR4zDlLPFQka0
38025,Dunn County,ND,ChIJj9mZtMhlJlMRq8QOp_oub_Y
38027,Eddy County,ND,ChIJFbu8VgUn21IRa88WAloND8o
38029,Emmons County,ND,ChIJe9LW2xzl1lIR13Gg-Db19k0
38031,Foster County,ND,ChIJGSfjBOXA2lIRiyTtgT-TRrs
38033,Golden Valley County,ND,ChIJGfbisKDHJVMRUXY0RMTwq6Q
38035,Grand Forks County,ND,ChIJ_SCCNQw6xFIR8UhDKjqpxbg
38037,Grant County,ND,ChIJV3t7-XezKVMRJgx_eFjnB34
38039,Griggs County,ND,ChIJ7c0UMb1AxVIR9AAIcaSzWU8
38041,Hettinger County,ND,ChIJDz5AAZXAKFMRJUFcDRvwLJ8
38043,Kidder County,ND,ChIJxRhnTECm0FIRVeSDOyDeGhU
38045,LaMoure County,ND,ChIJl-dO9uTM0VIRD_9ODE4MRz0
38047,Logan County,ND,ChIJS5GPyXUs11IRTuhAYFSwZ7M
38049,McHenry County,ND,ChIJA5IVZdpS2VIRmR3WELkEETw
38051,McIntosh County,ND,ChIJC3mxLlY-0VIRDyDsXNmpLno
38053,McKenzie County,ND,ChIJ-zUjNk2BJlMRNd79YrreYUM
38055,McLean County,ND,ChIJOxfyRweJ2FIRLNjNfgK12-0
38057,Mercer County,ND,ChIJfyuM76eIJ1MRB3Pka_Pv3NU
38059,Morton County,ND,ChIJJ9hlh63k11IR0oAXeMlOQmw
38061,Mountrail County,ND,ChIJMV_YlZLwJlMR1lq_bkvqfOo
38063,Nelson County,ND,ChIJo4SQPEzhxFIRW-TsSA97UB4
38065,Oliver County,ND,ChIJi53J_5ke2FIR0-ZfSEJ3ga0
38067,Pembina County,ND,ChIJZwK17bTuw1IRsR0McL1ybxk
38069,Pierce County,ND,ChIJCdVe7jDz21IRQXkvcQFcZYY
38071,Ramsey County,ND,ChIJB5NIuHOuxFIRjMsd4JsOicM
38073,Ransom County,ND,ChIJjZPnVOz3zlIRyB3K1x9-lKM
38075,Renville County,ND,ChIJuy-QIZUQ31IRu_FJ-uRCv1Q
38077,Richland County,ND,ChIJ1yEb4KDHzlIR0KMRg8-D3Qs
38079,Rolette County,ND,ChIJUwunjPVY3FIRY0dBdCS41uE
38081,Sargent County,ND,ChIJcUtsRPdlzlIR9gOtepj52jw
38083,Sheridan County,ND,ChIJHyoAahWC2VIRi7iL3xlcCn8
38085,Sioux County,ND,ChIJk6LqQdYq1lIR2T699Ee1tTc
38087,Slope County,ND,ChIJmSsw-5hsL1MR0ZZj3NgRsP4
38089,Stark County,ND,ChIJh5IywHQ9JlMR4V8fYK5GMxo
38091,Steele County,ND,ChIJS7AfL9KexVIRfBgJ193M39U
38093,Stutsman County,ND,ChIJxz5_OrJk0FIR1HkZLGWTerE
38095,Towner County,ND,ChIJnczFMyW43FIRzbkXWN-zz3c
38097,Traill County,ND,ChIJVdlPrHHvxVIRAykAgu-4p3k
38099,Walsh County,ND,ChIJccWObhh0xFIRuo_SCe7NIr0
38101,Ward County,ND,ChIJhZqKj-TZ3lIRY47zJyo9QAk
38103,Wells County,ND,ChIJf_pP94lM2lIR7IdDRLEyaJs
38105,Williams County,ND,ChIJYXDpCrgTIVMRwkaae0eL-4Q
39001,Adams County,OH,ChIJtUvMhiPiRogRJX-fMQc2A7c
39003,Allen County,OH,ChIJixlIvmjBPogRsp0DvqcXbj0
39005,Ashland County,OH,ChIJj5OavLv5OYgRsXOyypWcZL8
39007,Ashtabula County,OH,ChIJkVos8EOOMYgRKh344_0-RPE
39009,Athens County,OH,ChIJcdTEU-Q_SIgRIUtDmRhx1gs
39011,Auglaize County,OH,ChIJ78plQMf-PogR8DtVoy1gqWM
39013,Belmont County,OH,ChIJo3bZwnhyNogRkv3G0nO-w5k
39015,Brown County,OH,ChIJY3z-ke8WQYgRj0nWktQdwE8
39017,Butler County,OH,ChIJ0z2oQpSKQIgR-S814rYmYxA
39019,Carroll County,OH,ChIJXbk1oTTqNogRmAqr9LXGxFs
39021,Champaign County,OH,ChIJC8IC-rZIP4gR_Zv8phR2YtE
39023,Clark County,OH,ChIJpymlUZVoP4gRrQ5QLFH92f0
39025,Clermont County,OH,ChIJt9jjIbHkQIgR3qqTM-ZfhiQ
39027,Clinton County,OH,ChIJdWjql3nbQIgReJiV8Eah71Q
39029,Columbiana County,OH,ChIJ3fAeJFypNogRWJ38J0OrjS0
39031,Coshocton County,OH,ChIJrWyN8FqZN4gRnn_0K5zaFnE
39033,Crawford County,OH,ChIJn6s3eqydOYgR-xZdtX4vIRo
39035,Cuyahoga County,OH,ChIJi7Vw1sX5MIgRatMgBe159Z8
39037,Darke County,OH,ChIJV1_qdteMP4gRRvePHnv11SA
39039,Defiance County,OH,ChIJ0Y8rzuvOPYgR546AmTiEXPI
39041,Delaware County,OH,ChIJb2rKZbPzOIgR7GrASazjwOs
39043,Erie County,OH,ChIJ463rPBdsOogRjV2mOxviDlE
39045,Fairfield County,OH,ChIJnX5FmMp5OIgRmU4ZHteYjcc
39047,Fayette County,OH,ChIJlQ118L5XR4gRiJ45tcDr5ag
39049,Franklin County,OH,ChIJcd6QucGJOIgR3zgRtZz7NcQ
39051,Fulton County,OH,ChIJ75S1KR9DPIgRrJ3FQ6c5hH8
39053,Gallia County,OH,ChIJx_k2ZnkkRogRQdzlr2BoT18
39055,Geauga County,OH,ChIJGabhzyF0MYgRqC5iIXYeV58
39057,Greene County,OH,ChIJncWRYq2iQIgRMygrj391U5E
39059,Guernsey County,OH,ChIJrRasXTtLNogRKR-NK5vzbnA
39061,Hamilton County,OH,ChIJ1808oWhQQIgRMC9c5Ml8hMo
39063,Hancock County,OH,ChIJ9yKiYvEBPIgRijLNAo7D4AU
39065,Hardin County,OH,ChIJR2bcShJJOYgRmHK1GN1OfB4
39067,Harrison County,OH,ChIJFc45Mf5fNogRSSi6j-nHsaw
39069,Henry County,OH,ChIJp4lWU8sRPIgRdSISDNkT1Xk
39071,Highland County,OH,ChIJqT-RiXIsR4gRRGeS1gKU_Rw
39073,Hocking County,OH,ChIJ6Wv-Jl_pR4gRpNryfNrSX6I
39075,Holmes County,OH,ChIJeW0lzN1uN4gRjho7zqb39NY
39077,Huron County,OH,ChIJ-7hsWkYXOogRbH5ZSSjxWOE
39079,Jackson County,OH,ChIJ95U8KMg3RogR7UljQ6BNuUI
39081,Jefferson County,OH,ChIJffmbCXmCNogRsrLtYfw6xjg
39083,Knox County,OH,ChIJ-VbSQ0YyOIgR6X3J5869aNM
39085,Lake County,OH,ChIJ9xG5fwOfMYgRziQls9EtBAU
39087,Lawrence County,OH,ChIJL8-Bnd0SRogRXCoD_Umaers
39089,Licking County,OH,ChIJwUDdDlAROIgRiqqIpjig4MU
39091,Logan County,OH,ChIJX7NN0yUpP4gRLMF9qtuH1JA
39093,Lorain County,OH,ChIJv5LVh5PJMIgRH_mRsbjXjmQ
39095,Lucas County,OH,ChIJS5kUC-SAO4gRIxIketBtTLY
39097,Madison County,OH,ChIJG3f6cXivOIgRHco5KGUCnhg
39099,Mahoning County,OH,ChIJgSEsH1rhM4gRXQJ4iMi3Eck
39101,Marion County,OH,ChIJC_IiYCEaOYgRXe0hQYPl4BM
39103,Medina County,OH,ChIJ9aO4mg-6MIgREyfjrtzMcJI
39105,Meigs County,OH,ChIJGzBPQjt9SIgRc3EXIC2hBEU
39107,Mercer County,OH,ChIJNWZwoBVTPogRJ3vbJqog7GY
39109,Miami County,OH,ChIJqTBfdzh2P4gRtqorsGsbAjs
39111,Monroe County,OH,ChIJa3J8R0gcNogRmk2FwQNDIl0
39113,Montgomery County,OH,ChIJcc4RhY9iQIgRFxRmOJXb_kk
39115,Morgan County,OH,ChIJQ52FcDHfN4gRLneenewnWzo
39117,Morrow County,OH,ChIJUwQ_-ye7OYgRQhinYgfhfG8
39119,Muskingum County,OH,ChIJl-QPfivvN4gRE7Zdv2llvM8
39121,Noble County,OH,ChIJkYjW-JgsNogR66t2N2aeNfw
39123,Ottawa County,OH,ChIJqY126Be7O4gRBWTAe5oqb2c
39125,Paulding County,OH,ChIJ_wR9IvLWPYgR5H0LNgPxtyg
39127,Perry County,OH,ChIJqyJuQTQIOIgRDTUBHM3cBOY
39129,Pickaway County,OH,ChIJD-qOANyBOIgRgTUvoniknd8
39131,Pike County,OH,ChIJnSr6YeHjRogR77ailw4sWxY
39133,Portage County,OH,ChIJBz2PypxDMYgRIXEicUxlHgI
39135,Preble County,OH,ChIJkxURoYyJP4gRVeQzzS6OIlQ
39137,Putnam County,OH,ChIJKWpa0KSFPogRRIfCBQeiYZ0
39139,Richland County,OH,ChIJsfd3g5DrOYgRGqkWzX7u4SQ
39141,Ross County,OH,ChIJmWFvKN8PR4gRYbk-miUw4mE
39143,Sandusky County,OH,ChIJ3dU--_DJO4gRgzQdUZsDr2w
39145,Scioto County,OH,ChIJrTZUBBTzRogRysAD18_JiYw
39147,Seneca County,OH,ChIJ8wLepMXRO4gRMzP6DUxVS1A
39149,Shelby County,OH,ChIJse_tNiIJP4gRvxmlAxRUueM
39151,Stark County,OH,ChIJGXvF_is9N4gRTUq22ZuY1S4
39153,Summit County,OH,ChIJ78mtsLLUNogR7OHKeZgJcSM
39155,Trumbull County,OH,ChIJwYi7FNZhMYgRCExqoGgyCbU
39157,Tuscarawas County,OH,ChIJX75qi5EFN4gRDg7GQPSxw1U
39159,Union County,OH,ChIJGeScSMrEOIgRJDVIUgtzi1w
39161,Van Wert County,OH,ChIJ_atMe_xpPogRyVldhZE1Dyw
39163,Vinton County,OH,ChIJkULPwv3GR4gRzUsE_eJj9Ec
39165,Warren County,OH,ChIJQcLNcG76QIgR1Nznyf8frn8
39167,Washington County,OH,ChIJPZK7OCfVSYgRUMHi-4o2qE4
39169,Wayne County,OH,ChIJF9rRxHg6N4gRmsRPLM5hnhQ
39171,Williams County,OH,ChIJj0R7pU65PYgRDQOoVcQUAY8
39173,Wood County,OH,ChIJFZ4zCj11PIgRTujUVcxp6BY
39175,Wyandot County,OH,ChIJLSjq3DFEOYgRUmCEnLRKoHg
40001,Adair County,OK,ChIJlRppf_DzyYcR_5mpr40bCLo
40003,Alfalfa County,OK,ChIJwVm8hCyfr4cRSNHsN0GoPb4
40005,Atoka County,OK,ChIJr0XdUGTMtIcR8vowQ9VrSpQ
40007,Beaver County,OK,ChIJ-4doC2IMqIcRDTnuxbIXx74
40009,Beckham County,OK,ChIJLUjFYmvEq4cRKuYrRbFLFY0
40011,Blaine County,OK,ChIJ3xfqKxqKrocR9OcaCMnfXeo
40013,Bryan County,OK,ChIJu5EEKQRpS4YR9JFUq8Ssssk
40015,Caddo County,OK,ChIJIeigxfS2rYcRGuTgfmmOaZI
40017,Canadian County,OK,ChIJGTv_tf77rYcRfjaRmrfYG4w
40019,Carter County,OK,ChIJbfrolArWTIYR9hkZTr7dcBU
40021,Cherokee County,OK,ChIJDcj5xp_9yYcRwL7KFQv4F5c
40023,Choctaw County,OK,ChIJZe93bkYoS4YRS7P7ZEhuXZk
40025,Cimarron County,OK,ChIJ1feMHp9nD4cRyNSg-UwML-w
40027,Cleveland County,OK,ChIJ5-6Tf7ZjsocRiqZ1O_0Y_7M
40029,Coal County,OK,ChIJa5uAFzGktIcRKdv4uD36tKM
40031,Comanche County,OK,ChIJYV7Q_scfrYcRMeMxdXChq5c
40033,Cotton County,OK,ChIJyWomazIsrYcRYj75lbVKOXE
40035,Craig County,OK,ChIJF5K25vXat4cR5hsFxNEt5Ho
40037,Creek County,OK,ChIJwS6Zuu5MsYcRn47oPbYfeHE
40039,Custer County,OK,ChIJiZAlZiOgrocRftg_DsokgP8
40041,Delaware County,OK,ChIJSySPkwjMyYcRg5Aw_xbBQpU
40043,Dewey County,OK,ChIJ4VcKzfTIrocRjeGl0NEBXiY
40045,Ellis County,OK,ChIJV5SpWuz9qIcRwbptrCZUpmA
40047,Garfield County,OK,ChIJMTy_kHcqsIcRZ4Km0xppS8Y
40049,Garvin County,OK,ChIJI3XV_rDosocRu_N24QgZlN4
40051,Grady County,OK,ChIJ5eI0TciFrYcRbhaZtyidW-4
40053,Grant County,OK,ChIJo7LwotPjr4cRqZuSpsMLk6w
40055,Greer County,OK,ChIJPW9uxMOYq4cR5XCzRa3N20Q
40057,Harmon County,OK,ChIJB-e-kh4Bq4cRHZzG4neYzU0
40059,Harper County,OK,ChIJYfnNe4SHqIcRLMPYa0Ob84M
40061,Haskell County,OK,ChIJDfUC1hGgtYcRwEDRfK4msh0
40063,Hughes County,OK,ChIJpW7XWnz2tIcR-ZcKbnbvZco
40065,Jackson County,OK,ChIJEUhXdZFuq4cRGoo_5uFOIpk
40067,Jefferson County,OK,ChIJRcUZHkCvUoYRyjGW0KmT4gs
40069,Johnston County,OK,ChIJbzk_kulFs4cR_wQKiECmnvs
40071,Kay County,OK,ChIJI1ij6DxgsIcRIgMHtwDM9Qc
40073,Kingfisher County,OK,ChIJ7QoG4bz8sYcRcdDKBnIMIhk
40075,Kiowa County,OK,ChIJ--OyemBlrIcRAoZm93AMwg4
40077,Latimer County,OK,ChIJAyTRk2lntYcRxUM582nmWUg
40079,Le Flore County,OK,ChIJ74ZJou-QyocR6GcQFCtSr0A
40081,Lincoln County,OK,ChIJGw9HeMVisYcRmgeIW6EsWdk
40083,Logan County,OK,ChIJX8RP2B3usYcRsUWXJps7ZQ0
40085,Love County,OK,ChIJwzpCM1kjTYYRfkM-abot4G0
40087,McClain County,OK,ChIJ0VOZZDhmsocRUskiPz63l6w
40089,McCurtain County,OK,ChIJyQ8XsMM1NYYRmlsaCmJ6SuM
40091,McIntosh County,OK,ChIJRwkntfy5tYcRZbzRrIKDWwM
40093,Major County,OK,ChIJJ8wsowICr4cRSF7u6o1grYM
40095,Marshall County,OK,ChIJ-zpIFI-_TIYRgtcUyGj1W2g
40097,Mayes County,OK,ChIJLcVwZEMptocRY6IjSqaG7DU
40099,Murray County,OK,ChIJ83dxZ6gns4cRWKOHYNw7pQw
40101,Muskogee County,OK,ChIJZ8N6DF_CtYcR3u2Ebp7YkUc
40103,Noble County,OK,ChIJD0Y1BY6ssYcRGpRhhZH8Nj8
40105,Nowata County,OK,ChIJMwgUREKit4cRCav7-VlE4Xs
40107,Okfuskee County,OK,ChIJq45SY1ULtIcR3mRHRM_vDsA
40109,Oklahoma County,OK,ChIJXSnUOq51socRzM5aZGuXVb4
40111,Okmulgee County,OK,ChIJTVIgJkcltIcRKluvVGJqiMU
40113,Osage County,OK,ChIJr5OtE064tocRfLpml5zxdxY
40115,Ottawa County,OK,ChIJz2ZYPOo8yIcR3k9p59t5lbk
40117,Pawnee County,OK,ChIJeRfAb60ZsYcRKFra90UrzCM
40119,Payne County,OK,ChIJBe9ISqAKsYcRkC4pNjZuaUA
40121,Pittsburg County,OK,ChIJhXlKRKP7tIcRbK20w4bW5ag
40123,Pontotoc County,OK,ChIJp2uVR-BZs4cRi7Hz773KmrE
40125,Pottawatomie County,OK,ChIJ2-ex9iCus4cR9GOjIUFWWGU
40127,Pushmataha County,OK,ChIJrUXe9u1MtYcRkN4RyzWmfJ4
40129,Roger Mills County,OK,ChIJKY27sV9vqYcR23zLx5HXIac
40131,Rogers County,OK,ChIJgb79-CuKtocRS7ssGzouOy8
40133,Seminole County,OK,ChIJhyP2nNKbs4cRRjglNaXxyzc
40135,Sequoyah County,OK,ChIJN75VWbIUyocR8A7_lTQXk78
40137,Stephens County,OK,ChIJv4O7ReJZrYcRdStgNabEhIM
40139,Texas County,OK,ChIJqSbg8RwpBocRBYffyhCKJ9k
40141,Tillman County,OK,ChIJWaYpiIq5rIcRldbksUh7YOE
40143,Tulsa County,OK,ChIJscN-NimKtocROGrbT2c3uEM
40145,Wagoner County,OK,ChIJ7z_Da9r6tYcRiAHPGYWEjtQ
40147,Washington County,OK,ChIJcTFAYFERt4cRMi-KzHlh1FU
40149,Washita County,OK,ChIJBeqP9Q8RrIcRh-XgaGnSsJE
40151,Woods County,OK,ChIJhWC7iwNBr4cRnq_Mne_RGNI
40153,Woodward County,OK,ChIJVYXFH_DJqIcRwoZIkLj1r5Y
41001,Baker County,OR,ChIJQcXSdRjypFQR_8-6lgXCOv8
41003,Benton County,OR,ChIJy0LtZMW1wVQRlXp7J0JQ3QQ
41005,Clackamas County,OR,ChIJF-_FOL18lVQRronWZ3yQJWU
41007,Clatsop County,OR,ChIJtbtcEejBlFQRG6MbPy7COFE
41009,Columbia County,OR,ChIJ-x6KRu0DlVQRQtaUqbqKMwE
41011,Coos County,OR,ChIJ2X5KEHjmw1QRNE0TUBWvU8s
41013,Crook County,OR,ChIJjWNFiwdCuVQR-gtGk8vzkvc
41015,Curry County,OR,ChIJB3QJGv8txVQR6PPF_zzVDlM
41017,Deschutes County,OR,ChIJp0VDGr7OuFQRbdPVeMx3Xq8
41019,Douglas County,OR,ChIJleaDxkldx1QReL6_jXzgyck
41021,Gilliam County,OR,ChIJBzntiuxTvFQR38__TVHOP1k
41023,Grant County,OR,ChIJIeT5UANWo1QRP9XQxVzdhMM
41025,Harney County,OR,ChIJowa518xot1QRf-rT-zcq6M8
41027,Hood River County,OR,ChIJsWjW1K3wlVQR5fjyVC-CxKE
41029,Jackson County,OR,ChIJx9QCzFWkxVQRMl82d3kBGPk
41031,Jefferson County,OR,ChIJaQFOkJzuvlQRAlx8mi4opdA
41033,Josephine County,OR,ChIJ0dBRMiNmxVQRh6kezpY0p7c
41035,Klamath County,OR,ChIJj3VEPjdlyFQRxmjVMeM-SLs
41037,Lake County,OR,ChIJCSWYD6kpyFQR4ji6jagOqNo
41039,Lane County,OR,ChIJ54PkOBZdx1QRR5QcWYeUMr8
41041,Lincoln County,OR,ChIJl-1salwrwFQR9iBAFeFKzKU
41043,Linn County,OR,ChIJi17E_iOJwFQRg2Wq4e_Sp_8
41045,Malheur County,OR,ChIJK5kYDtLJsVQRc8rm6TYG8rc
41047,Marion County,OR,ChIJG7aEsg7ov1QRW75E6RzxTbY
41049,Morrow County,OR,ChIJ7Z7p6LslvVQR1an8u0o1Cn0
41051,Multnomah County,OR,ChIJsbYckviDlVQR6bqXj-gieh8
41053,Polk County,OR,ChIJDc6b_4MbwFQRMHsHujCZdlQ
41055,Sherman County,OR,ChIJtSLC5oeVvVQRVp1ajF7fzNw
41057,Tillamook County,OR,ChIJ8bXpy4PU6lQRvuScRL2iKEI
41059,Umatilla County,OR,ChIJH9nKdK4_o1QRT3LmQUQrLkM
41061,Union County,OR,ChIJSfvg7elvo1QRKTzWjGu1Tsg
41063,Wallowa County,OR,ChIJ0zoBXc7io1QRxxMh7SjK9HM
41065,Wasco County,OR,ChIJnzSoLY9tvlQRIU8hwhGtsnk
41067,Washington County,OR,ChIJ58L9WshnlVQRK_Ybl-Gu9TM
41069,Wheeler County,OR,ChIJwb4hCopQuVQRLHP-Lxtu35M
41071,Yamhill County,OR,ChIJ38wjXU1KlVQRnXojmjNOBBE
42001,Adams County,PA,ChIJCWVbo3AByYkRHNZRi5Q0HDM
42003,Allegheny County,PA,ChIJu-PIH-y5NIgRVFV1McCaCyw
42005,Armstrong County,PA,ChIJN24had-uNIgRRpYHLSr3gkI
42007,Beaver County,PA,ChIJc9SPnLtkNIgRaAlAsfNQ0kI
42009,Bedford County,PA,ChIJpbAqD2W1y4kRCRX8IMHzyB0
42011,Berks County,PA,ChIJDeYOtrt0xokRZSWVYWC06gU
42013,Blair County,PA,ChIJNVhk9IGQy4kRLiloHZ-z5yo
42015,Bradford County,PA,ChIJG4CminDdz4kR1wvCaCC4BFY
42017,Bucks County,PA,ChIJHw5nt85GxIkRE6dc-_7kG54
42019,Butler County,PA,ChIJcazBLKGBNIgRAGDLAloVTxI
42021,Cambria County,PA,ChIJywJ-44oRy4kRmjN2hZffyLM
42023,Cameron County,PA,ChIJtw7i2yJKzIkREugJ1vDtk7U
42025,Carbon County,PA,ChIJUclpSMyxxYkReO80rzNlIyE
42027,Centre County,PA,ChIJGag74PqazokRAZZDKnhbMOk
42029,Chester County,PA,ChIJ_w4lRiZdxokRjwDbOR-3-YE
42031,Clarion County,PA,ChIJcUFYhLk2M4gRiTuqqefh1Xs
42033,Clearfield County,PA,ChIJjxFfEZA7zIkRJad31RHS2gI
42035,Clinton County,PA,ChIJBROUhdXzzokR7zH7DI2Ir0w
42037,Columbia County,PA,ChIJ6zqpgHSSxYkRRlRcTP_lFMs
42039,Crawford County,PA,ChIJ77-zniLxMogR2Jig13l5jIE
42041,Cumberland County,PA,ChIJgWYAHnYeyYkR4YrBSt8OEcs
42043,Dauphin County,PA,ChIJVdIHI9KzyIkRmZL4uXjXGU8
42045,Delaware County,PA,ChIJM-XEj6nuxokR4Dx2JFH4Zho
42047,Elk County,PA,ChIJc3Z7NJQfzYkRFW7yim4li9c
42049,Erie County,PA,ChIJRfAkQGh-LYgRRPHJjU87Btg
42051,Fayette County,PA,ChIJX-pxiaglNYgR_FhaoTWLu3c
42053,Forest County,PA,ChIJZ7GqK_oszYkRy9BB_mC0I4A
42055,Franklin County,PA,ChIJE_5gURaSyYkRJMfgHeqy6S8
42057,Fulton County,PA,ChIJF88rDvozyokRqgjs0ttEA30
42059,Greene County,PA,ChIJfblbgYyjNYgRlxbyOee8jhc
42061,Huntingdon County,PA,ChIJ_410m0xfyYkR9kl0FbiyrIY
42063,Indiana County,PA,ChIJVQHtdMRBy4kRWBdHCi1ccYc
42065,Jefferson County,PA,ChIJG0U4It3pzIkRm_wUxTgIM5g
42067,Juniata County,PA,ChIJ9wRa4SQwyYkRI8aIsee8li0
42069,Lackawanna County,PA,ChIJQQnWl8zexIkRwk5WVw0I5PQ
42071,Lancaster County,PA,ChIJnRLnFlAfxokR1p1HPfkfGoU
42073,Lawrence County,PA,ChIJY5Nx-piPM4gRCOxn0EWLcLI
42075,Lebanon County,PA,ChIJTzE9mhMExokRR7kA6ViDfbU
42077,Lehigh County,PA,ChIJLXl6Rn8_xIkRIi_FV_0CMTQ
42079,Luzerne County,PA,ChIJT8UL4YF0xYkRY-bZsVwaZh4
42081,Lycoming County,PA,ChIJOZ1ZQsqbz4kRQYbuLs1kpRw
42083,McKean County,PA,ChIJXWzIq8TBzYkRpK8OyuDlIi8
42085,Mercer County,PA,ChIJWR-U5keaM4gRN4aNuwmCPOw
42087,Mifflin County,PA,ChIJKzBQTf7KzokRJVris7sYWtM
42089,Monroe County,PA,ChIJo1Dq5_-NxIkRf4gUnFVPgUI
42091,Montgomery County,PA,ChIJ6yayVjmcxokRvV1Q-SKqC0s
42093,Montour County,PA,ChIJgTHtyUJwz4kRXELxvBdMJSc
42095,Northampton County,PA,ChIJexs0vPAWxIkRlPV5q6zFZ1o
42097,Northumberland County,PA,ChIJ_UQbDZHxxYkRTDyVzHC7xKc
42099,Perry County,PA,ChIJEVeDPppMz4kR7n9D3idtSGo
42101,Philadelphia County,PA,ChIJ60u11Ni3xokRwVg-jNgU9Yk
42103,Pike County,PA,ChIJXQMzOISixIkRNmmWbNFqb2w
42105,Potter County,PA,ChIJYUDex5jnzYkRV-hIg0hwTPA
42107,Schuylkill County,PA,ChIJ7Wj6403lxYkRMXYTV48IeO0
42109,Snyder County,PA,ChIJ68-JifXezokRiBp2TDjLiwc
42111,Somerset County,PA,ChIJgdh-OOUhy4kREVuJqQFE6Ds
42113,Sullivan County,PA,ChIJperP-JuSz4kRor_V6jnNZIM
42115,Susquehanna County,PA,ChIJYwlwWhzV2okRAiKwREhhcHc
42117,Tioga County,PA,ChIJd85TSUDTz4kRJSzXCjbvjiA
42119,Union County,PA,ChIJhaFiTzz8zokR95mBSyWHYhk
42121,Venango County,PA,ChIJ99etDuUszYkRo9IBMTyZf8o
42123,Warren County,PA,ChIJzzfkDrg2zYkRpcTR2iV5Sbk
42125,Washington County,PA,ChIJ77mzXIhUNIgRLeIAh52V2HI
42127,Wayne County,PA,ChIJi2kzXE6xxIkR6haLl-5Z1KY
42129,Westmoreland County,PA,ChIJkyU4jg3JNIgRMgKKqj4XSz0
42131,Wyoming County,PA,ChIJGbuKoyxaxYkRI_PJrM3FqZg
42133,York County,PA,ChIJ0d0uysfzyIkRfznnnLSl6k8
44001,Bristol County,RI,ChIJwXTrhAdU5IkRCLw8N19dfkk
44003,Kent County,RI,ChIJ43LtkkK15YkRYi2PFlg8jwA
44005,Newport County,RI,ChIJqa-n8rql5YkRXmvba3sNMdY
44007,Providence County,RI,ChIJtUdvanpH5IkRYcTtx_6GVAo
44009,Washington County,RI,ChIJxbKLtNTB5YkR5UzSIqFkN_8
45001,Abbeville County,SC,ChIJtfI0kxgOWIgRdzQwYzBDJkg
45003,Aiken County,SC,ChIJEdRzD5dO-IgR3ODSj18kOU0
45005,Allendale County,SC,ChIJj4_HKPhz-YgRZjyFGn0YytE
45007,Anderson County,SC,ChIJyXPVhcVrWIgR0qZwGD4Fq_c
45009,Bamberg County,SC,ChIJF1IvRK8w-YgRUQ89POGazO8
45011,Barnwell County,SC,ChIJbRrY8oMJ-YgRWD-NeZmvKuI
45013,Beaufort County,SC,ChIJIa_B2gED_IgRGybFWTUAgaQ
45015,Berkeley County,SC,ChIJi0GL-8ha_ogR-oqDVfSASpQ
45017,Calhoun County,SC,ChIJaUwlFZs0_4gRfDZC3zpDLJs
45019,Charleston County,SC,ChIJc85eBBlg_ogRoqwsxzlsW3g
45021,Cherokee County,SC,ChIJD8GzReYBV4gRmQiSCVJj5xE
45023,Chester County,SC,ChIJTQ-Iz69CVogR6M5mqv4v6TQ
45025,Chesterfield County,SC,ChIJ58Jyk_ahVYgRq1_KRxIFuK4
45027,Clarendon County,SC,ChIJbfcrp9wN_4gRQqAkOo91jWA
45029,Colleton County,SC,ChIJ7zYWUVqv_ogRoX_rLqU39w4
45031,Darlington County,SC,ChIJ_4pQS8FgVYgR7gpZHXQFvVw
45033,Dillon County,SC,ChIJz5oX25XKqokRdZPkg_gyOOM
45035,Dorchester County,SC,ChIJjW5cpcaL_ogRwRoybbsoZtc
45037,Edgefield County,SC,ChIJ44eCXM1H-IgRlhVqbrUDvsg
45039,Fairfield County,SC,ChIJg3TpYTEaVogR7_-AHbwnl9A
45041,Florence County,SC,ChIJpT2PxQOK_4gR8Uwi8XLEnsA
45043,Georgetown County,SC,ChIJe4TinDsoAIkRTg5TEkAlSpM
45045,Greenville County,SC,ChIJl0X2CawfWIgR0CISPLCUc9c
45047,Greenwood County,SC,ChIJpWeneMoB-IgRZ0_GmJgNii0
45049,Hampton County,SC,ChIJZbUjX49Y-YgR3LlGI3QfgqU
45051,Horry County,SC,ChIJF9M2QzgOAIkRgSGtcbNW9Ig
45053,Jasper County,SC,ChIJyXEoeS6T-4gRnI4OR2ugugE
45055,Kershaw County,SC,ChIJNdUjjL39VYgRvuYatGROM8E
45057,Lancaster County,SC,ChIJ5Us1_6l5VogRwAv8AhemIDo
45059,Laurens County,SC,ChIJsVSrCdXbV4gRGAZxDApsS00
45061,Lee County,SC,ChIJb147SSuAVYgRwB_gDeNmzFg
45063,Lexington County,SC,ChIJsXt2IvW_-IgRKxYj9Ycjs-w
45065,McCormick County,SC,ChIJmXqUM0qL94gRu0AQZlA3cJw
45067,Marion County,SC,ChIJBWr5ZBytqokRdytivQTZkWc
45069,Marlboro County,SC,ChIJ8Wf9tac9VYgR4mtmZwskh4Q
45071,Newberry County,SC,ChIJUdsGeYf_V4gR5Ws7BcpfzZM
45073,Oconee County,SC,ChIJbTofJkAEWIgRitYlFQKS-tc
45075,Orangeburg County,SC,ChIJ-Qwj_6yy_ogRqFP_XPdkzt8
45077,Pickens County,SC,ChIJQ69iVLE3WIgRqgONoUs01Dk
45079,Richland County,SC,ChIJOxu60MdK_4gRQqZb8Meu5LU
45081,Saluda County,SC,ChIJfUPJwt1u-IgRuNIAB8s29r4
45083,Spartanburg County,SC,ChIJ6y3Vm6TcV4gRpCwDdX-rwEQ
45085,Sumter County,SC,ChIJGVecGOVC_4gRX51Z2hQH5yU
45087,Union County,SC,ChIJPcDIWK21V4gR9taebAb-elo
45089,Williamsburg County,SC,ChIJ5QiuSiTE_4gRxqdKzrgBfKg
45091,York County,SC,ChIJCTP662GLVogRaveZ2tpGams
46003,Aurora County,SD,ChIJbW9rZfuLhocRt9ecNXnAJ1s
46005,Beadle County,SD,ChIJxwiam1Kfh4cR_nN7xfA9ogo
46007,Bennett County,SD,ChIJnz17p8zKfocRp4gN3M9T3uE
46009,Bon Homme County,SD,ChIJz8fJqt2whYcREmD0Q2oqFus
46011,Brookings County,SD,ChIJA5I0hW0CiYcR4JrzYMjb9vc
46013,Brown County,SD,ChIJw7pPTdVb0lIRTkBW6h6NbiM
46015,Brule County,SD,ChIJN43-a7qChocR-ybqr3VD1M8
46017,Buffalo County,SD,ChIJr-zIhUvUgIcRzqx480cx_L4
46019,Butte County,SD,ChIJO-eMmY-ZLVMRyfRfDTkoNGo
46021,Campbell County,SD,ChIJa73yTNOm1lIR0ivdehCirfU
46023,Charles Mix County,SD,ChIJ6-EFcQo0hIcRUXzFUhZJAeA
46025,Clark County,SD,ChIJez6NfuhWzVIRoICS3Dc56XA
46027,Clay County,SD,ChIJ-cDvQaiCj4cRgqayNnIF_SY
46029,Codington County,SD,ChIJoYmkWAEmzVIRnOjUHFacp9I
46031,Corson County,SD,ChIJbwgWTsKUKVMRKWioFie1a8E
46033,Custer County,SD,ChIJ6RNJYUbbfIcR1JQ5XDGOcGU
46035,Davison County,SD,ChIJTejnfVxBhocR1lFvMcAFdmc
46037,Day County,SD,ChIJtVm6NaqhzVIRL4CqK2C502Q
46039,Deuel County,SD,ChIJr25ZsTvhiYcRVA_MeSBEe8c
46041,Dewey County,SD,ChIJ745MDUmKKlMR9TQgRklTFIQ
46043,Douglas County,SD,ChIJA4WFJhfOhYcRkCcKCyaPkG4
46045,Edmunds County,SD,ChIJ7Ynk9RWQ01IRz5XjjlYaMg0
46047,Fall River County,SD,ChIJT9dQ6UkUfYcRFqzObMw08C8
46049,Faulk County,SD,ChIJxSuunq9s01IRZQ9na7IyjE4
46051,Grant County,SD,ChIJOfN2inLrzFIRSUzwiZJ1vqY
46053,Gregory County,SD,ChIJ_WoAMoc7hIcR28AeJksyi7c
46055,Haakon County,SD,ChIJg8LeOXoxfocRfpzMguAZbpU
46057,Hamlin County,SD,ChIJXXXf0uMuiIcRHJ4BdsiX_nI
46059,Hand County,SD,ChIJ5YkWqnhZh4cR1FjZDj8gdQw
46061,Hanson County,SD,ChIJZXYnUUaoiIcREcyHho1V-LA
46063,Harding County,SD,ChIJ0XXffTtjLlMRDDMjhcxNRA0
46065,Hughes County,SD,ChIJ90LdoytlgIcRawivCeAOaw4
46067,Hutchinson County,SD,ChIJfeRDwepXj4cROaw442dKxi8
46069,Hyde County,SD,ChIJQbJo-Y6hgIcRXXoySZP4LLw
46071,Jackson County,SD,ChIJq4KOP-1MfIcRkuH9N_9bhIE
46073,Jerauld County,SD,ChIJ9dyxYIn9hocR6vK8DdK0-DY
46075,Jones County,SD,ChIJ5UneEnGBf4cRtGLIV9KvFbk
46077,Kingsbury County,SD,ChIJ-zbx8UZpiIcRUZcevOqksqI
46079,Lake County,SD,ChIJXZthli38iIcRKcX6UbKOAvE
46081,Lawrence County,SD,ChIJgzdJ6vajMlMRs3gfVRaoiOw
46083,Lincoln County,SD,ChIJf3iNU6G_jocRIcfF-BRVqGY
46085,Lyman County,SD,ChIJ--hMuPyygYcRJJmpUK-MuiI
46087,McCook County,SD,ChIJPSQOsw7JiIcRAShv2cvv35A
46089,McPherson County,SD,ChIJOyLU59Lf01IRzxkrsL7Z7WU
46091,Marshall County,SD,ChIJRUj7Gd_FzVIRt410ujE7SQk
46093,Meade County,SD,ChIJ_3o8y080LVMR45dWhs-SJxM
46095,Mellette County,SD,ChIJyxhCMpF6f4cRONdVkacMe-8
46097,Miner County,SD,ChIJET6yKJaPiIcR_-3Xqb8s5AI
46099,Minnehaha County,SD,ChIJ16y94Ji0jocRbXLuf-gRGrM
46101,Moody County,SD,ChIJyfcp4yFyiYcRip4nIKymrG0
46102,Oglala Lakota County,SD,ChIJf7HEaFo8fIcRJ5KdPjGv22o
46103,Pennington County,SD,ChIJqR63oBhrfYcRKx7-WHYCfB8
46105,Perkins County,SD,ChIJQZh5Hx9WKVMRY9wjd9dF4Pc
46107,Potter County,SD,ChIJ2VErWScA1VIRlFg5X-OFRAw
46109,Roberts County,SD,ChIJO8k6h0JczFIRtZALwDomsXg
46111,Sanborn County,SD,ChIJF2scBkVKhocR5JLk0nZel-o
46115,Spink County,SD,ChIJcWc76iro0lIRlqsdFvTThEU
46117,Stanley County,SD,ChIJQwBR2vz5f4cRBxLLF_2tEx8
46119,Sully County,SD,ChIJZTQhPY0z1VIRV9fj9u17kfU
46121,Todd County,SD,ChIJ0TI-MQaseIcREC8MgfCqaww
46123,Tripp County,SD,ChIJl65-Ur2BgYcR_KshaUPtB8Y
46125,Turner County,SD,ChIJMwptGgIjj4cR4UJiXD0jXZA
46127,Union County,SD,ChIJ6RBFroxmjocRnRt-ebNtJZc
46129,Walworth County,SD,ChIJE7pRL4PK1VIRQcv7nQ3jByk
46135,Yankton County,SD,ChIJBQummNQLj4cRuXZkSgprmkE
46137,Ziebach County,SD,ChIJLRcF975OKlMRfZrNcuJb9pw
47001,Anderson County,TN,ChIJsaBviX4XXIgRRXtYrhRNGms
47003,Bedford County,TN,ChIJUb_CzAnoY4gRl7XF9rhmDJM
47005,Benton County,TN,ChIJ51LuiaJwe4gRiUrhFet7kyU
47007,Bledsoe County,TN,ChIJwy7Q1-ywYIgR7yiTP9k9SVo
47009,Blount County,TN,ChIJlVR41UMbXIgRMzltQKV9-gw
47011,Bradley County,TN,ChIJOwU-HDUwXogR7RxRaq4cg4k
47013,Campbell County,TN,ChIJm9pJhqusXYgR0CIBErUYywU
47015,Cannon County,TN,ChIJlY6uZSRLYYgRxiQlGHwCm2s
47017,Carroll County,TN,ChIJv34z6V2Le4gRQGMsQBIHzMI
47019,Carter County,TN,ChIJ5wXSECiBUIgR7wUGQ3gZugk
47021,Cheatham County,TN,ChIJi_YPrUmeZIgRo5ciMDc_CWw
47023,Chester County,TN,ChIJHfamlak-fIgRfsAOD_E4tR0
47025,Claiborne County,TN,ChIJ44Jp22iAXIgRMGzDj3sTOEI
47027,Clay County,TN,ChIJORJwEmYHZ4gRIG_C67qdzAY
47029,Cocke County,TN,ChIJ_zwevg1fWYgRIWgbctZ_vcU
47031,Coffee County,TN,ChIJ-ZDvOitmYYgRDVdnD33LJrM
47033,Crockett County,TN,ChIJ22cKXMzWfogRs0qIAr1EV_A
47035,Cumberland County,TN,ChIJm1zaWvlWZ4gRBo8r3NN0_tE
47037,Davidson County,TN,ChIJPZDrEzLsZIgRN4SPG6TwQJU
47039,Decatur County,TN,ChIJxb4CJQ6KfIgRfzSVZ1bNV20
47041,DeKalb County,TN,ChIJBwdid_zLZogR5yC8vFJ8rrM
47043,Dickson County,TN,ChIJkxh84AG0ZIgRPQJPpE_mLqY
47045,Dyer County,TN,ChIJTVKtZhkpeYgRQk7mIIf0Wco
47047,Fayette County,TN,ChIJaU0KYyYKf4gRd3T2KtqmA78
47049,Fentress County,TN,ChIJdRn_Is6FXYgRYuonoLAqHBo
47051,Franklin County,TN,ChIJnz9aHfEmYYgRvXNLR288q1U
47053,Gibson County,TN,ChIJl5CPFi9OeYgRv9XPSRbVons
47055,Giles County,TN,ChIJoc3Y_kkBY4gRTBBmck1uM4A
47057,Grainger County,TN,ChIJybpboj6IW4gRJAtiBwCynhw
47059,Greene County,TN,ChIJ2V-CUwZNWogRJqJYGW6rO6w
47061,Grundy County,TN,ChIJ9R_XrXkbYYgRkWtIXkRwkRE
47063,Hamblen County,TN,ChIJu1mNSsiYW4gRGhrKlGVN3tQ
47065,Hamilton County,TN,ChIJuwVDlj2XYIgR_jxnvongYg4
47067,Hancock County,TN,ChIJsxbIiM0IW4gRNzTTujVKS3w
47069,Hardeman County,TN,ChIJJZHQcEyLfogRdEEip7_O9-Y
47071,Hardin County,TN,ChIJO7y9urdUfIgRQunH4tRpR8E
47073,Hawkins County,TN,ChIJLwSnjGYAW4gRhZ6YFbz74nc
47075,Haywood County,TN,ChIJzV6pviDEfogRzuTboXhdg3k
47077,Henderson County,TN,ChIJf-CcMLdyfIgRRO4LXQOrBKI
47079,Henry County,TN,ChIJlz_ADCKge4gR7ml-JqDr9GI
47081,Hickman County,TN,ChIJQbkuFIipZIgR86S0dYZV7EA
47083,Houston County,TN,ChIJyx-apQw5e4gRHn9jESZyOcM
47085,Humphreys County,TN,ChIJ311BzYBQe4gRBYYr7XTrU1o
47087,Jackson County,TN,ChIJXU2XCM7mZogRz0yhEoZWl3Y
47089,Jefferson County,TN,ChIJpXqlMjpxXIgR7S-rU1Bn884
47091,Johnson County,TN,ChIJ38d5AqpgUIgRa9NdXuPXLfc
47093,Knox County,TN,ChIJdQBFcKMmXIgRhNPZ1WdQsBY
47095,Lake County,TN,ChIJIfMYXYnmeIgRAsx025lJWAc
47097,Lauderdale County,TN,ChIJUy37h8Iwf4gRZd9qhqSisRU
47099,Lawrence County,TN,ChIJE8okJrsrY4gRDo11VFUSHSI
47101,Lewis County,TN,ChIJS3WWoWs1Y4gR-5WGXycj-uo
47103,Lincoln County,TN,ChIJE9AqAAe1Y4gReyQlAnoBrRU
47105,Loudon County,TN,ChIJCZqELb16XogRDpPl2yR5ZqM
47107,McMinn County,TN,ChIJT5Yu-eU_XogRQAnU3e8XUyM
47109,McNairy County,TN,ChIJlQb3Pq7MfYgR1cM3x5uVE9c
47111,Macon County,TN,ChIJt3YaEbGKZogRjUlGfmuKDnA
47113,Madison County,TN,ChIJ0XHNiLYFfIgRAWvtubgE9i8
47115,Marion County,TN,ChIJ3XB7acP_YIgREXiDM2phhN8
47117,Marshall County,TN,ChIJ57A-IJS7Y4gRoHylw8oHt-U
47119,Maury County,TN,ChIJeZACQhhsY4gR3P1rWRwT0ME
47121,Meigs County,TN,ChIJGXKokRsUXogRqDpl_hC-4GA
47123,Monroe County,TN,ChIJmZLtaGmrXogRgB2jqW2H3Vs
47125,Montgomery County,TN,ChIJcXGk-4_RZIgRXDc05xoLPOo
47127,Moore County,TN,ChIJA87lpnPLY4gRGRyIF0EkkFE
47129,Morgan County,TN,ChIJsf25DczsXYgRxZD9ROSK74k
47131,Obion County,TN,ChIJF4IE32tpeYgRRrAMNAGk7vg
47133,Overton County,TN,ChIJr131lh5vZ4gRcm81EY1uQdc
47135,Perry County,TN,ChIJ_THZynKUfIgRLxGoszNnggo
47137,Pickett County,TN,ChIJ7xg1VeWBZ4gRBCWQKLTN5i8
47139,Polk County,TN,ChIJIZHO0CRGXogRI7Zjg5nFhxI
47141,Putnam County,TN,ChIJmwdNvKseZ4gRvKBEn73vLjo
47143,Rhea County,TN,ChIJyZfUod-oYIgRHsTJuzR2pBo
47145,Roane County,TN,ChIJc6XnV8d_XogRrv1ipLOcCTw
47147,Robertson County,TN,ChIJSZoDIMxVZIgRCM0qa83_1KA
47149,Rutherford County,TN,ChIJY3uH9qr5Y4gRSc3S3p8qWsk
47151,Scott County,TN,ChIJs-dtr56gXYgRjY6TDA5aYr4
47153,Sequatchie County,TN,ChIJ0VAo5QHyYIgRZLf8N8z-rpA
47155,Sevier County,TN,ChIJSzuyVRX-W4gRukjEdGDY2gM
47157,Shelby County,TN,ChIJxTozQx5-1YcRllAW6iCNC4U
47159,Smith County,TN,ChIJYZI-rWaTZogRMfMLUoLtkpo
47161,Stewart County,TN,ChIJH_USb_TgeogR_ZAp2Z30_w0
47163,Sullivan County,TN,ChIJkVvjkRuDWogRGTIgypBlSWE
47165,Sumner County,TN,ChIJ_WmAQCgvZIgRZmf7nHhvxGo
47167,Tipton County,TN,ChIJSbqWEC9wf4gRv70EF_qHB-k
47169,Trousdale County,TN,ChIJv_juAUknZIgR9WMpJ3kXSw8
47171,Unicoi County,TN,ChIJUVTfKpBvWogR7fifASuvo7Y
47173,Union County,TN,ChIJ66ZTKftlXIgRVp7DQd8uZi8
47175,Van Buren County,TN,ChIJiXtpqorMYIgRWpuNEZYLPUU
47177,Warren County,TN,ChIJE3r49UcjYYgRHYsqOzOdbis
47179,Washington County,TN,ChIJF05BrCZiWogRTPhK0jAwcKU
47181,Wayne County,TN,ChIJ_Q2CuTbZfIgR-JtR_fSG8gc
47183,Weakley County,TN,ChIJCzP6dzzCe4gR8Mv6q2U_Yo0
47185,White County,TN,ChIJrTGVvM8zZ4gRmoyPV8rAo5E
47187,Williamson County,TN,ChIJNUn54OB4Y4gRk0nGyKUQcOU
47189,Wilson County,TN,ChIJc0Wm9NN0ZIgRTPRInI3wKNs
48001,Anderson County,TX,ChIJEVmjAz5nSIYRZwt99yWrrhM
48003,Andrews County,TX,ChIJB0YjgK6N-4YRULmdScI_-9o
48005,Angelina County,TX,ChIJbWUFnLAwOIYRDxGvxNngXxE
48007,Aransas County,TX,ChIJJxJm5H5JaIYRwOZqhsJvLFU
48009,Archer County,TX,ChIJx8C4k1RqU4YRW_iytI6Z8a4
48011,Armstrong County,TX,ChIJxytOBRUeAYcR5RRk7YMCgsA
48013,Atascosa County,TX,ChIJjdfg2mBzXYYRIeM2WooTSPs
48015,Austin County,TX,ChIJUSh5paNEQYYR2cVjWHsuiVs
48017,Bailey County,TX,ChIJn3iCzEZhAocRTOwYaWavzKU
48019,Bandera County,TX,ChIJ3dcmJQ-pXoYR9Tfjv4TPPnA
48021,Bastrop County,TX,ChIJr0V0aJKURIYRE6PKPTPxrS0
48023,Baylor County,TX,ChIJ3a7clOKfVIYRz-BTWBKXpwY
48025,Bee County,TX,ChIJvYVfKbcBaIYR220fjLmQqfo
48027,Bell County,TX,ChIJWQqIJGJGRYYR9aDqx3l4418
48029,Bexar County,TX,ChIJycWfxDz1XIYRgQasSE1FyTI
48031,Blanco County,TX,ChIJKXidLZmdW4YRKEWOCF7SI-s
48033,Borden County,TX,ChIJtUlWflrV_oYRewlzSuXxtQE
48035,Bosque County,TX,ChIJEcVWYuzBT4YRjdDfd4HyQDY
48037,Bowie County,TX,ChIJl0XlkQM3NIYRCmAmJnf-n8Q
48039,Brazoria County,TX,ChIJxwGSkgbpQIYRNcjQowMUR-Q
48041,Brazos County,TX,ChIJMRMDr4-PRoYRaxzx1RBnWGA
48043,Brewster County,TX,ChIJgS67SiiU8YYRu7HvHKb0EGo
48045,Briscoe County,TX,ChIJe5zyN6lPAIcRyuIaL7n3m6c
48047,Brooks County,TX,ChIJNeiPsc5uZoYRPJBdX6tD7OA
48049,Brown County,TX,ChIJFeU3xonGUIYRWKlWLrGcjT0
48051,Burleson County,TX,ChIJyT6-dvc3RIYRy1xbI6KvAGs
48053,Burnet County,TX,ChIJu3CdUe3nWoYRn2lOf9s_7bk
48055,Caldwell County,TX,ChIJ-zyRzgNRQ4YRh6l-eDM-Wkw
48057,Calhoun County,TX,ChIJg2Vts2bkaYYRwh3vjh-wvjM
48059,Callahan County,TX,ChIJp8esmWLpVoYR9TWihuPfIhs
48061,Cameron County,TX,ChIJ06tle7N4b4YRqHTn0TzEbvk
48063,Camp County,TX,ChIJl7gKcI0ENoYRXhxMDUfTwUc
48065,Carson County,TX,ChIJo5O_ql_QBocRPZImyP2tJQw
48067,Cass County,TX,ChIJTdUg7t8qNIYRpTjvC1dUdX0
48069,Castro County,TX,ChIJ87AAjgQuAocRFDxKExeJ3DU
48071,Chambers County,TX,ChIJ_f-rJelGP4YRglVdxgmCLnc
48073,Cherokee County,TX,ChIJrWw1l9sZSIYRE8vLZzPzXWA
48075,Childress County,TX,ChIJ6eGj1CiUqocR0MwC5KKzmZo
48077,Clay County,TX,ChIJGS21EtruUoYRl2ACAlODrdA
48079,Cochran County,TX,ChIJD6Xniux3_YYRsvYXc2IHNNA
48081,Coke County,TX,ChIJ8y-qEB_TV4YRV3KniZz5CGc
48083,Coleman County,TX,ChIJsTxJGoooV4YRdakAfQWTUA0
48085,Collin County,TX,ChIJ-Xm73adITIYRhrb-NBX-zks
48087,Collingsworth County,TX,ChIJEwCwurpmqocRrmInkTiC1JY
48089,Colorado County,TX,ChIJZ_r-TL3dQ4YRvY0k6IIX004
48091,Comal County,TX,ChIJrfT9lp-FXIYRe8ruG_TtGBU
48093,Comanche County,TX,ChIJt7SpjOj-UIYRxSIanuZAlvU
48095,Concho County,TX,ChIJa6_SGsJ-V4YR2e5_DOWt_vA
48097,Cooke County,TX,ChIJNx0mIcKmTYYRxV-8JFisk-c
48099,Coryell County,TX,ChIJR3cqUHnqWoYRzwcSqBzQ8tg
48101,Cottle County,TX,ChIJBRgYQnM0VYYRCqEifCHHVW4
48103,Crane County,TX,ChIJAxB_tw9C-oYR4mXkgdJN9CU
48105,Crockett County,TX,ChIJBaQF4_UW94YRlhH1Jd_yMD4
48107,Crosby County,TX,ChIJOff-gXHN_4YRMjwwlEI_WAE
48109,Culberson County,TX,ChIJ1WNiY3u65YYR6eCEyt5GKyU
48111,Dallam County,TX,ChIJp3awtuW6BYcR-RroIVwRhcs
48113,Dallas County,TX,ChIJgUO9Ukq_ToYRh9ndnDaZsUc
48115,Dawson County,TX,ChIJrwzC_9Gk_oYR-lWJvRB-ksI
48117,Deaf Smith County,TX,ChIJN3ODW3e7A4cRfTRhqEpDufM
48119,Delta County,TX,ChIJb43kdG5JSoYRshWW0W33iPc
48121,Denton County,TX,ChIJXQTukxTTTYYR08hsTrvOVUM
48123,DeWitt County,TX,ChIJ3T_tuY_kQoYR__9r_eJrnpk
48125,Dickens County,TX,ChIJP83ROVSQ_4YRd_e60LFD0uk
48127,Dimmit County,TX,ChIJB78c9dIoXoYR66aEZeyNdBM
48129,Donley County,TX,ChIJAXbe8z6MAIcRI8heFVS9NsQ
48131,Duval County,TX,ChIJb14pQ_39ZoYRZ9fLoXHd3NM
48133,Eastland County,TX,ChIJ527hUyhrUYYRNzV1Uzb3vgQ
48135,Ector County,TX,ChIJMcb4M5i2-4YRn9mKXY_BMFA
48137,Edwards County,TX,ChIJfVQ-9r_HWIYRGSec4gc7eL4
48139,Ellis County,TX,ChIJpXU5wPboToYRoRsDS4SukkU
48141,El Paso County,TX,ChIJVSJTWBJA54YR3Ao2jnl-Kgc
48143,Erath County,TX,ChIJo5ytvJK2UYYR-3bwFE2j9RA
48145,Falls County,TX,ChIJ1S6HHM-ERYYRXsFAY7IqlgU
48147,Fannin County,TX,ChIJqdc3pm-QS4YRZjMBVKqdqYo
48149,Fayette County,TX,ChIJY1VBTcyAQ4YRl4D1vOLKCXM
48151,Fisher County,TX,ChIJ65sd6yQKVoYRmhsmPGGQmIE
48153,Floyd County,TX,ChIJf1xA5jsqAIcRkFJVrtagT3U
48155,Foard County,TX,ChIJF-qdO_baVIYRW70HXyCM8Os
48157,Fort Bend County,TX,ChIJJ8TgvjLbQIYRVey1STdj-Lk
48159,Franklin County,TX,ChIJtYN32zkPSoYRTYK2DEL35yk
48161,Freestone County,TX,ChIJ14iHgp27SIYR1wzjyfSyzag
48163,Frio County,TX,ChIJFdV4r5zeXYYRGwczN8Vx8mM
48165,Gaines County,TX,ChIJOya2wmkU_IYRqBHNXKmaf6w
48167,Galveston County,TX,ChIJLfY7sMlZP4YR5QxkJ1-iQt8
48169,Garza County,TX,ChIJ_fahg8FV_oYRCo_7MaUlLBE
48171,Gillespie County,TX,ChIJyRJESRDpW4YR5s7Z0RlB6DQ
48173,Glasscock County,TX,ChIJ7_2aDvQH-YYRnA6wwu9tVwA
48175,Goliad County,TX,ChIJ8RZPkcyiQoYR4TdkBWH5Nms
48177,Gonzales County,TX,ChIJMQhm6dM_Q4YRzyHYKlxNzAQ
48179,Gray County,TX,ChIJ36ObAkdSB4cRB_AtNUgHMFs
48181,Grayson County,TX,ChIJL-y8URd6TIYRQe29kxTajzo
48183,Gregg County,TX,ChIJUTPfl_81NoYRlQrcLHO4D7M
48185,Grimes County,TX,ChIJ1X0VkeLrRoYRbjeYH1-I3Rk
48187,Guadalupe County,TX,ChIJfetKNdW_XIYR9KwkLxAqZSQ
48189,Hale County,TX,ChIJq2OAESDiAYcRp_rF3vkL22Q
48191,Hall County,TX,ChIJvc4sVSJ-AIcRVRQMe5xjGQk
48193,Hamilton County,TX,ChIJ-X0HtyI8UIYRFctbomRq8co
48195,Hansford County,TX,ChIJ7WX5DZFTBocRodTMe3bugXA
48197,Hardeman County,TX,ChIJLSbq6o0lq4cRbu1CtZbM0PI
48199,Hardin County,TX,ChIJVf6c1zfeOIYR7yzWr7oo3fY
48201,Harris County,TX,ChIJ9TB__YrMQIYR2tK7sndSry4
48203,Harrison County,TX,ChIJMQ4RNcFYNoYRcjUAshmZ5nU
48205,Hartley County,TX,ChIJ9wblhkdJBIcRSJPPuSPACsI
48207,Haskell County,TX,ChIJ8Z9zkXAzVIYRtxR_ydgbcHE
48209,Hays County,TX,ChIJX7rj_ylYW4YRJmoE2ZR3wZ8
48211,Hemphill County,TX,ChIJufCZU0-YqYcRuq_TD63ugoQ
48213,Henderson County,TX,ChIJyesZukIGSYYRXjVusCd2qyE
48215,Hidalgo County,TX,ChIJP7WdySDdZYYRyg85sKD6C68
48217,Hill County,TX,ChIJtXPxT6aiT4YRlW8vyvdU5bw
48219,Hockley County,TX,ChIJQ4trX6Tl_YYRx88hmvzsQN0
48221,Hood County,TX,ChIJKwIW2kAhToYRBocboslY7Hs
48223,Hopkins County,TX,ChIJa-sDAUwlSoYRoDfIOpG-AVc
48225,Houston County,TX,ChIJYUNpeNToR4YRkvc7tTGUdH0
48227,Howard County,TX,ChIJbZ_nHq0j-YYRQulHsgFhV4w
48229,Hudspeth County,TX,ChIJ_Vn71itc5oYR9nf1RGcSrh0
48231,Hunt County,TX,ChIJ37FLaBDuS4YRaAL-cMMjWhI
48233,Hutchinson County,TX,ChIJYZuRrkrhBocR_NuyGCVhAug
48235,Irion County,TX,ChIJrYxfR2kY-IYRI3qKlzJS0uQ
48237,Jack County,TX,ChIJq5X-6K9aUoYRxujEGDChi2w
48239,Jackson County,TX,ChIJ80h2HOMjQoYR-oA_h4o_b0s
48241,Jasper County,TX,ChIJSZO1ZNAMOYYRhJ183BoAR8s
48243,Jeff Davis County,TX,ChIJydcKZ1uB74YRL7wEq5tCrVQ
48245,Jefferson County,TX,ChIJM3WBtJzGPoYRI4HHBoZ3rGs
48247,Jim Hogg County,TX,ChIJkbJ_aNKWZoYR6yyJ6PvOKp0
48249,Jim Wells County,TX,ChIJ6z1Ny13LZ4YRzgZWZypH290
48251,Johnson County,TX,ChIJXfbXILV4ToYRBq60w6Syef8
48253,Jones County,TX,ChIJbX1rMGErVIYR66z3Z9uxFJ4
48255,Karnes County,TX,ChIJtaT4_F43XYYRLq6Y_0A2LEA
48257,Kaufman County,TX,ChIJtQAI0kg8SYYRsWxBOpun6Go
48259,Kendall County,TX,ChIJi-M6DKJ4XIYRQz5vRZf4qZI
48261,Kenedy County,TX,ChIJb7WG_weyaIYRzkraA7ponQY
48263,Kent County,TX,ChIJc2Mvh_lu_4YRgJ1d99nI8d4
48265,Kerr County,TX,ChIJlxzNgsJxWYYR9c395uRoHuU
48267,Kimble County,TX,ChIJs_K20LsJWYYR0kT2lX9D47o
48269,King County,TX,ChIJG8nydKw-VYYRuHp6waNT-1Y
48271,Kinney County,TX,ChIJg7f3jIFlX4YRN0sdfw35Eas
48273,Kleberg County,TX,ChIJsedguuaZaIYRgt5N8XxnJHQ
48275,Knox County,TX,ChIJzwsGqPiUVIYRDH_B8KVXPNQ
48277,Lamar County,TX,ChIJf6k5FFj_SoYRwuSdUP31HL0
48279,Lamb County,TX,ChIJXU13GQJyAocRMBYz-_nZ3LU
48281,Lampasas County,TX,ChIJwUcgWMukWoYRF6Ooag1_zmA
48283,La Salle County,TX,ChIJWeb9F5hTZ4YRVuITcxaMlb8
48285,Lavaca County,TX,ChIJU9hqkCOsQ4YRkLZK9gsPrRQ
48287,Lee County,TX,ChIJaZxn3dJgRIYRwuw9V7eG_a4
48289,Leon County,TX,ChIJZzXjov4iRoYRE6xUu4jz8MI
48291,Liberty County,TX,ChIJJwosTqfqOIYRM79Ia1fd4aY
48293,Limestone County,TX,ChIJ6zgKmfVWT4YR_-TV2q4VM_8
48295,Lipscomb County,TX,ChIJ5XjUof7IqYcRXjbwGGgbe3c
48297,Live Oak County,TX,ChIJNexEgvn7Z4YRSLVkbRWG9lQ
48299,Llano County,TX,ChIJJ1qC8d1OWoYR9wEwM1bnUho
48301,Loving County,TX,ChIJTSNB73HO5IYRVuxGy9Cv7N4
48303,Lubbock County,TX,ChIJqe61Oa1s_oYR4UHN5J5n_sA
48305,Lynn County,TX,ChIJo7t4J0GO_oYRm732NGrCxyw
48307,McCulloch County,TX,ChIJfaOQG2v9WYYR5JrJ1WKUA_E
48309,McLennan County,TX,ChIJJ1ou4-hGRYYRE1-qu5oSVB4
48311,McMullen County,TX,ChIJD3J7bIeEXYYRuFs4i_G-lZk
48313,Madison County,TX,ChIJ-XWh1WVPRoYR-IIvTm_T_LU
48315,Marion County,TX,ChIJD7CRcEqINoYRO09UHF2sB4U
48317,Martin County,TX,ChIJS8sxcB9d-YYRYkErrJhok9M
48319,Mason County,TX,ChIJM9V6fbQnWoYREQeuPbxfBsg
48321,Matagorda County,TX,ChIJ0V1_xx_FQYYRxIETqQAVJ_Q
48323,Maverick County,TX,ChIJvxvc2haTX4YRTZh8z30yh_g
48325,Medina County,TX,ChIJmzlqq0JrXIYRBx_RdWgi19c
48327,Menard County,TX,ChIJO52tcde1WYYR42BGEi8an9U
48329,Midland County,TX,ChIJD9GlkTlh-YYRq6bw8IjhCiY
48331,Milam County,TX,ChIJ_yDEnRaqRYYROllTQ1UVjjo
48333,Mills County,TX,ChIJoaE_SRyFUIYRCAW9EsuqWnA
48335,Mitchell County,TX,ChIJtWfo87e--IYRTtf5E82QlGo
48337,Montague County,TX,ChIJRQV2tr-DUoYRQKixB6LC40k
48339,Montgomery County,TX,ChIJj__mGNNAR4YRFk7Pb98re8Q
48341,Moore County,TX,ChIJoztRhqiJBocRQF9kSBcBSJQ
48343,Morris County,TX,ChIJ91mmWnbcNYYRBzVKh9F18oY
48345,Motley County,TX,ChIJ0dhQwmemqocRS4Y9NEamh3E
48347,Nacogdoches County,TX,ChIJc0pWR0AoOIYR2w41t3XxcaU
48349,Navarro County,TX,ChIJKZtUQvMrT4YRcK8POk0dFXE
48351,Newton County,TX,ChIJVb4dHE_WO4YRiLlZxY-28DY
48353,Nolan County,TX,ChIJY2ztFnojVoYRom92Zs3Epm8
48355,Nueces County,TX,ChIJAfYZ5LfyaIYREupwIM9Kgz8
48357,Ochiltree County,TX,ChIJccKoWJOEB4cRGPz5r8YH1x8
48359,Oldham County,TX,ChIJCxnWy7V1BIcRX7lqxf1nUnk
48361,Orange County,TX,ChIJrc5iM09NOYYR3Nuuw6YXIeY
48363,Palo Pinto County,TX,ChIJA6IuazyEUYYR64oSQRgQtkc
48365,Panola County,TX,ChIJf45KS2WuN4YRtQFtoMInw-M
48367,Parker County,TX,ChIJ88tervv-UYYRn4Tn5biyzs4
48369,Parmer County,TX,ChIJgVR5gy-qA4cRUMOQ0hn8JrQ
48371,Pecos County,TX,ChIJP5RBLjeM8IYRB4v1jFAVopE
48373,Polk County,TX,ChIJ0bDiw-jyOIYRPrqcrZnzyQc
48375,Potter County,TX,ChIJ7fZdWYetBocRzPmFBvEHFV8
48377,Presidio County,TX,ChIJIcuzprj57oYRmC3MEKRIY7U
48379,Rains County,TX,ChIJZR2OBlF5SYYRFdau4QfiSAU
48381,Randall County,TX,ChIJjVxms-FrAYcRwPvQAzP5JaQ
48383,Reagan County,TX,ChIJizLrz_HP-YYRk_ay2n-_TbI
48385,Real County,TX,ChIJXXQtVDwyWYYRg2NwVkIi8MA
48387,Red River County,TX,ChIJt2TmUY6ANYYROd_pqd3Ob58
48389,Reeves County,TX,ChIJsXa8ND8z5YYRdNDyaqSS9H8
48391,Refugio County,TX,ChIJ7xVvWivOaYYR4BEMLjQz-5I
48393,Roberts County,TX,ChIJYUWewMpCB4cRpquFgQ3byMM
48395,Robertson County,TX,ChIJJwB-e2ncRYYR4wvXH3pU1po
48397,Rockwall County,TX,ChIJo4y02gIdTIYR7oyxmQQlBOE
48399,Runnels County,TX,ChIJn9G4wDepV4YRWlWzGTZ58ko
48401,Rusk County,TX,ChIJt3UNXM_PN4YRHSVPMOzqsbA
48403,Sabine County,TX,ChIJA-D2vCT6OYYR-mLh2hLxE_M
48405,San Augustine County,TX,ChIJRZ4AvizMOYYRHzB0FYlQgt8
48407,San Jacinto County,TX,ChIJze7bBSJsR4YRRAM1J5OBJQ4
48409,San Patricio County,TX,ChIJ1c0o_ehraIYR6iwpCxcR6Xg
48411,San Saba County,TX,ChIJHdw-VTtoWoYRpYs5vltuIHc
48413,Schleicher County,TX,ChIJE1ieOS4PWIYRnxSe9ej2lzU
48415,Scurry County,TX,ChIJ03dC1-E-_4YRtgRop-YhwmM
48417,Shackelford County,TX,ChIJDdNggYhSUYYRq2_tkapbsxY
48419,Shelby County,TX,ChIJheeD3aNuN4YReVnHu6cUcpc
48421,Sherman County,TX,ChIJr5WOhqtxBocRUXsu0flPcz8
48423,Smith County,TX,ChIJp7nTbt8sSIYRYnX1U6Gf-0c
48425,Somervell County,TX,ChIJEyjfFZMlToYRIxr59LDuRXM
48427,Starr County,TX,ChIJg6FMUelHZIYRnY5USnf4v1w
48429,Stephens County,TX,ChIJKSh90KNdUYYRaMY4RnWrdKQ
48431,Sterling County,TX,ChIJl_Pai99e-IYRhy7OWFt2u6Q
48433,Stonewall County,TX,ChIJcYi5Sli9VYYR0c8T-Gu5NVU
48435,Sutton County,TX,ChIJnzSdfOsq9oYRX1SevoLb8xU
48437,Swisher County,TX,ChIJsQXlxQqeAYcR9PnelvhAqxc
48439,Tarrant County,TX,ChIJDfdJl-59ToYRRjpXA71-c1A
48441,Taylor County,TX,ChIJNfnP60m-VoYRN7ziFE_S9ic
48443,Terrell County,TX,ChIJZ2DxXI0s8YYRc2k822nE3AU
48445,Terry County,TX,ChIJu874Qt80_IYRJgto2zNKR4Q
48447,Throckmorton County,TX,ChIJuclf9baNU4YRKsTVP2KARsY
48449,Titus County,TX,ChIJ1_LZJiX6NYYR58E6sSDYDgI
48451,Tom Green County,TX,ChIJe9U7OHEH-IYRVOaXg9u_wxM
48453,Travis County,TX,ChIJddG_PMCwRIYRO50oSjlkdJA
48455,Trinity County,TX,ChIJ8U2HrXaFR4YRcKHqVPOpKt8
48457,Tyler County,TX,ChIJtdCH3RnjOIYR1t2j_gHpKK8
48459,Upshur County,TX,ChIJb5lh2ncXNoYRO7H2J4iuD00
48461,Upton County,TX,ChIJP_k6Srv1-YYRQvet7LkhSfA
48463,Uvalde County,TX,ChIJ9yBHsvPnXoYREQVXD4uXaHE
48465,Val Verde County,TX,ChIJ498Ye1V39oYRk6VYCzCzEuc
48467,Van Zandt County,TX,ChIJ0ynh6VahSYYR5gx-mnQCBsA
48469,Victoria County,TX,ChIJxYTR2EyIQoYRAdm9i8hVUvA
48471,Walker County,TX,ChIJ4dJ_NUYhR4YRLpSNSyrfkOg
48473,Waller County,TX,ChIJjwhpx_IxQYYRx1m0M9YXF8E
48475,Ward County,TX,ChIJm1QhJojo-oYRPgS3CnuxG64
48477,Washington County,TX,ChIJ_Wi1LXemRoYR-Tu96jTDb2s
48479,Webb County,TX,ChIJJT35p2zAYIYRREZHYAwVm2E
48481,Wharton County,TX,ChIJTzMUbKR1QYYRDR3dzLq5FyQ
48483,Wheeler County,TX,ChIJ7dq_QOoYqocR240Kg0LC8MU
48485,Wichita County,TX,ChIJG-W5i09HU4YRiUwVqIdjhGw
48487,Wilbarger County,TX,ChIJ9ezWzWNUU4YRxoFCTC9J6F8
48489,Willacy County,TX,ChIJ4QOP9T9wb4YReDpoAt7twIg
48491,Williamson County,TX,ChIJmaNjTwxHW4YRKTlbS_ZU6JM
48493,Wilson County,TX,ChIJCYYksjQnXYYRkcjNilHA0y4
48495,Winkler County,TX,ChIJa1LGrI0Z-4YRtRaTKN54y54
48497,Wise County,TX,ChIJg1dT-MxrUoYRicYDKngOm7Q
48499,Wood County,TX,ChIJ3YV26YvqSYYRyvSyOHmoSVw
48501,Yoakum County,TX,ChIJ5TfG0O7__IYRYjVotGGdFQk
48503,Young County,TX,ChIJ-W9Ho-64U4YRMslWWi7fV58
48505,Zapata County,TX,ChIJuTLfdbZUYYYRcnEdoC5Q2RE
48507,Zavala County,TX,ChIJDfdIP7BPXoYRlIc-mrJMufY
49001,Beaver County,UT,ChIJaw0PeS77tIARVsktxn3YOrw
49003,Box Elder County,UT,ChIJYweZp3CrrIARaGNmCBxZ7lo
49005,Cache County,UT,ChIJV24IBJ9lVIcR9UT_3lR6Wd4
49007,Carbon County,UT,ChIJC6rraGWRTocREEHfwv_B7vQ
49009,Daggett County,UT,ChIJz5FXGwlVRYcR76ouTTf2zuQ
49011,Davis County,UT,ChIJeT4Ip-XiUocRN1n25stD_W4
49013,Duchesne County,UT,ChIJq10_DfPTT4cRu8-Lgja9Im8
49015,Emery County,UT,ChIJN5GzkRYUSYcRU3Awk2Or52o
49017,Garfield County,UT,ChIJjSVWAst5NYcRPaQA5phnWQQ
49019,Grand County,UT,ChIJuYGc_u9USIcRFkCMUUTZmEQ
49021,Iron County,UT,ChIJI_RSy-hwtYARkgfiwI4qses
49023,Juab County,UT,ChIJMzrG6iQxTYcRVVTKgnbrEP4
49025,Kane County,UT,ChIJaSDhEIjCNYcRiMeL2ZVWMHE
49027,Millard County,UT,ChIJ24EDEt-ttIARzikKvYN6Ink
49029,Morgan County,UT,ChIJ4b7c93BLUocRewgzCfsFIdU
49031,Piute County,UT,ChIJoTlCVz5zS4cR7FCIuCILDB8
49033,Rich County,UT,ChIJQ67w2-ZtVIcRUo8WJXk0emY
49035,Salt Lake County,UT,ChIJ8auHWkRzUocR9DsAmYrfL3E
49037,San Juan County,UT,ChIJ9Tcq0CXRN4cR55BS0_WTG_4
49039,Sanpete County,UT,ChIJcTX9aCOoSYcRqmsdfOxTZ3U
49041,Sevier County,UT,ChIJmd4aOhQOS4cR624msJmOB6Q
49043,Summit County,UT,ChIJNVzHx-IWUocRZKRflosqhcI
49045,Tooele County,UT,ChIJk7TWY7VkTYcRpRbPqeLGfsU
49047,Uintah County,UT,ChIJjwdCycZ8T4cR0rZuDRG3S9A
49049,Utah County,UT,ChIJ1S-SARuWTYcRzxjbgtN-0vs
49051,Wasatch County,UT,ChIJAzgQtl7mTYcR8r0FH_aWJes
49053,Washington County,UT,ChIJp13qUtOyyoARFvCeOqWi0Z4
49055,Wayne County,UT,ChIJCQCb7qwfNocRYQi7VPHBH2E
49057,Weber County,UT,ChIJl4p9NQsMU4cR9JTLDJTyBWM
50001,Addison County,VT,ChIJ-T2u2vY94IkRt_IIexErCPA
50003,Bennington County,VT,ChIJO4v_ZCU_4IkRE2AzCGeYodw
50005,Caledonia County,VT,ChIJI7HSVUZKtEwRgpS9-vOmbhI
50007,Chittenden County,VT,ChIJ3y-bMLOHtUwRnJW7aqaNmSQ
50009,Essex County,VT,ChIJT1QWviEhtEwRKdnnJdZFFUw
50011,Franklin County,VT,ChIJq12EXzUHykwRH_iNBKbrd_Y
50013,Grand Isle County,VT,ChIJfdTojH49ykwRaYqG7q6icfs
50015,Lamoille County,VT,ChIJpxExxW3stUwRAYb0piOiwG4
50017,Orange County,VT,ChIJ93o_vxYetUwRmZFcKGNDo2o
50019,Orleans County,VT,ChIJ_SOWBDbatUwRdg-uc_y8mSY
50021,Rutland County,VT,ChIJu9iU3PAj4IkRr4QZk0hVhxw
50023,Washington County,VT,ChIJn7hY3CevtUwRx3bYHTRG3hA
50025,Windham County,VT,ChIJ_eh4jRr-4IkRHhZNtqKiz4g
50027,Windsor County,VT,ChIJOW0KQZXR4YkR_v1jLdcrViM
51001,Accomack County,VA,ChIJpbtHDybVu4kRP69jB_vuj1U
51003,Albemarle County,VA,ChIJ2yurpXqMs4kR_ssh-2fPDwY
51005,Alleghany County,VA,ChIJ_RMOkZfDTIgR0OGnjOCAOcQ
51007,Amelia County,VA,ChIJA9gT02krsokRSgb4TtFm_M0
51009,Amherst County,VA,ChIJ02s3gVQks4kRJFICF86BMGs
51011,Appomattox County,VA,ChIJZVfzs5sds4kR2EnVh81LCcI
51013,Arlington County,VA,ChIJD6ene522t4kRNL6FM2ADhuA
51015,Augusta County,VA,ChIJT42X1AentIkR2RcGXFd_W9g
51017,Bath County,VA,ChIJ37fScgKjTIgR1a3nxXmUSL8
51019,Bedford County,VA,ChIJ4QL450cwTYgRSxeCgLmTFWE
51021,Bland County,VA,ChIJZ_6dsQsXTogRZTBFeLSdHac
51023,Botetourt County,VA,ChIJZzunPNrhTIgRQvhB7fyhqwc
51025,Brunswick County,VA,ChIJT6us_i4JsokRWzWVckjWX9o
51027,Buchanan County,VA,ChIJD7dnVnjgT4gRr5VZGJLbkp4
51029,Buckingham County,VA,ChIJM7T3U2Cks4kRYvUCfes0pDQ
51031,Campbell County,VA,ChIJT81DGbXGsokRoatmn0vs5nU
51033,Caroline County,VA,ChIJ_4mgAtTNtokRf8I9f3p7Qm4
51035,Carroll County,VA,ChIJ14psjPsCUogRPK9h0Aq10oY
51036,Charles City County,VA,ChIJOe-h2tv7sIkRqq2zmnqk8wo
51037,Charlotte County,VA,ChIJ7zZjRl1isokRxmwB458FNW0
51041,Chesterfield County,VA,ChIJ75MSi_AKsYkRw2FSAqvVOfA
51043,Clarke County,VA,ChIJ7QtTHOLgtYkR2RSa-W9Lg50
51045,Craig County,VA,ChIJKf6ugN2uTYgRSqS2b6QqA-8
51047,Culpeper County,VA,ChIJH_FS1XiCtokRmgRQDbYVQhw
51049,Cumberland County,VA,ChIJxRr5G661s4kRD9O3T6htfIA
51051,Dickenson County,VA,ChIJrdKKWKZSRYgRMNExVSTQtNc
51053,Dinwiddie County,VA,ChIJc1d3Y4ORsYkRXUIgxUE2r_8
51057,Essex County,VA,ChIJU6c_NmAzt4kRgipz6JZZnHQ
51059,Fairfax County,VA,ChIJ0wxG_rFgtokRmRY44U76C30
51061,Fauquier County,VA,ChIJkRS43yN8tokRRJJmXKleaws
51063,Floyd County,VA,ChIJIai9mJyJTYgRZAXBCfye8_Y
51065,Fluvanna County,VA,ChIJc2AoKJzts4kRojIwpl3krqM
51067,Franklin County,VA,ChIJYfJJ6kZlTYgRHDOVY3VAK4M
51069,Frederick County,VA,ChIJP2tfOrTktYkRTDvj8oZ-LKA
51071,Giles County,VA,ChIJdbC1W8TdTYgR8ld6LUDlsi0
51073,Gloucester County,VA,ChIJKWf1QjqcsIkRmgAwRwfLZts
51075,Goochland County,VA,ChIJlyf6kNvhs4kR_UtZKDOd0h4
51077,Grayson County,VA,ChIJD-JjiS3dUYgRz7gs9ae37CA
51079,Greene County,VA,ChIJ78DY2ldvtIkREfQTa34JHx0
51081,Greensville County,VA,ChIJ7eWTmGjnsYkRBG4FjExmVJo
51083,Halifax County,VA,ChIJga8yzumdsokRv3MRUBQSBYc
51085,Hanover County,VA,ChIJ2SsN-zk8sYkRSzGc5WOVDqg
51087,Henrico County,VA,ChIJG6E4eCwRsYkRfeMcOlrlJc0
51089,Henry County,VA,ChIJXU3mJYdmTYgR9ChYC7hW0bg
51091,Highland County,VA,ChIJrcXuBO9bS4gRmSz-hCu_AfE
51093,Isle of Wight County,VA,ChIJ00Rlj9pssIkRfZjuzbFdwAE
51095,James City County,VA,ChIJj8J8Hc6OsIkRBr1wn9DL3os
51097,King and Queen County,VA,ChIJjR8vCEXCsIkRRuFyZzH_mWs
51099,King George County,VA,ChIJK440LswYt4kR-NEagqMoebk
51101,King William County,VA,ChIJ49AYFu3bsIkRDJnjMFEbhDg
51103,Lancaster County,VA,ChIJaYPf1DQGuokROM5ySygTJEg
51105,Lee County,VA,ChIJ3b2gmqMVW4gRcgY765yHvho
51107,Loudoun County,VA,ChIJNXQSmXQWtokRjBiEklejIxU
51109,Louisa County,VA,ChIJM-YQMED8s4kRu9b-4i_3E_w
51111,Lunenburg County,VA,ChIJ_7YV3rsUsokRlNBtvUT67oE
51113,Madison County,VA,ChIJSeDx1KI_tIkRiEd-Vx3Eu3I
51115,Mathews County,VA,ChIJ9a7BLY9xuokRZGhnUcBXdFM
51117,Mecklenburg County,VA,ChIJD0v_SJh1sokR9tdVbAdxsiU
51119,Middlesex County,VA,ChIJ5cCyAFqnsIkRdUuNLqFWgWI
51121,Montgomery County,VA,ChIJPY_xb8CWTYgRxR3YvnRxFD0
51125,Nelson County,VA,ChIJf0NDvx0Ts4kR5tQAuY1OSFg
51127,New Kent County,VA,ChIJeesCuevosIkR55J75YwdwMg
51131,Northampton County,VA,ChIJL1_aGTlQuokRvvf9h782muM
51133,Northumberland County,VA,ChIJFe0GuLUBuokRFMUYl6Ws0Pk
51135,Nottoway County,VA,ChIJe5NclZwjsokRYAeOlpziWGg
51137,Orange County,VA,ChIJobFA_hmotokR9lerLMKdv7A
51139,Page County,VA,ChIJ_WRPB-lctIkR7zrQ4jUPBbk
51141,Patrick County,VA,ChIJqSJmiJx6UogRGC3BkCByeDs
51143,Pittsylvania County,VA,ChIJkwV67U5VTYgRmb4n30LHMtk
51145,Powhatan County,VA,ChIJu9ERZhV9sYkRwqt29J8hyDM
51147,Prince Edward County,VA,ChIJ0w-9anhGsokRb0LIFdb3Mto
51149,Prince George County,VA,ChIJOwLiQfWusYkRyDKNadyKmag
51153,Prince William County,VA,ChIJy6miVR0itIkR-4bjMz3EgEg
51155,Pulaski County,VA,ChIJnyRA5QkATogR8JhIqpmxt60
51157,Rappahannock County,VA,ChIJ5eWt888ttIkR0Nf1tvqfsBE
51159,Richmond County,VA,ChIJEYiWF3BMt4kRGI-a5esJdNM
51161,Roanoke County,VA,ChIJSW_JH-AGTYgRyVIhrK6kfK8
51163,Rockbridge County,VA,ChIJC1uZb7pKs4kRh3jqy6I19Sc
51165,Rockingham County,VA,ChIJe4J-jMR8tIkRchcr2Q6E2eI
51167,Russell County,VA,ChIJF0s3y6kDUIgR0S1Zuo56NNA
51169,Scott County,VA,ChIJq2x-cXOmWogR8yhBDLhGaOM
51171,Shenandoah County,VA,ChIJJd3SERestYkRsgoKeJiilt4
51173,Smyth County,VA,ChIJp8qdv-MxUIgRtvxQr_mM1Dw
51175,Southampton County,VA,ChIJ2b-DMnEysIkR5lganeGiYGw
51177,Spotsylvania County,VA,ChIJe-TZuru5tokRuSLsz7C7Dbc
51179,Stafford County,VA,ChIJUVC2ZHTvtokRLqph6kOLUzA
51181,Surry County,VA,ChIJO64sW1ZdsIkRvNmWQRIRagU
51183,Sussex County,VA,ChIJ96huI4rOsYkRahXDRhSC7KE
51185,Tazewell County,VA,ChIJPxtwgpbTT4gRUSg9WGXtJuc
51187,Warren County,VA,ChIJk7pLNp_atYkRBetwmHZzIps
51191,Washington County,VA,ChIJ41VP-wc-UIgR7ob_ZYtoSwU
51193,Westmoreland County,VA,ChIJI99t_xlHt4kRiSixPhYEMZM
51195,Wise County,VA,ChIJp8OOmtyzWogRWRYFqvCdAKc
51197,Wythe County,VA,ChIJk1KnxwjkUYgRhK6zr0b4NJs
51199,York County,VA,ChIJ6xW3k3OBsIkR4FjymwoFqX8
51510,Alexandria city,VA,ChIJ8aukkz5NtokRLAHB24Ym9dc
51520,Bristol city,VA,ChIJbda4S0Z0UIgR8dvXSHnGl_0
51530,Buena Vista city,VA,ChIJWXVXLT4zs4kRl4qbBMpcMmg
51540,Charlottesville city,VA,ChIJj6RQ6i2Gs4kR_HSLw5bwhpA
51550,Chesapeake city,VA,ChIJmW0vgHqluokReQtxkBcbe0w
51570,Colonial Heights city,VA,ChIJ6aeCQUwIsYkRq3DhonRjUqA
51580,Covington city,VA,ChIJH0rHsmL2TIgR86ep8rzTim0
51590,Danville city,VA,ChIJr6_NF_ixUogRCGV4G_-me_g
51595,Emporia city,VA,ChIJVZD4VRbesYkR07ECXNoFp6c
51600,Fairfax city,VA,ChIJzZFLOZZOtokRQIZEhecmIwc
51610,Falls Church city,VA,ChIJrWNGem5LtokRWZc9l4hmU24
51620,Franklin city,VA,ChIJCR5aYw0ksIkRnVVePbBy5Io
51630,Fredericksburg city,VA,ChIJJeDquuvBtokRoZGmIQpFpn8
51640,Galax city,VA,ChIJdcErcJrzUYgRcq0nO5GjMEk
51650,Hampton city,VA,ChIJ7ZVLmwGFuokRXXOEtSJCVkw
51660,Harrisonburg city,VA,ChIJVXEHP8OStIkRX3u92rllTgg
51670,Hopewell city,VA,ChIJAVOfyeKpsYkRl_bijXecAAY
51678,Lexington city,VA,ChIJ5aWwV9DITIgRYACD4tSBGOg
51680,Lynchburg city,VA,ChIJAQQykHjZsokRYeIgyF7ztsM
51683,Manassas city,VA,ChIJi9Zl1IBbtokRUuf7tl6bUoM
51685,Manassas Park city,VA,ChIJubEj6XNbtokRHIdv7zwLvKc
51690,Martinsville city,VA,ChIJrUCNPGOQUogRWT15sVZBdTU
51700,Newport News city,VA,ChIJ2VZNcIJ7sIkRG8vIA-xVfuw
51710,Norfolk city,VA,ChIJRcoiUzqXuokRCh56zn8Qmas
51720,Norton city,VA,ChIJW4FzLF_JWogRSIFQvETEeA8
51730,Petersburg city,VA,ChIJb2qvIJqksYkRdmxQCxsJZcM
51735,Poquoson city,VA,ChIJ-xlqssCGuokR2XrbaY0_znw
51740,Portsmouth city,VA,ChIJhzeTSraYuokRrfxUY0SqgvU
51750,Radford city,VA,ChIJq2zJMQbyTYgR35NcaxC4M24
51760,Richmond city,VA,ChIJ7cmZVwkRsYkRxTxC4m0-2L8
51770,Roanoke city,VA,ChIJ_Wapak0MTYgRm5iw28u-nSQ
51775,Salem city,VA,ChIJV4DQVTQKTYgRAQsEhbWuRVo
51790,Staunton city,VA,ChIJlxZiuI6gtIkRbrYJCnHk1uU
51800,Suffolk city,VA,ChIJTx1a_QwPsIkRzVASAEShGXc
51810,Virginia Beach city,VA,ChIJpycV_OjBuokRcwEuo4AQFgQ
51820,Waynesboro city,VA,ChIJhVS1cKFjs4kR4Ksq8CkiMkU
51830,Williamsburg city,VA,ChIJG6qVRAqJsIkRqg4WXhcwS8E
51840,Winchester city,VA,ChIJwUpnQPfutYkRhIEWnA8KtZE
53001,Adams County,WA,ChIJU2TY1XzZnlQRy3b3en9WOZs
53003,Asotin County,WA,ChIJRddjkLy7oVQRIQgEP1rFazo
53005,Benton County,WA,ChIJoxv2QR74mFQRx_jdqfiOWrQ
53007,Chelan County,WA,ChIJVZv5TUp_m1QRmJDpy3364Ys
53009,Clallam County,WA,ChIJO1kU2NpGjlQRLyWgZPK76R4
53011,Clark County,WA,ChIJuW5y4XbKlVQR7A8AxglSPVI
53013,Columbia County,WA,ChIJTYCbzZz3oVQRVZ8AFG2HS34
53015,Cowlitz County,WA,ChIJsQIvJ_sVlFQRaJ2a9Wr4XZI
53017,Douglas County,WA,ChIJ_Q32EIaXm1QRh494YwBK8vg
53019,Ferry County,WA,ChIJpaZVVwmNnVQRRuxQ9BWmXtY
53021,Franklin County,WA,ChIJJwE4FxWSmFQRlRRktoEdi_8
53023,Garfield County,WA,ChIJuWP5zgjkoVQR1FdTHMzmA8E
53025,Grant County,WA,ChIJi1vU1x0mnFQRiNtefarbciU
53027,Grays Harbor County,WA,ChIJ4yyGe8jBkVQRmSEfn_l33no
53029,Island County,WA,ChIJha99Tj7xj1QR04s91QBmlb8
53031,Jefferson County,WA,ChIJf6m50wc5jlQR4GaY1qTrc34
53033,King County,WA,ChIJN3gtg4xckFQRPuBki2urgOI
53035,Kitsap County,WA,ChIJqxmXVwVPkFQR5WzfhmiXYfM
53037,Kittitas County,WA,ChIJmTaEPtGJmVQRXy6tJjHXje0
53039,Klickitat County,WA,ChIJhcn3PE8tllQR9DCKg0VUuKE
53041,Lewis County,WA,ChIJ77RIbWo7kVQRydq-d9kYmBg
53043,Lincoln County,WA,ChIJ1bH-mg1gnlQRvC95C0AFE2k
53045,Mason County,WA,ChIJLeiYUcTQkVQRRtZ3QfzZ8UE
53047,Okanogan County,WA,ChIJ9aTB4k_onFQR98C58DrE7kA
53049,Pacific County,WA,ChIJWc9_wKTAk1QRTwvYQ6yxyX8
53051,Pend Oreille County,WA,ChIJ2X7nrSs7YlMR1qGx_GcRMsk
53053,Pierce County,WA,ChIJKW3I8lgDkVQRH8AROLqXyg0
53055,San Juan County,WA,ChIJuaRrx-SKhVQRLBjLVBlubsw
53057,Skagit County,WA,ChIJe3Wu3oJMhVQRk_Cyes01H5I
53059,Skamania County,WA,ChIJM83bk070llQReFYW9S2o4b8
53061,Snohomish County,WA,ChIJybF97ueemlQRqURMGYrDDmc
53063,Spokane County,WA,ChIJ0VeFKvoWnlQRJTO2Z6ANhkI
53065,Stevens County,WA,ChIJ2V4F6l94YlMRTAOVT0onXOw
53067,Thurston County,WA,ChIJr_i17gYckVQR-0KsfuYZ9t4
53069,Wahkiakum County,WA,ChIJdas_SZuGk1QRj5-UECxPD54
53071,Walla Walla County,WA,ChIJl91cbUE3olQRmmzfiOtqqi0
53073,Whatcom County,WA,ChIJi6KetAsXhVQRq7HXbC1bHz8
53075,Whitman County,WA,ChIJzQvV9h0Un1QRMIx5n7eoWNI
53077,Yakima County,WA,ChIJszwuUVf5mVQRotePKbqftGI
54001,Barbour County,WV,ChIJD2oV8cr3SogRVljZ8Wl3TN8
54003,Berkeley County,WV,ChIJhxGDcXMEyokRXwzuFXRfrp0
54005,Boone County,WV,ChIJscr3QboXT4gRpI_ZrTRlfE4
54007,Braxton County,WV,ChIJIxKRF-DbS4gRGDxVhLuz5T8
54009,Brooke County,WV,ChIJRz737cUyNIgRVVeaetpZv9A
54011,Cabell County,WV,ChIJQ-AFoqhWT4gR51zkA2IBjKc
54013,Calhoun County,WV,ChIJzZW2QI9ySYgRlmT2CF3DnSI
54015,Clay County,WV,ChIJheZXNFgVSYgRQrl8f_hFTsE
54017,Doddridge County,WV,ChIJh-jhFfAhSogRPvg5mT_ngHU
54019,Fayette County,WV,ChIJw28VitK_TogRSV1Lf5u_Br8
54021,Gilmer County,WV,ChIJn-4CrxGCSYgRhH8U0sWoWBk
54023,Grant County,WV,ChIJbWJktiBHtYkR0NbkaudTd6Y
54025,Greenbrier County,WV,ChIJZUh1y_JrTIgRLmkJUhyjqTM
54027,Hampshire County,WV,ChIJU2V5Vxl5tYkR2IbnA2h_u4s
54029,Hancock County,WV,ChIJifj7U4Y8NIgR8SIuaU7BjuY
54031,Hardy County,WV,ChIJ8_YQlkUOtYkRYzJbozflSzY
54033,Harrison County,WV,ChIJQxrh3mk_SogR9OggPjvUOfQ
54035,Jackson County,WV,ChIJB6gbM_XvSIgRRxXw907d82E
54037,Jefferson County,WV,ChIJ0fpRcTUHyokRgdS_3GXAWhE
54039,Kanawha County,WV,ChIJNQedGRPUSIgRZaN_DqYadAE
54041,Lewis County,WV,ChIJrZUo1B01SogRW9KZNxMO7bU
54043,Lincoln County,WV,ChIJ-TRwThFPT4gRPgz5EEXz3Ns
54045,Logan County,WV,ChIJW2GXZmIQT4gRYMoGjx0DWxQ
54047,McDowell County,WV,ChIJKdnNKDmxT4gR2c8LinSATUQ
54049,Marion County,WV,ChIJQVz_5lV4SogREhnMRxVaL_g
54051,Marshall County,WV,ChIJ7SpGAJ7mNYgRN6VGJiNzSsk
54053,Mason County,WV,ChIJrZHq7u-QSIgRWTEAN_qxbKk
54055,Mercer County,WV,ChIJ8eojd01oTogR7NJG2Dt46vo
54057,Mineral County,WV,ChIJY0UKtz1htYkR-5RSbAO-cfY
54059,Mingo County,WV,ChIJr9agLvF7T4gRUO92yIPIWr4
54061,Monongalia County,WV,ChIJxXmGM5x-SogROlWf-xrAh4c
54063,Monroe County,WV,ChIJMxFOP4HLTYgRxhVbtB4lGjk
54065,Morgan County,WV,ChIJA4R8PYkNyokRSH7WDU7trC8
54067,Nicholas County,WV,ChIJXxNyFjRWSYgRWmUWrX4N_5k
54069,Ohio County,WV,ChIJr2VvQTTFNYgRkNAdHk80bV4
54071,Pendleton County,WV,ChIJJRzVT40US4gRc7Pt_gB1bLM
54073,Pleasants County,WV,ChIJ1zP1d93BSYgRfnC8PaHyMek
54075,Pocahontas County,WV,ChIJbUD86b5wS4gRH-bw5k6Tteo
54077,Preston County,WV,ChIJs6-7lb2hSogRV66gPet-6L0
54079,Putnam County,WV,ChIJOZkJO8m5SIgRjIdqd4J_a0I
54081,Raleigh County,WV,ChIJqUnEgmXxTogRTghhPhJHKis
54083,Randolph County,WV,ChIJ5UsQTpQSS4gREt3gLtv6LQY
54085,Ritchie County,WV,ChIJ9TSoWCiQSYgRY2bsoh1MZAg
54087,Roane County,WV,ChIJ1-WHBagXSYgR4v2fZvhiwZw
54089,Summers County,WV,ChIJj8mrKmCCTogRYV-kmEBS9rc
54091,Taylor County,WV,ChIJNwrghrGOSogRM15NlEZb3MU
54093,Tucker County,WV,ChIJo3QxpgPGSogRbai4uB2m3-U
54095,Tyler County,WV,ChIJH3PDOD70SYgRJ9hl9v8aeCY
54097,Upshur County,WV,ChIJ_0zPZbCsS4gRvlwinF9f1RY
54099,Wayne County,WV,ChIJvVdLqLntRYgRgb_KWxMW8Rs
54101,Webster County,WV,ChIJUfSEOcuUS4gRUkHY8wylhXw
54103,Wetzel County,WV,ChIJF1ZcEgEQSogRg3NnCjhz7mo
54105,Wirt County,WV,ChIJ933N08-oSYgRwjkGxfeaNj0
54107,Wood County,WV,ChIJmyGWmse0SYgRb8snEE-JG4s
54109,Wyoming County,WV,ChIJpTNtj3IAT4gRyulj-38zA6A
55001,Adams County,WI,ChIJOdxmPPS5AIgRNz1Z3EB8swM
55003,Ashland County,WI,ChIJJYH-W-4YqlIRGrjf5FEx8GI
55005,Barron County,WI,ChIJLWAq8FoFrVIR29KfCeKNR24
55007,Bayfield County,WI,ChIJ6xs0XCcYqlIRJLkHI5nuGHk
55009,Brown County,WI,ChIJf5XZ66b8AogRdMAJBkKAD58
55011,Buffalo County,WI,ChIJ4ciy5J7_-IcRr4SSGCVqS6A
55013,Burnett County,WI,ChIJ91sPiCkGrVIReYyIO4D_KFs
55015,Calumet County,WI,ChIJK3ujr_2hA4gRbWJTn4DLCPI
55017,Chippewa County,WI,ChIJg3djeESsrFIRuj8l7xH2SFs
55019,Clark County,WI,ChIJ0TCsCnsV_4cRd0ZoiHpjJ3o
55021,Columbia County,WI,ChIJzbSmkSfgBogRLZlkeYuL5-U
55023,Crawford County,WI,ChIJc2vVo_dg_IcR3gbYdxbjKdo
55025,Dane County,WI,ChIJR0uBFlj2BogRz09LOU-1Vyw
55027,Dodge County,WI,ChIJxywcXe48BIgRvcGoweVZQ94
55029,Door County,WI,ChIJ02GslY19HYgRHC2DTN_P07Q
55031,Douglas County,WI,ChIJH4sTsTq3rVIRugzR5D7LJyA
55033,Dunn County,WI,ChIJhwecyMt_-IcRxVCyn4w3jIE
55035,Eau Claire County,WI,ChIJFcq35_Lq-IcRPXs53bbrkq8
55037,Florence County,WI,ChIJNUi8eCGDU00RUAl2EI2vfrQ
55039,Fond du Lac County,WI,ChIJPSlaaif2A4gR-qr3Psuxryo
55041,Forest County,WI,ChIJw8z5r4uAU00RV28BXNfgI6w
55043,Grant County,WI,ChIJHV4I3-Hj_IcRmCe184nsAlQ
55045,Green County,WI,ChIJKaQKiATQB4gR7FbmAcK8lCU
55047,Green Lake County,WI,ChIJuY-WS2FQAYgR4BW9VRymxQ4
55049,Iowa County,WI,ChIJv1SsUZFi_YcRpUHezaeB5fA
55051,Iron County,WI,ChIJFdmPEaaSqVIRhrKlNpNThYM
55053,Jackson County,WI,ChIJ0bI8cODc_ocRoAsnSLCiboA
55055,Jefferson County,WI,ChIJLYVrTBfWBYgRj4c5LbTXXvE
55057,Juneau County,WI,ChIJ7ZtnXi8N_ocR2ws7cLUDnYI
55059,Kenosha County,WI,ChIJ2Si-7u9QBYgRFx8FDcBlxJA
55061,Kewaunee County,WI,ChIJe7KPfHI8HYgReTgg4Tdi3vc
55063,La Crosse County,WI,ChIJc94o7oKs_ocRPVvBJQ0YAXo
55065,Lafayette County,WI,ChIJWwHUUVBX_YcRxWT0zRrUbGs
55067,Langlade County,WI,ChIJ_bQO3li-VE0R8XF-n_yK0Hc
55069,Lincoln County,WI,ChIJIS3z6J0SVU0RRwKVK_2rcb4
55071,Manitowoc County,WI,ChIJ4ZF3i0fPHIgRCaIHeDUBIRU
55073,Marathon County,WI,ChIJuXyHym0bAIgRMFDoqjQlH64
55075,Marinette County,WI,ChIJs2iNNYjCUk0R93BieWqSDEk
55077,Marquette County,WI,ChIJdUvIWlwqAYgR6rIUQ8mV9tU
55078,Menominee County,WI,ChIJhUmIcqIAAogRaHC6x0ulXP4
55079,Milwaukee County,WI,ChIJn_qhzUnMGogRPqGaYXA4zLA
55081,Monroe County,WI,ChIJ_cl7cBWH_ocRxvRNLaj43EU
55083,Oconto County,WI,ChIJHTKIQDQLAogRlmhRorijA08
55085,Oneida County,WI,ChIJHVp4ie-uVU0RkL5_7Ew2G10
55087,Outagamie County,WI,ChIJZz_SUMIvAogRSB8xj4kZVUM
55089,Ozaukee County,WI,ChIJIYtNGWHfBIgR1aR4vPyeg2U
55091,Pepin County,WI,ChIJfVMgitFa-IcR9bC2EPaJ8Xg
55093,Pierce County,WI,ChIJr6079t4e-IcRkKiETUG8pak
55095,Polk County,WI,ChIJL4IB9s5zrVIRxjk0x2dbwQ4
55097,Portage County,WI,ChIJEWUPFM2yAYgRYk42er_nc0k
55099,Price County,WI,ChIJue8_0VTKq1IR7Noo50TSr04
55101,Racine County,WI,ChIJbyFVYvFDBYgRT8H0zfLmWcU
55103,Richland County,WI,ChIJSzwzcQC6_YcRRrlzIXMdtuk
55105,Rock County,WI,ChIJ3Vi2pWg8BogR74AavM4nZQM
55107,Rusk County,WI,ChIJgVP2lJx6q1IRy_yv0R-j4Js
55109,St. Croix County,WI,ChIJh3E0VfwFrVIRFI71wNWSjAo
55111,Sauk County,WI,ChIJEYLSbmE2B4gRQ1tiVX2mB-I
55113,Sawyer County,WI,ChIJc1DvtlXzq1IRSWSU1qjeZKE
55115,Shawano County,WI,ChIJ_WPnaD71AYgRySeagRoUn_4
55117,Sheboygan County,WI,ChIJNdfSPzKlBIgRHR3zIpPEIag
55119,Taylor County,WI,ChIJYb6NxA62q1IR3M77UWrW4S4
55121,Trempealeau County,WI,ChIJQxIsrwkv-YcRnCE0Y6gzJoc
55123,Vernon County,WI,ChIJj6q0LfQ5_IcR5873nD4PE6o
55125,Vilas County,WI,ChIJkR3dfBu0VU0RAYaT5DAKZoY
55127,Walworth County,WI,ChIJTVPf6cfsBYgRIRTiButodm8
55129,Washburn County,WI,ChIJR0nASmgurFIR4u2pvf-TeTw
55131,Washington County,WI,ChIJn6atQBr4BIgRWBJrJVzjgwU
55133,Waukesha County,WI,ChIJFyw_Xj6yBYgRDv3otU1ve2A
55135,Waupaca County,WI,ChIJwQUb5UR0AYgRA7wy_0Tvjzk
55137,Waushara County,WI,ChIJrSh8yKMYAYgRZKLQNbZM5_Y
55139,Winnebago County,WI,ChIJh5LbcRnCA4gR3RL3bH7nZhU
55141,Wood County,WI,ChIJZWq1w7bT_4cROeAZleX2pbw
56001,Albany County,WY,ChIJL-rrqEHEZ4cRiCWcRkYx53I
56003,Big Horn County,WY,ChIJyUUizsTaN1MR2l6biB3qcdQ
56005,Campbell County,WY,ChIJgS4hQkiwNFMRwniR73mFsag
56007,Carbon County,WY,ChIJ4cpyvJ18XYcR41-7y64QqXo
56009,Converse County,WY,ChIJb1LisqhrYYcRJ2MxDFKlmA4
56011,Crook County,WY,ChIJA2cJyBYqM1MRGKvAVO0Urbg
56013,Fremont County,WY,ChIJi4n36ATaTFMRt9b4fS6JyIA
56015,Goshen County,WY,ChIJqchRnRayZYcRD9LuBYDoViA
56017,Hot Springs County,WY,ChIJy_6r4J-9TFMRZ5TmEfkrQp4
56019,Johnson County,WY,ChIJF44iWSeWSlMR2-5vHc7PYnY
56021,Laramie County,WY,ChIJo4qjvDwfb4cRK9sJJHFmsQU
56023,Lincoln County,WY,ChIJxyj6NfsWV4cRiM3SmxqvLZg
56025,Natrona County,WY,ChIJ6ZENbZKQYIcR1BVum_c3z9s
56027,Niobrara County,WY,ChIJU2Z7QKeaY4cR0e7UZeDrIbs
56029,Park County,WY,ChIJHazPIJZeRVMREOKSf3g0edY
56031,Platte County,WY,ChIJOSq_r9fXZYcROriCFM_N0S4
56033,Sheridan County,WY,ChIJvzJgFeONNVMRdBzqIEJBwJ0
56035,Sublette County,WY,ChIJjXutE5u9V4cRjNUtUPgMhns
56037,Sweetwater County,WY,ChIJEVZf4rRTWocRoqATF0f_rnA
56039,Teton County,WY,ChIJV3wGpVVrUlMR3m18oGf5rvk
56041,Uinta County,WY,ChIJR4w4T5CnUYcRvTPRgMmXumM
56043,Washakie County,WY,ChIJIXR5_L9BS1MRLvs8KUxeZC8
56045,Weston County,WY,ChIJd4Rqhed3YocR7ubT5-HgoJg
